// GENERATED by tools/make_button_atlas.py - do not edit by hand; edit the
// script and re-run it. See the script for how the art is made and why.
//
// The footer's controller button icons, as one 256x128 RGBA PNG compiled into
// the XEX. Each sprite records its cell in the atlas and, inside that cell,
// the box the button itself occupies - the rest is drop-shadow margin. Lay
// out by the box; draw the whole cell.

#ifndef BUTTON_ATLAS_H
#define BUTTON_ATLAS_H

#define BUTTON_ATLAS_WIDTH   256
#define BUTTON_ATLAS_HEIGHT  128
#define BUTTON_ATLAS_FACE_D  52  // a face button's diameter in atlas pixels; the unit every sprite scales by

struct ButtonSprite
{
    int cellX, cellY, cellW, cellH;   // in the atlas
    int boxX, boxY, boxW, boxH;       // the button itself, relative to the cell
};

enum ButtonSpriteId
{
    BUTTON_SPRITE_A,
    BUTTON_SPRITE_B,
    BUTTON_SPRITE_X,
    BUTTON_SPRITE_Y,
    BUTTON_SPRITE_LBRB,
    BUTTON_SPRITE_COUNT
};

static const ButtonSprite kButtonSprites[BUTTON_SPRITE_COUNT] =
{
    {   0,   0,  64,  64,   6,  6,  52, 52 },   // A
    {  64,   0,  64,  64,   6,  6,  52, 52 },   // B
    { 128,   0,  64,  64,   6,  6,  52, 52 },   // X
    { 192,   0,  64,  64,   6,  6,  52, 52 },   // Y
    {   0,  64, 150,  64,  11, 11, 128, 42 },   // LBRB
};

static const unsigned long kButtonAtlasPngSize = 21310;
static const unsigned char kButtonAtlasPng[21310] =
{
    0x89, 0x50, 0x4E, 0x47, 0x0D, 0x0A, 0x1A, 0x0A, 0x00, 0x00, 0x00, 0x0D, 0x49, 0x48, 0x44, 0x52,
    0x00, 0x00, 0x01, 0x00, 0x00, 0x00, 0x00, 0x80, 0x08, 0x06, 0x00, 0x00, 0x00, 0xE4, 0xB5, 0xB7,
    0x0A, 0x00, 0x00, 0x53, 0x05, 0x49, 0x44, 0x41, 0x54, 0x78, 0xDA, 0xED, 0xBD, 0x79, 0x90, 0x1D,
    0xC7, 0x79, 0x27, 0xF8, 0xCB, 0xAC, 0xAA, 0x77, 0xF7, 0x7B, 0xDD, 0xFD, 0xBA, 0xD1, 0x07, 0xBA,
    0x01, 0x10, 0xF7, 0x45, 0x1C, 0x04, 0x08, 0x91, 0x04, 0xC5, 0x43, 0x3C, 0x2C, 0x91, 0xA6, 0x64,
    0x93, 0x92, 0x75, 0x79, 0x14, 0x33, 0xF6, 0x78, 0xC6, 0xF6, 0xC6, 0xC6, 0xDA, 0xDE, 0xF1, 0xDA,
    0x11, 0x13, 0x1B, 0xFB, 0xE7, 0x7A, 0xD7, 0xC7, 0xCC, 0x78, 0x2D, 0x59, 0x0E, 0x85, 0x63, 0x57,
    0x13, 0xDA, 0xF5, 0xD8, 0xB2, 0xB4, 0xF6, 0xCA, 0x3A, 0x29, 0x51, 0xA4, 0xC4, 0x13, 0x24, 0x40,
    0xE1, 0xBE, 0x1B, 0xE8, 0xFB, 0x3E, 0xDE, 0x59, 0xAF, 0x8E, 0xCC, 0xDC, 0x3F, 0x2A, 0xAB, 0x2A,
    0xEB, 0xBD, 0xD7, 0x0D, 0x34, 0xD0, 0x20, 0x29, 0xE1, 0x25, 0x22, 0x51, 0xEF, 0xEA, 0xAA, 0xFA,
    0xBE, 0xFA, 0xEE, 0xFC, 0xBE, 0x2F, 0x81, 0xD6, 0x68, 0x8D, 0xD6, 0x68, 0x8D, 0xD6, 0x68, 0x8D,
    0xD6, 0x68, 0x8D, 0xD6, 0x68, 0x8D, 0xD6, 0xB8, 0x8B, 0x06, 0x79, 0x1F, 0xAF, 0x59, 0x7F, 0x6D,
    0x51, 0x77, 0xFC, 0x45, 0xC7, 0x79, 0x0B, 0xFE, 0x16, 0xFC, 0xEF, 0x3B, 0xFC, 0xE4, 0x3D, 0x38,
    0x3F, 0x01, 0x40, 0x01, 0x68, 0xF2, 0xA8, 0x4E, 0x75, 0xF0, 0xBA, 0xC9, 0xE4, 0x51, 0xFC, 0x1C,
    0x13, 0x45, 0x0B, 0xFE, 0x16, 0xFC, 0x1F, 0x68, 0xF8, 0xC9, 0x1D, 0x04, 0x5A, 0x97, 0xD3, 0x00,
    0x10, 0x93, 0x47, 0xFF, 0x33, 0x6D, 0x19, 0x04, 0x30, 0x00, 0xAE, 0x9C, 0x0E, 0x00, 0x5B, 0x1E,
    0xFD, 0xCF, 0x7E, 0x1E, 0x88, 0xA1, 0x05, 0x7F, 0x0B, 0xFE, 0x9F, 0x1B, 0xF8, 0xC9, 0x1A, 0x9F,
    0x4B, 0x93, 0x80, 0xC6, 0xE5, 0x4C, 0x00, 0x48, 0x6C, 0xDC, 0x1B, 0xDB, 0x95, 0xE9, 0x22, 0x47,
    0x62, 0x71, 0x6C, 0xA3, 0x3A, 0xD9, 0x4A, 0x29, 0x7A, 0x08, 0x25, 0x79, 0x42, 0x10, 0x03, 0x00,
    0x21, 0x60, 0x0B, 0x2E, 0xE6, 0x39, 0xC7, 0x34, 0x77, 0xC5, 0x15, 0xDB, 0xC2, 0xE5, 0xF2, 0x9C,
    0x38, 0x36, 0x7C, 0xC6, 0x3E, 0x0F, 0xA0, 0x26, 0xA7, 0x25, 0xA7, 0x23, 0x11, 0x25, 0x3E, 0x80,
    0x0F, 0xBE, 0x29, 0xFC, 0xFB, 0x93, 0xB1, 0x5D, 0x3D, 0xD4, 0x38, 0x12, 0xA7, 0xD8, 0x66, 0x10,
    0xBA, 0x95, 0x02, 0x3D, 0x94, 0x90, 0x3C, 0x81, 0x84, 0x1F, 0xB0, 0xB9, 0x10, 0xF3, 0x1C, 0x98,
    0x76, 0x04, 0xBF, 0x62, 0x71, 0x5C, 0x9E, 0xE6, 0xCE, 0xB1, 0x93, 0xE6, 0x2F, 0x06, 0xFC, 0xB1,
    0x81, 0x43, 0xBB, 0xB4, 0x74, 0xF7, 0x11, 0x62, 0x24, 0xB6, 0x11, 0x6A, 0x6C, 0x25, 0x94, 0xF6,
    0x80, 0xD2, 0x3C, 0x40, 0x62, 0xD2, 0xEA, 0xB5, 0xC1, 0xF9, 0xBC, 0xE0, 0x7C, 0x5A, 0x70, 0xE7,
    0x8A, 0x70, 0x6A, 0x97, 0x59, 0x65, 0xF6, 0x98, 0x3D, 0x76, 0xFC, 0x17, 0x02, 0xFE, 0x23, 0x7B,
    0xB5, 0x5D, 0x7D, 0x5D, 0xF4, 0x48, 0x22, 0x4E, 0xB7, 0xC5, 0x75, 0x6C, 0xD5, 0x28, 0x7A, 0x68,
    0x1D, 0xFD, 0x73, 0x2E, 0xE6, 0x19, 0xC7, 0xB4, 0xE5, 0xE2, 0x4A, 0xCD, 0xE2, 0x97, 0x27, 0xE7,
    0xF8, 0xB1, 0x63, 0x67, 0xD8, 0x1D, 0x87, 0x9F, 0xAC, 0x21, 0xE0, 0x31, 0x09, 0x70, 0x0A, 0x40,
    0x6A, 0xE3, 0x3E, 0xE3, 0xBE, 0xF6, 0x1E, 0xFA, 0x5C, 0x2C, 0x41, 0x9E, 0xA4, 0x1A, 0x59, 0x77,
    0x2B, 0x27, 0xE6, 0x4C, 0xCC, 0xD8, 0x35, 0xF1, 0xC3, 0xA5, 0x69, 0xFE, 0xAD, 0xE1, 0x53, 0xCE,
    0x09, 0x00, 0x55, 0x39, 0x6B, 0x52, 0x3A, 0x7E, 0x10, 0x08, 0xA1, 0x29, 0xFC, 0x87, 0x13, 0x89,
    0xFB, 0x7A, 0x0C, 0xFD, 0xB9, 0x14, 0xA1, 0x4F, 0x52, 0x82, 0x5B, 0x83, 0x5F, 0x60, 0xA6, 0x2A,
    0xF8, 0x0F, 0xA7, 0x1D, 0xF7, 0x5B, 0xEF, 0xD4, 0x6A, 0x3F, 0x57, 0xF0, 0x27, 0x06, 0x0E, 0xDF,
    0x47, 0x73, 0xFD, 0xCF, 0xD1, 0x58, 0xF2, 0x49, 0x10, 0xED, 0x96, 0xE0, 0x87, 0x60, 0x33, 0xDC,
    0x36, 0x7F, 0xC8, 0x0B, 0x13, 0xDF, 0xAA, 0x8D, 0xBD, 0xF3, 0x73, 0x05, 0xFF, 0x83, 0xFB, 0x8C,
    0xFB, 0x06, 0x7B, 0xE8, 0x73, 0xE9, 0x04, 0x9E, 0xD4, 0x6E, 0x91, 0xFE, 0x19, 0x13, 0x33, 0x95,
    0x1A, 0x7E, 0x38, 0x3A, 0xCD, 0xBF, 0xF5, 0xC6, 0x1D, 0xA2, 0xFF, 0xDB, 0x15, 0x00, 0x54, 0x02,
    0x9E, 0x04, 0x90, 0x06, 0xD0, 0xB6, 0xFD, 0x81, 0xD8, 0x47, 0xB3, 0x5D, 0xF4, 0xB7, 0x34, 0x9D,
    0xEC, 0x52, 0x7F, 0x98, 0x6B, 0xCF, 0xA1, 0xB7, 0xA7, 0x17, 0x3D, 0xDD, 0xBD, 0x68, 0x6F, 0xCF,
    0x23, 0x93, 0xCE, 0x80, 0x52, 0xDD, 0x23, 0x74, 0xEE, 0xA2, 0x5C, 0x29, 0x63, 0x69, 0x69, 0x1E,
    0xD3, 0xB3, 0x53, 0x98, 0x9A, 0x9E, 0x42, 0x61, 0xA9, 0x10, 0x45, 0x86, 0x2B, 0xCE, 0x17, 0xE7,
    0xF8, 0x57, 0x2E, 0xBD, 0x69, 0x7F, 0x0F, 0x40, 0x09, 0x40, 0x05, 0x80, 0x29, 0x11, 0xC1, 0xDF,
    0xA7, 0x87, 0xDF, 0x00, 0xFF, 0xC3, 0xE9, 0xF4, 0x47, 0xD7, 0x69, 0xF4, 0xB7, 0x0C, 0x12, 0x85,
    0xBF, 0x3D, 0x97, 0x43, 0x4F, 0x6F, 0x1F, 0xBA, 0x7B, 0x7B, 0x90, 0xEB, 0xEC, 0x44, 0x26, 0xD3,
    0x06, 0xA2, 0x6B, 0x1E, 0x9D, 0xBB, 0x0C, 0xE5, 0x72, 0x09, 0x85, 0x85, 0x05, 0xCC, 0x4E, 0x4D,
    0x63, 0x7A, 0x6A, 0x12, 0x4B, 0x85, 0x28, 0xFC, 0x8E, 0x10, 0xE7, 0x67, 0x18, 0xFF, 0xCA, 0xAB,
    0x95, 0xCA, 0x07, 0x1A, 0xFE, 0xE4, 0xD6, 0x47, 0x3F, 0x4A, 0xD3, 0xEB, 0x7E, 0x8B, 0x68, 0x46,
    0xF4, 0xF9, 0xE7, 0xDA, 0xD1, 0xDB, 0xDB, 0x83, 0xDE, 0x75, 0xDD, 0xE8, 0xEC, 0xC8, 0xA1, 0x2D,
    0x93, 0x81, 0x46, 0x3D, 0xF2, 0x63, 0x5C, 0xA0, 0x54, 0x2E, 0x63, 0x61, 0xB1, 0x80, 0xA9, 0x99,
    0x59, 0x4C, 0x4D, 0x4D, 0xA3, 0x50, 0x58, 0xAA, 0x93, 0x05, 0xCE, 0x79, 0x5E, 0x99, 0xF9, 0x8A,
    0x79, 0xE5, 0x95, 0x0F, 0x34, 0xFC, 0x4F, 0x3D, 0x10, 0xFB, 0x68, 0x7F, 0x17, 0xF9, 0x2D, 0xA3,
    0x8E, 0xFE, 0xDB, 0xDB, 0xB3, 0xE8, 0xE9, 0xE9, 0x43, 0x57, 0x77, 0x2F, 0xDA, 0xDB, 0x3B, 0x91,
    0x4E, 0xB7, 0x81, 0x50, 0xF9, 0xFC, 0x39, 0x43, 0xA5, 0x52, 0xC2, 0xD2, 0xD2, 0x02, 0xE6, 0x66,
    0xA7, 0x30, 0x3D, 0x3D, 0x89, 0xA5, 0xA5, 0x62, 0xF4, 0xF9, 0xBB, 0xE2, 0xFC, 0xC4, 0x9C, 0xF8,
    0xCA, 0x8B, 0x6B, 0x4C, 0xFF, 0xB7, 0x23, 0x00, 0x74, 0x29, 0xF1, 0x32, 0x00, 0xB2, 0x9B, 0x0E,
    0x18, 0x0F, 0x74, 0x0D, 0x68, 0x7F, 0xAC, 0x32, 0xFE, 0x40, 0xFF, 0x06, 0xEC, 0xDB, 0x7B, 0x08,
    0x7B, 0x76, 0xED, 0xC7, 0xBA, 0xAE, 0x3E, 0xE8, 0x9A, 0x01, 0x10, 0xB2, 0xEC, 0x45, 0x85, 0xB4,
    0x87, 0x5C, 0xE6, 0x60, 0x66, 0x6E, 0x12, 0x67, 0xCF, 0x9F, 0xC4, 0xA9, 0x33, 0xC7, 0x31, 0x36,
    0x31, 0x12, 0x11, 0x04, 0x73, 0x63, 0xEC, 0x4F, 0xAE, 0xFF, 0xCC, 0x79, 0x13, 0x40, 0x11, 0x40,
    0x59, 0x4A, 0x44, 0xF7, 0x3D, 0x7E, 0xF8, 0x11, 0xF8, 0x0F, 0x25, 0x12, 0x0F, 0x6C, 0x8C, 0x19,
    0x7F, 0xAC, 0x32, 0x7E, 0xFF, 0x86, 0x0D, 0xD8, 0x73, 0xE8, 0x10, 0x76, 0xDE, 0xBB, 0x0F, 0xF9,
    0xBE, 0x5E, 0x68, 0x46, 0x0C, 0x84, 0x78, 0x68, 0x6F, 0x1E, 0x02, 0x16, 0x10, 0x02, 0x60, 0x8E,
    0x8D, 0xF9, 0xC9, 0x29, 0x5C, 0x38, 0x7D, 0x0A, 0x67, 0x8F, 0x1F, 0xC7, 0xC4, 0xC8, 0x48, 0x44,
    0x10, 0x0C, 0xDB, 0xCE, 0x9F, 0x1C, 0xAF, 0xD5, 0x3E, 0x50, 0xF0, 0x27, 0x06, 0x8F, 0x3C, 0xA0,
    0x75, 0x6E, 0xFC, 0x63, 0x95, 0xF1, 0x37, 0x0C, 0xF4, 0xE3, 0xD0, 0xFE, 0x3D, 0xD8, 0xB7, 0x67,
    0x07, 0xFA, 0xD6, 0x75, 0xC1, 0xD0, 0x29, 0x08, 0x21, 0x2B, 0x90, 0x9D, 0x80, 0x10, 0x02, 0x8E,
    0xCB, 0x31, 0x39, 0x33, 0x87, 0x53, 0x67, 0x2F, 0xE2, 0xF8, 0xC9, 0xB3, 0x18, 0x19, 0x9B, 0x88,
    0x08, 0x02, 0xB6, 0x30, 0xFC, 0x27, 0xB5, 0xD1, 0x63, 0x1F, 0x28, 0xF8, 0x8F, 0x1E, 0x30, 0x1E,
    0xD8, 0x3A, 0x40, 0xFF, 0x58, 0x65, 0xFC, 0xFE, 0xFE, 0x0D, 0xD8, 0xBD, 0xF7, 0x10, 0xB6, 0xEF,
    0xDA, 0x87, 0xCE, 0xAE, 0x7E, 0x68, 0x9A, 0x21, 0xE1, 0x5F, 0x61, 0x09, 0x40, 0x08, 0x30, 0xE6,
    0x60, 0x61, 0x6E, 0x02, 0x97, 0xCE, 0x9F, 0xC2, 0xB9, 0x33, 0xC7, 0x31, 0xA1, 0xD0, 0xBF, 0xE3,
    0x8A, 0xF3, 0x57, 0xC6, 0xF8, 0x9F, 0xBC, 0xB6, 0x46, 0xF4, 0x4F, 0x6E, 0xF1, 0x6F, 0x0C, 0x69,
    0xEA, 0x64, 0xDB, 0x3A, 0xD1, 0xBF, 0xE5, 0x50, 0xFC, 0x0F, 0xE2, 0x69, 0xFA, 0x29, 0xFF, 0x07,
    0x07, 0xF7, 0x1D, 0xC1, 0x23, 0x47, 0x9F, 0xC2, 0x60, 0xFF, 0x26, 0x10, 0x4A, 0x40, 0x08, 0x42,
    0xC0, 0x49, 0x93, 0xAB, 0x2B, 0x46, 0x8C, 0x10, 0x21, 0x22, 0x84, 0x00, 0x04, 0x17, 0x18, 0x9D,
    0xB8, 0x8E, 0x9F, 0xBC, 0xF6, 0x22, 0xDE, 0x3D, 0x75, 0x2C, 0xF8, 0x9D, 0x55, 0xE1, 0x5F, 0xBF,
    0x7A, 0xDC, 0xFA, 0x8B, 0xD2, 0x02, 0x26, 0x24, 0x22, 0xAA, 0xD2, 0x3F, 0x12, 0xEF, 0x81, 0xC9,
    0x17, 0xC0, 0xDF, 0xA9, 0xEB, 0xFD, 0x0F, 0x26, 0x13, 0x7F, 0x90, 0xA1, 0x21, 0xFC, 0xF7, 0xDE,
    0x7F, 0x3F, 0x1E, 0x7A, 0xF2, 0x29, 0xF4, 0x6F, 0xDA, 0x08, 0x4A, 0x88, 0xC7, 0xEE, 0xC4, 0x8F,
    0x0E, 0x91, 0x15, 0x17, 0x81, 0x04, 0x84, 0x14, 0x84, 0xDE, 0x6B, 0x2E, 0x04, 0x26, 0xAE, 0x0F,
    0xE3, 0xF5, 0x1F, 0xBE, 0x88, 0xD3, 0x6F, 0xBF, 0x1D, 0xFC, 0xBC, 0xCC, 0xF9, 0xD7, 0xDF, 0x30,
    0x6B, 0x7F, 0xB1, 0xE0, 0xBA, 0xEF, 0x2B, 0xFC, 0x7A, 0xB2, 0xB3, 0x3F, 0xB6, 0xF9, 0xE1, 0x3F,
    0xA0, 0xF1, 0x4C, 0x00, 0xFF, 0xFD, 0x07, 0xEF, 0xC5, 0x53, 0x8F, 0x3E, 0x88, 0x4D, 0x83, 0xFD,
    0x20, 0x84, 0x42, 0x12, 0x00, 0x02, 0xD2, 0x27, 0xCB, 0x20, 0x40, 0xF8, 0x18, 0x90, 0x84, 0x20,
    0x04, 0x84, 0xE0, 0xB8, 0x3E, 0x3A, 0x81, 0x17, 0x5F, 0x79, 0x03, 0x6F, 0xBF, 0x7B, 0x3A, 0x74,
    0x8F, 0xAC, 0xF2, 0xD7, 0xED, 0xA1, 0x57, 0xFF, 0xC2, 0x35, 0x17, 0xDE, 0x57, 0xF8, 0xD7, 0x75,
    0xA2, 0xFF, 0xF1, 0x43, 0xF1, 0x3F, 0x68, 0x4B, 0x93, 0x00, 0xFE, 0xBD, 0xFB, 0x8E, 0xE0, 0x81,
    0xA3, 0x4F, 0xA1, 0xAF, 0x7F, 0x13, 0x68, 0x40, 0xFF, 0x52, 0xF0, 0x13, 0x05, 0x72, 0x52, 0xFF,
    0xEC, 0x7D, 0xFA, 0x17, 0x3E, 0xF8, 0xE0, 0x5C, 0x60, 0x72, 0xE2, 0x3A, 0xDE, 0x7C, 0xED, 0x45,
    0x9C, 0x51, 0xE8, 0xBF, 0x54, 0x11, 0x5F, 0xFF, 0xF1, 0x71, 0xEB, 0x2F, 0x66, 0x6E, 0x93, 0xFE,
    0xC9, 0x2D, 0x00, 0x1F, 0x97, 0xE6, 0x4E, 0xFB, 0xFA, 0x9D, 0xDA, 0xFE, 0xFE, 0xAD, 0xB1, 0x3F,
    0xA5, 0x3A, 0x36, 0x03, 0xC0, 0xA6, 0x0D, 0x5B, 0xF0, 0x89, 0x67, 0x3F, 0x83, 0xF5, 0x7D, 0x83,
    0x11, 0xC6, 0x57, 0x11, 0x80, 0x1B, 0x20, 0x00, 0x75, 0x08, 0x50, 0x05, 0xC1, 0xF8, 0xE4, 0x28,
    0xFE, 0xF9, 0xDB, 0xFF, 0x0D, 0xD7, 0x47, 0xAE, 0x7A, 0x44, 0xE0, 0x62, 0x68, 0xE2, 0x8A, 0xFD,
    0x87, 0xE3, 0x17, 0xD8, 0x49, 0x00, 0x4B, 0xD2, 0x2C, 0xB2, 0xEE, 0x20, 0x11, 0x44, 0xE0, 0xDF,
    0x93, 0x8C, 0xED, 0xDF, 0xA9, 0xC7, 0xFF, 0x54, 0xA7, 0x64, 0x33, 0x00, 0x0C, 0x6E, 0xD9, 0x82,
    0x67, 0x7E, 0xED, 0xD3, 0xE8, 0x1B, 0x1C, 0x04, 0xF5, 0x61, 0x97, 0x4C, 0x4F, 0x02, 0xBE, 0x57,
    0x34, 0x00, 0xA9, 0xA3, 0xFD, 0x90, 0xFC, 0x3D, 0x98, 0xE5, 0x3B, 0x21, 0x04, 0xB8, 0x00, 0x26,
    0x47, 0x47, 0xF1, 0x9D, 0x7F, 0xF8, 0x7B, 0x8C, 0x5E, 0xF5, 0xE0, 0x77, 0xB9, 0x18, 0xBA, 0xE0,
    0x5A, 0x7F, 0x78, 0xD6, 0xB4, 0xDF, 0x17, 0xF8, 0x63, 0xBD, 0x7B, 0xF6, 0x1B, 0xBD, 0x7B, 0xFE,
    0x94, 0x50, 0x7D, 0x33, 0x00, 0x6C, 0xD9, 0x34, 0x88, 0x4F, 0xFF, 0xCA, 0xC7, 0x30, 0xB8, 0xBE,
    0x2F, 0x60, 0x7C, 0x12, 0x3C, 0xFC, 0x66, 0x42, 0xA0, 0xC1, 0xFC, 0x0B, 0x99, 0x1F, 0xBE, 0x00,
    0x08, 0x05, 0xC1, 0xE8, 0xF8, 0x24, 0xFE, 0xFE, 0x9F, 0xBE, 0x8B, 0xAB, 0xD7, 0x47, 0xA5, 0xE9,
    0xEC, 0x0E, 0x39, 0x53, 0x67, 0xFF, 0xD0, 0x9E, 0x3A, 0xFB, 0xBE, 0xC0, 0x7F, 0x70, 0xA7, 0xB6,
    0x7F, 0xDF, 0x56, 0xE3, 0x4F, 0x0D, 0x49, 0xFF, 0x03, 0x1B, 0xB6, 0xE0, 0xA3, 0xCF, 0x7E, 0x06,
    0xBD, 0x7D, 0x83, 0xA0, 0x14, 0x9E, 0xF0, 0x57, 0x79, 0x40, 0xD1, 0x80, 0xCB, 0x3D, 0x7F, 0x08,
    0x11, 0x08, 0x02, 0x9F, 0xF6, 0xB9, 0x10, 0xE0, 0x1C, 0x98, 0x9A, 0x1C, 0xC5, 0xF7, 0xBE, 0xFD,
    0xDF, 0x30, 0x26, 0xE9, 0xDF, 0x71, 0x31, 0x74, 0xEA, 0x8A, 0xF3, 0x87, 0xEF, 0xDE, 0x06, 0xFD,
    0x6B, 0xB7, 0x00, 0x7C, 0x1B, 0x80, 0xFC, 0xA6, 0xFD, 0xC6, 0x63, 0xBD, 0x5B, 0x8C, 0xAF, 0x50,
    0x0D, 0xEB, 0x62, 0xB1, 0x38, 0x9E, 0x7D, 0xFA, 0x79, 0xFC, 0xEA, 0x73, 0x9F, 0x45, 0x36, 0xDB,
    0xE6, 0x01, 0x4B, 0x85, 0x04, 0x5E, 0xC8, 0xE7, 0x2F, 0x40, 0x88, 0x00, 0x88, 0x90, 0xB4, 0x20,
    0xC2, 0x55, 0x0D, 0x22, 0x20, 0x88, 0x00, 0x88, 0xB7, 0xEC, 0x29, 0x82, 0xEF, 0x78, 0xE4, 0xD8,
    0x96, 0x69, 0xC3, 0xE1, 0x03, 0x0F, 0x22, 0x95, 0x4C, 0xE3, 0xDA, 0xC8, 0x55, 0x70, 0xC1, 0x3A,
    0x32, 0x9D, 0xDA, 0xC7, 0x63, 0x09, 0x72, 0x71, 0x69, 0x9A, 0xCF, 0x2A, 0x4B, 0x29, 0xEC, 0x0E,
    0x3E, 0xFC, 0x36, 0x00, 0xF9, 0xFB, 0x53, 0xF1, 0xC7, 0xB6, 0x1B, 0xF1, 0xAF, 0x68, 0x94, 0xAC,
    0x8B, 0xC5, 0xE3, 0x78, 0xEA, 0x57, 0x7F, 0x15, 0xBF, 0xFC, 0x99, 0xCF, 0x20, 0x9B, 0xCD, 0x82,
    0x08, 0x80, 0x42, 0x48, 0x50, 0xD5, 0xA3, 0x3A, 0x11, 0x79, 0x0F, 0xC1, 0xE5, 0x51, 0x04, 0x47,
    0xF9, 0xF4, 0x83, 0xD7, 0x99, 0x6C, 0x1B, 0x0E, 0x3C, 0xF0, 0x00, 0x92, 0xE9, 0x34, 0x46, 0xAE,
    0x5E, 0x85, 0xE0, 0xAC, 0xA3, 0x9B, 0x6A, 0x1F, 0x4F, 0x69, 0xE4, 0xE2, 0x84, 0xC3, 0xDE, 0x53,
    0xF8, 0xE3, 0x1B, 0xEE, 0x7F, 0x2C, 0xB6, 0x6E, 0xD7, 0x57, 0x08, 0xD5, 0xD6, 0xC5, 0x63, 0x31,
    0x3C, 0xFF, 0xEC, 0x93, 0xF8, 0xF4, 0xAF, 0x3E, 0x8B, 0x6C, 0x36, 0x0B, 0x10, 0x0A, 0xE1, 0x11,
    0x01, 0x04, 0xF1, 0x96, 0xBC, 0x05, 0xA1, 0x10, 0x20, 0x10, 0xF0, 0x04, 0x83, 0xF7, 0x3A, 0x3A,
    0xB9, 0x20, 0x92, 0x22, 0x08, 0x84, 0x20, 0xE0, 0xFE, 0xE7, 0xF2, 0xB3, 0xB6, 0xB6, 0x0C, 0x1E,
    0x38, 0xB4, 0x1F, 0x99, 0x54, 0x12, 0x57, 0xAF, 0x8D, 0x82, 0x71, 0xD1, 0xA1, 0x65, 0x7A, 0x3E,
    0x4E, 0x62, 0xC9, 0x8B, 0xAC, 0x30, 0xF1, 0x9E, 0xC2, 0xFF, 0xF0, 0x7E, 0xE3, 0xB1, 0xBD, 0x5B,
    0xF4, 0xAF, 0xE8, 0x92, 0xFE, 0x9F, 0x78, 0xFA, 0x79, 0x7C, 0xEC, 0x39, 0xEF, 0xF9, 0x6B, 0x04,
    0xA0, 0x54, 0x80, 0x12, 0x80, 0x12, 0x21, 0xA7, 0x47, 0xF3, 0x54, 0xF2, 0x01, 0x21, 0x0A, 0xE4,
    0xCA, 0x67, 0xF0, 0xDF, 0x07, 0xD0, 0x07, 0x18, 0x41, 0x26, 0xD3, 0x86, 0x7D, 0x07, 0x1E, 0x40,
    0x32, 0x99, 0xC6, 0xE8, 0xC8, 0x55, 0x40, 0xB0, 0x8E, 0xDE, 0x4E, 0xED, 0xE3, 0xE9, 0x04, 0xB9,
    0x38, 0x72, 0x8B, 0xF4, 0xAF, 0xDD, 0x0A, 0xF0, 0xDB, 0x8E, 0xC4, 0x9E, 0xEF, 0x1A, 0xD4, 0xFF,
    0x9C, 0x52, 0xC4, 0xDA, 0xDB, 0x3B, 0xF1, 0xAF, 0x3F, 0xFF, 0xBB, 0xD8, 0xBD, 0xF3, 0x5E, 0x8F,
    0xE9, 0x7D, 0x8B, 0x4F, 0x11, 0x00, 0x1E, 0x50, 0x52, 0x08, 0x28, 0x4C, 0x1F, 0x99, 0xF2, 0x73,
    0x9F, 0xF9, 0x05, 0x78, 0xE4, 0xF3, 0x70, 0x72, 0xAC, 0xEF, 0xDF, 0x88, 0x6D, 0x5B, 0x77, 0xE3,
    0xF2, 0xD5, 0xF3, 0xB0, 0x2C, 0xD3, 0x48, 0xB7, 0xD3, 0x67, 0x52, 0x39, 0x3A, 0xB5, 0x30, 0xCE,
    0x86, 0x15, 0x04, 0xB0, 0x3B, 0xF5, 0xF0, 0x3F, 0x9C, 0x4A, 0x3D, 0xBF, 0xC1, 0x88, 0xFD, 0x39,
    0x21, 0x24, 0x96, 0xEB, 0xEC, 0xC4, 0xE7, 0x7E, 0xFB, 0xB7, 0xB1, 0x63, 0xEF, 0xDE, 0x30, 0xC3,
    0xA3, 0x29, 0xE3, 0x47, 0x85, 0x00, 0xEA, 0xA6, 0xFA, 0x39, 0xE1, 0x9E, 0x40, 0xA8, 0xFF, 0xDE,
    0x7F, 0xDD, 0xBF, 0x61, 0x03, 0xB6, 0xEC, 0xDA, 0x85, 0xAB, 0x17, 0x2E, 0xC0, 0xAA, 0xD5, 0x8C,
    0x0E, 0x4D, 0x7F, 0xA6, 0x53, 0xD3, 0xA6, 0x46, 0x1C, 0xE7, 0x3D, 0x81, 0x3F, 0xB1, 0xE5, 0xD1,
    0xE7, 0x8D, 0x8E, 0x4D, 0x7F, 0x0E, 0x42, 0x62, 0x9D, 0x1D, 0x39, 0xFC, 0xCE, 0xBF, 0xF9, 0x1C,
    0xF6, 0xEC, 0xDE, 0x09, 0x10, 0x1F, 0x03, 0x92, 0xD1, 0x15, 0xE6, 0x0E, 0x5E, 0x2F, 0xC3, 0xFC,
    0xC1, 0x14, 0x90, 0xC2, 0x00, 0x8A, 0x26, 0x24, 0xE1, 0x11, 0xC0, 0xE0, 0x40, 0x3F, 0x76, 0x6F,
    0xDF, 0x82, 0x0B, 0x97, 0xAF, 0xC2, 0xAC, 0x59, 0x86, 0x96, 0xCC, 0x3F, 0x43, 0xD3, 0x9D, 0x53,
    0xEE, 0xE2, 0xF0, 0x7B, 0x02, 0xFF, 0x53, 0x47, 0x62, 0xCF, 0x6F, 0x1D, 0xD4, 0xFE, 0x9C, 0x50,
    0xC4, 0x72, 0xED, 0x9D, 0xF8, 0xCC, 0xE7, 0x7F, 0x07, 0xDB, 0x77, 0xEE, 0x85, 0x46, 0x01, 0x4A,
    0x25, 0xA3, 0xD3, 0x50, 0xF9, 0xF9, 0x4C, 0x4E, 0x49, 0x88, 0x89, 0x88, 0x20, 0x20, 0x21, 0x93,
    0x13, 0xC2, 0x23, 0x8A, 0x11, 0x52, 0x10, 0x40, 0x11, 0x08, 0x7D, 0xFD, 0x1B, 0xB0, 0x79, 0xEB,
    0x2E, 0x0C, 0x5D, 0xBD, 0x00, 0xDB, 0x32, 0x8D, 0xAE, 0x76, 0xFA, 0x4C, 0x3E, 0x47, 0xA7, 0x86,
    0x6E, 0x81, 0xFE, 0xB5, 0x9B, 0x04, 0x3E, 0x16, 0x6A, 0x7E, 0xFD, 0xB1, 0xAE, 0x41, 0xFD, 0xCF,
    0x08, 0x81, 0xD6, 0xDF, 0x37, 0x88, 0x7F, 0xF3, 0xEB, 0xBF, 0x83, 0xAE, 0x7C, 0x1E, 0x84, 0x0A,
    0x80, 0x42, 0x0A, 0x80, 0x90, 0xE1, 0xE1, 0xBF, 0x46, 0x08, 0x68, 0x53, 0xC6, 0x56, 0x85, 0x80,
    0x6F, 0x15, 0x80, 0xFB, 0x46, 0x70, 0x60, 0x05, 0x08, 0xF9, 0x3A, 0x93, 0xCE, 0x60, 0xEF, 0xAE,
    0x03, 0xB8, 0x36, 0x7C, 0x15, 0xE5, 0x72, 0x91, 0x26, 0x32, 0xF4, 0x31, 0x23, 0x81, 0xB3, 0x4B,
    0xD3, 0x7C, 0x5A, 0x41, 0x00, 0x5F, 0xA3, 0x87, 0x1F, 0xC0, 0x7F, 0x28, 0x19, 0x7F, 0x6C, 0x63,
    0x2C, 0xF6, 0x67, 0x00, 0xB4, 0xDE, 0x81, 0x01, 0x7C, 0xFE, 0xB7, 0x7F, 0x1B, 0xF9, 0xAE, 0xAE,
    0x08, 0xF3, 0x37, 0xD3, 0xFE, 0x21, 0x13, 0x4B, 0xCD, 0x5F, 0x6F, 0x11, 0x70, 0xFF, 0x37, 0x3C,
    0xFC, 0xAD, 0x2F, 0x08, 0x22, 0x47, 0x6F, 0xA6, 0x33, 0x19, 0xEC, 0x3A, 0x70, 0x00, 0xC3, 0x57,
    0xAF, 0xA2, 0x5C, 0x2C, 0xD2, 0x36, 0x8D, 0x3E, 0x96, 0xA0, 0x38, 0x3B, 0xE9, 0xB2, 0x3B, 0x0A,
    0x7F, 0x7C, 0xF0, 0xD0, 0x63, 0x46, 0xC7, 0x3D, 0x7F, 0x06, 0x02, 0x6D, 0xA0, 0xBF, 0x17, 0xBF,
    0xFD, 0x1B, 0x9F, 0x47, 0xBE, 0x2B, 0x1F, 0x26, 0xB7, 0xA9, 0xDA, 0xDF, 0x27, 0x77, 0xA2, 0xEA,
    0x31, 0xDF, 0xEA, 0xAD, 0x67, 0x7E, 0xF9, 0x84, 0x23, 0x56, 0x00, 0x02, 0x41, 0xC0, 0xA1, 0x0A,
    0x04, 0x20, 0x93, 0x49, 0xE3, 0xC0, 0xDE, 0x5D, 0xB8, 0x7A, 0x6D, 0x18, 0xC5, 0x72, 0x99, 0xD2,
    0x78, 0xF6, 0x31, 0x62, 0xC4, 0xCE, 0xB2, 0xE2, 0xE4, 0x1D, 0x85, 0xFF, 0xE8, 0x7E, 0xFD, 0xB1,
    0xAD, 0x83, 0xDA, 0x9F, 0x81, 0x40, 0xEB, 0xED, 0x1B, 0xC4, 0x67, 0x7F, 0xFD, 0x77, 0x90, 0xCF,
    0x77, 0x79, 0x26, 0x3F, 0x0D, 0x35, 0x7F, 0xC0, 0xFC, 0xAA, 0xB6, 0x57, 0x84, 0x41, 0x03, 0xF4,
    0xA4, 0x0E, 0x13, 0x24, 0xAA, 0xF4, 0x48, 0x14, 0x0B, 0x48, 0xA7, 0x33, 0xD8, 0xB9, 0xEB, 0x00,
    0x46, 0x24, 0xFD, 0xB7, 0x67, 0xC8, 0x63, 0xC9, 0x04, 0xCE, 0x8E, 0xAE, 0x92, 0xFE, 0x6F, 0x46,
    0x00, 0x18, 0xD2, 0xE7, 0xE9, 0xEC, 0xDF, 0x4E, 0xEF, 0xEB, 0xDD, 0x1A, 0xFB, 0x6B, 0x4A, 0x11,
    0xEB, 0xEF, 0x1D, 0xC0, 0xBF, 0xFE, 0xF5, 0x7F, 0x8F, 0x54, 0x2A, 0x15, 0x08, 0x7E, 0x42, 0xA3,
    0x5A, 0x9D, 0x48, 0x73, 0x1F, 0xF5, 0x8C, 0x1F, 0x00, 0x87, 0x3A, 0x53, 0x5F, 0x11, 0x00, 0x0A,
    0xB3, 0x0B, 0xA8, 0xC2, 0x20, 0x14, 0x0A, 0x86, 0x61, 0x60, 0xEF, 0xEE, 0xFD, 0xB8, 0x3A, 0x74,
    0x19, 0xE5, 0x4A, 0x91, 0xA6, 0x72, 0xDA, 0x13, 0x10, 0xFC, 0xAD, 0xD2, 0xBC, 0x58, 0x54, 0xB2,
    0xA7, 0x6E, 0x97, 0x08, 0x02, 0xF8, 0x77, 0x25, 0x8C, 0xFB, 0x76, 0xC6, 0xE2, 0x7F, 0x4D, 0x08,
    0x89, 0xF5, 0x0E, 0x0C, 0xE0, 0xF3, 0xFF, 0xEE, 0xDF, 0x21, 0x9D, 0x4A, 0x35, 0x32, 0x3F, 0x7C,
    0x26, 0x47, 0xC4, 0xE4, 0x07, 0x9A, 0x98, 0xF8, 0xCD, 0xAC, 0x81, 0x06, 0x0B, 0x80, 0x87, 0x47,
    0x45, 0x08, 0xC4, 0x0C, 0x03, 0xBB, 0xF7, 0xEF, 0xC7, 0xB5, 0xCB, 0x97, 0x51, 0x2E, 0x16, 0x69,
    0x07, 0xD5, 0x9E, 0xE0, 0x44, 0xBC, 0x35, 0xE7, 0xF2, 0x3B, 0x02, 0xBF, 0xD1, 0xB3, 0xEB, 0xBE,
    0x58, 0xCF, 0x9E, 0xBF, 0x06, 0x21, 0xB1, 0x81, 0xFE, 0x5E, 0xFC, 0xFB, 0x7F, 0xFD, 0x39, 0x24,
    0x53, 0x69, 0x28, 0x04, 0x10, 0xD1, 0xFC, 0x81, 0xD6, 0x17, 0xFE, 0x7B, 0x04, 0xAF, 0x1B, 0x55,
    0x00, 0x09, 0x98, 0x9F, 0x07, 0x96, 0x80, 0xF4, 0x82, 0x80, 0x88, 0x30, 0xF0, 0xD1, 0x62, 0x18,
    0x31, 0x1C, 0xD8, 0xBB, 0x0B, 0x97, 0xAF, 0x5E, 0x43, 0xB1, 0x5C, 0xA6, 0x5A, 0x2A, 0xFF, 0x84,
    0x10, 0xEC, 0x2D, 0x5E, 0x99, 0xBB, 0x23, 0xF0, 0xEF, 0xDB, 0x4E, 0xEF, 0xDB, 0xB7, 0xD5, 0xF8,
    0x6B, 0x42, 0x11, 0xEB, 0xE9, 0x1D, 0xC0, 0x67, 0x7F, 0xFD, 0xDF, 0x7B, 0xCF, 0x9F, 0x02, 0x1A,
    0x15, 0x75, 0xCC, 0x2F, 0x02, 0xF3, 0xDF, 0x67, 0xF8, 0x80, 0xC9, 0x49, 0x53, 0xE8, 0x15, 0x73,
    0x9F, 0xD7, 0x7D, 0xC6, 0x15, 0xF1, 0xC9, 0x03, 0x1E, 0x88, 0x19, 0x06, 0x76, 0xEE, 0xDE, 0x8F,
    0x6B, 0x43, 0x97, 0x51, 0xA9, 0x14, 0x69, 0x3E, 0x47, 0x9F, 0x60, 0x82, 0xBF, 0x35, 0xBD, 0x0A,
    0xFA, 0xD7, 0x6E, 0x42, 0x40, 0xA4, 0x00, 0x74, 0x64, 0xDA, 0x31, 0x78, 0xCF, 0x81, 0xC4, 0x5F,
    0x69, 0x3A, 0xBA, 0x73, 0xB9, 0x76, 0x7C, 0xE1, 0x73, 0xFF, 0x16, 0xA9, 0xB4, 0x64, 0xFE, 0x7A,
    0x66, 0x27, 0x92, 0x1B, 0x10, 0x35, 0xF1, 0x45, 0x3D, 0xE0, 0x44, 0xA6, 0x3D, 0x8B, 0x46, 0xE6,
    0x8F, 0x08, 0x00, 0xE2, 0x05, 0x83, 0x02, 0x21, 0x20, 0x38, 0x84, 0xF0, 0x90, 0x42, 0x35, 0x8A,
    0x6D, 0x5B, 0x77, 0xE2, 0xDC, 0xC5, 0xD3, 0xB0, 0xED, 0x9A, 0x91, 0x69, 0xD7, 0x0F, 0x17, 0x67,
    0xDD, 0x97, 0xEC, 0x5A, 0xB0, 0x34, 0xE2, 0xDE, 0x46, 0x50, 0x28, 0x80, 0xBF, 0x5D, 0xD7, 0x07,
    0x8F, 0xC4, 0x93, 0x7F, 0xA5, 0x51, 0xD2, 0x9D, 0x6B, 0x6F, 0xC7, 0x67, 0x7E, 0xF3, 0x37, 0x91,
    0x4A, 0xA6, 0x3C, 0xA6, 0x17, 0x00, 0x15, 0x22, 0x60, 0x7E, 0x5A, 0xC7, 0xFC, 0x90, 0xAF, 0x9B,
    0x99, 0xF3, 0x2B, 0x0B, 0x02, 0x45, 0x08, 0x70, 0x2E, 0x03, 0x62, 0x1C, 0xE0, 0x52, 0x10, 0x70,
    0x01, 0x4A, 0x29, 0xB6, 0xEC, 0xDC, 0x89, 0x4B, 0x67, 0xCE, 0xC0, 0xB2, 0x2C, 0xA3, 0x93, 0xEA,
    0x87, 0x27, 0x39, 0x7F, 0xA9, 0xC6, 0xF9, 0x9A, 0xC2, 0xAF, 0x27, 0xDA, 0x07, 0xE3, 0xF7, 0x3C,
    0xF8, 0x57, 0x84, 0x6A, 0xDD, 0xED, 0xB9, 0x2C, 0x7E, 0xF3, 0x0B, 0x9F, 0x89, 0x30, 0xBF, 0x88,
    0x30, 0x3F, 0x6D, 0xD0, 0xEE, 0x91, 0xE3, 0x72, 0x20, 0xAB, 0xEA, 0x40, 0x28, 0x56, 0x80, 0x12,
    0x14, 0xE3, 0xEA, 0x7B, 0x00, 0x94, 0x52, 0xEC, 0xDC, 0xB6, 0x05, 0x67, 0xCE, 0x5D, 0x44, 0xCD,
    0xB2, 0x0D, 0x2D, 0xD3, 0x75, 0x58, 0x2C, 0x4D, 0xBC, 0xC4, 0xDD, 0xDA, 0x9A, 0xC2, 0xDF, 0xD5,
    0x8E, 0xC1, 0x0F, 0x1F, 0x88, 0xFF, 0x95, 0xAE, 0xA3, 0x3B, 0x9B, 0x6B, 0xC7, 0xA7, 0x3F, 0xF7,
    0x6F, 0x91, 0x4E, 0x27, 0x41, 0xA9, 0x80, 0x46, 0xA2, 0xFE, 0x3E, 0x21, 0xC2, 0x73, 0x81, 0x51,
    0xE7, 0xEF, 0x93, 0x28, 0xB3, 0x07, 0x9F, 0x8B, 0x28, 0x96, 0x48, 0x9D, 0x42, 0x04, 0x51, 0x79,
    0x24, 0x54, 0x06, 0x02, 0x1C, 0x54, 0xA3, 0xD8, 0xBC, 0x75, 0x17, 0x2E, 0x49, 0xFA, 0xEF, 0x6E,
    0xD7, 0x0E, 0x8F, 0xCF, 0xBA, 0x2F, 0x55, 0x6F, 0x92, 0xFE, 0xB5, 0x9B, 0xF0, 0x7B, 0x72, 0x00,
    0xBA, 0x76, 0x1E, 0x8D, 0xFF, 0x51, 0x2C, 0x49, 0x1E, 0x30, 0x0C, 0x03, 0x9F, 0xFD, 0xD4, 0x17,
    0x90, 0xEF, 0xCC, 0x4B, 0x3F, 0x5F, 0x9A, 0xFE, 0xCD, 0x7C, 0xFA, 0x15, 0x7C, 0xFC, 0x66, 0x53,
    0x48, 0x0D, 0xD9, 0x20, 0x00, 0x84, 0x88, 0x58, 0x01, 0x42, 0x28, 0x47, 0xC1, 0x61, 0xE8, 0x06,
    0x06, 0x07, 0x36, 0xE0, 0xCC, 0xB9, 0x93, 0x10, 0xE0, 0xED, 0x6D, 0x79, 0xAD, 0x7D, 0xFA, 0x1A,
    0x3B, 0x26, 0x97, 0x45, 0x9C, 0x5B, 0xF4, 0x07, 0x23, 0xF0, 0x3F, 0x96, 0x4E, 0xFE, 0x51, 0x8A,
    0xD2, 0x07, 0x0C, 0xC3, 0xC0, 0x27, 0xBF, 0xF0, 0x05, 0xE4, 0xF3, 0x79, 0x84, 0x61, 0x2D, 0x49,
    0xFA, 0x52, 0x10, 0x44, 0x03, 0x7C, 0x68, 0x60, 0xFA, 0x9B, 0x15, 0x00, 0x50, 0x2D, 0x01, 0xF9,
    0x5A, 0xF0, 0xD0, 0x2A, 0x10, 0x82, 0x03, 0x82, 0xC3, 0x30, 0x0C, 0xAC, 0xDF, 0xB8, 0x11, 0xE7,
    0x4E, 0x9E, 0x04, 0x04, 0x6F, 0xEF, 0xD6, 0x69, 0xFB, 0x15, 0xDB, 0x59, 0x53, 0xF8, 0x13, 0xDB,
    0x9F, 0xF8, 0x23, 0x6A, 0xA4, 0x1E, 0x30, 0x0C, 0x03, 0x5F, 0xF8, 0xEC, 0xA7, 0x90, 0xCF, 0xE7,
    0x3D, 0xA6, 0x27, 0xBE, 0xBF, 0x1F, 0xBE, 0x16, 0xA2, 0x5E, 0xFB, 0x2B, 0x7E, 0x7C, 0x53, 0xED,
    0xAF, 0xCC, 0x7A, 0x4D, 0x5F, 0xF7, 0x19, 0x17, 0x22, 0x30, 0x84, 0xB8, 0x14, 0x08, 0x86, 0x61,
    0x60, 0xE3, 0xE0, 0x00, 0x4E, 0x9E, 0x39, 0x07, 0x2E, 0xD0, 0x4E, 0xDB, 0xD6, 0xB5, 0x3B, 0xB3,
    0x97, 0xD7, 0x14, 0xFE, 0x67, 0x8E, 0xC6, 0xFF, 0x28, 0x2D, 0xE9, 0xFF, 0x05, 0x49, 0xFF, 0x1A,
    0x95, 0x5A, 0x9E, 0x46, 0xB5, 0x3D, 0x25, 0x51, 0xE6, 0x0F, 0x63, 0x5F, 0xBC, 0xA9, 0xF6, 0x57,
    0xAD, 0x00, 0x08, 0x1E, 0x7D, 0xAF, 0x7C, 0x26, 0x54, 0x01, 0x80, 0xF0, 0xF9, 0xEB, 0xBA, 0x81,
    0xF5, 0x03, 0x1B, 0x70, 0xFE, 0xDC, 0x49, 0x10, 0xF0, 0xF6, 0xDE, 0xBC, 0xD6, 0x7E, 0xEE, 0x26,
    0xE9, 0x5F, 0xBB, 0x41, 0xA2, 0x43, 0x1B, 0x80, 0xFC, 0xE0, 0x5E, 0xFD, 0x68, 0x67, 0x9F, 0xFE,
    0x1F, 0x00, 0xE0, 0xE1, 0xA3, 0x1F, 0x0E, 0x03, 0x7E, 0xBE, 0xA4, 0x23, 0x4D, 0x82, 0x7A, 0x7E,
    0x64, 0x3F, 0x30, 0xE1, 0x15, 0x4B, 0x60, 0x99, 0x7F, 0x01, 0xE3, 0x0B, 0x11, 0x6A, 0x7A, 0xA8,
    0x7F, 0x13, 0x32, 0xBE, 0x1F, 0x28, 0x14, 0x52, 0x12, 0xA6, 0x53, 0x19, 0x08, 0x30, 0x0C, 0x8F,
    0x0C, 0xC3, 0x88, 0x93, 0x9D, 0x54, 0xC7, 0xCF, 0x8A, 0x33, 0x7C, 0x4A, 0x66, 0x4A, 0xDD, 0x4A,
    0xB6, 0x54, 0x00, 0xFF, 0xBE, 0x64, 0xFC, 0xE8, 0x80, 0x6E, 0xFC, 0x07, 0x00, 0x38, 0xFA, 0xE1,
    0x0F, 0x63, 0xE7, 0xDE, 0xBD, 0xF0, 0xBD, 0x1D, 0xAA, 0x32, 0x3B, 0x44, 0x83, 0x7F, 0x8F, 0x26,
    0xC7, 0x1B, 0xCD, 0x60, 0xE9, 0xAB, 0xDE, 0x15, 0xF0, 0xAD, 0x00, 0xCE, 0x21, 0xA4, 0x15, 0x20,
    0xA4, 0x25, 0x90, 0x4A, 0xA7, 0x01, 0xC6, 0x30, 0x32, 0x3C, 0x8C, 0x04, 0xA1, 0x3B, 0x35, 0x8A,
    0x9F, 0x4D, 0xBB, 0x6C, 0x4D, 0xE0, 0x8F, 0xF7, 0x1F, 0x3C, 0xAA, 0xB7, 0x0F, 0xFC, 0x07, 0x00,
    0xF8, 0xF0, 0xC3, 0x47, 0xB1, 0x77, 0xF7, 0x0E, 0x08, 0xA2, 0x49, 0x01, 0xA0, 0x6A, 0x7B, 0xAA,
    0xE8, 0xB0, 0xD0, 0xF4, 0x57, 0x03, 0x78, 0xD1, 0xA0, 0x5E, 0xFD, 0x94, 0x24, 0x2E, 0xD0, 0xD4,
    0x05, 0x08, 0x17, 0x45, 0x44, 0xC0, 0xFC, 0xBE, 0x20, 0x48, 0xA7, 0x93, 0x60, 0x82, 0x60, 0x78,
    0x78, 0x04, 0x44, 0x4F, 0xEC, 0x24, 0x44, 0xFF, 0x19, 0x2B, 0x4D, 0xAD, 0x09, 0xFC, 0xF7, 0xEF,
    0xD5, 0x8F, 0x6E, 0xEA, 0xD3, 0xBC, 0xE7, 0x7F, 0xF4, 0x61, 0xEC, 0xF0, 0x03, 0x7E, 0x41, 0xB4,
    0xBF, 0xCE, 0xDC, 0x0F, 0x66, 0x5D, 0x24, 0x9F, 0x88, 0x26, 0x45, 0x7F, 0xD1, 0x19, 0xC4, 0x8B,
    0x02, 0x65, 0xC8, 0x1B, 0x82, 0xE0, 0x81, 0x00, 0x50, 0x5E, 0xA7, 0x52, 0x69, 0x10, 0xB8, 0x18,
    0x19, 0x19, 0x46, 0x22, 0x4E, 0x76, 0x6A, 0x3A, 0x7E, 0x36, 0x71, 0x13, 0xF4, 0x4F, 0x57, 0x48,
    0x71, 0xF4, 0xB3, 0x9C, 0x72, 0xEB, 0x36, 0xEA, 0xBF, 0x0F, 0x00, 0x1D, 0xF9, 0x2C, 0x0E, 0xEC,
    0x3F, 0x00, 0x01, 0x16, 0x99, 0xBC, 0xE1, 0xBD, 0xEB, 0x7D, 0x26, 0xE4, 0x77, 0xC2, 0xF5, 0x3E,
    0x17, 0x75, 0x53, 0xFE, 0x6D, 0xFD, 0xE7, 0x42, 0xFE, 0x8D, 0x7A, 0x0E, 0x0E, 0x77, 0xC5, 0x6B,
    0x0A, 0x30, 0x1C, 0xD8, 0x7F, 0x00, 0x1D, 0xF9, 0x2C, 0x00, 0x40, 0xDE, 0x73, 0x4E, 0xC2, 0x90,
    0x58, 0x01, 0xD6, 0x1B, 0xC2, 0xBF, 0xC5, 0x30, 0x7E, 0x1F, 0x00, 0xF2, 0xD9, 0x2C, 0xF6, 0x1F,
    0x38, 0x20, 0x4D, 0x70, 0x06, 0xC2, 0x19, 0xC0, 0x19, 0xC0, 0x38, 0xC0, 0x58, 0xC3, 0x14, 0x4D,
    0x8E, 0xA2, 0xC9, 0xEF, 0xD0, 0xE4, 0xFB, 0xFA, 0x63, 0xE3, 0xAC, 0xBB, 0x07, 0xCE, 0xB1, 0xFF,
    0xC0, 0x01, 0xE4, 0xB3, 0x1E, 0xFC, 0xF2, 0x9E, 0xD7, 0x04, 0x7E, 0xBD, 0x7B, 0xCB, 0xEF, 0x03,
    0x40, 0xB6, 0x3D, 0x8F, 0x03, 0xFB, 0xF7, 0x83, 0x0B, 0x12, 0x30, 0x1F, 0xE3, 0x00, 0x13, 0x75,
    0x93, 0x2B, 0x9F, 0x73, 0x21, 0x5F, 0x0B, 0xB8, 0x1C, 0x72, 0x0A, 0xB8, 0x5C, 0xC8, 0xEF, 0x44,
    0xF0, 0xDE, 0xFF, 0x9E, 0x09, 0xF9, 0x37, 0x5C, 0x34, 0x9E, 0xAF, 0xEE, 0x3A, 0xA1, 0x10, 0x20,
    0x38, 0xB0, 0x7F, 0x3F, 0xB2, 0xED, 0x79, 0x8F, 0x7B, 0xBD, 0x7B, 0x5E, 0x13, 0xF8, 0x77, 0x6D,
    0xD4, 0x7E, 0x1F, 0x00, 0xBA, 0xF2, 0x6D, 0xD8, 0xBF, 0xFF, 0xA0, 0x14, 0x6F, 0x2C, 0x98, 0x61,
    0x11, 0x9F, 0x77, 0x0C, 0x3E, 0x17, 0xF2, 0x73, 0xE1, 0xFD, 0x46, 0x08, 0xF9, 0x99, 0x3F, 0xFD,
    0xBF, 0x55, 0x3E, 0x13, 0x42, 0xF9, 0x4C, 0xFE, 0x6D, 0x78, 0x1D, 0x37, 0x72, 0x2D, 0x12, 0x99,
    0x1C, 0xFB, 0xF7, 0x1F, 0x44, 0x57, 0xBE, 0x0D, 0x00, 0x20, 0xEF, 0xF9, 0x86, 0xF0, 0x6B, 0x37,
    0x90, 0x7E, 0x9D, 0x5B, 0x0F, 0xC5, 0x9E, 0xCD, 0x74, 0xD0, 0x4F, 0x02, 0xC0, 0xFD, 0x0F, 0xED,
    0xC6, 0xC6, 0xF5, 0x3B, 0xBC, 0x25, 0x0E, 0xAA, 0x9A, 0x38, 0x3C, 0x58, 0xB2, 0x50, 0x25, 0x95,
    0x20, 0x6A, 0x40, 0x8F, 0x07, 0xB3, 0x41, 0xF2, 0x09, 0x1E, 0x48, 0xB4, 0x60, 0x0A, 0xC5, 0x32,
    0x10, 0xF2, 0xBD, 0xA8, 0x37, 0xFF, 0x43, 0x37, 0x40, 0x08, 0x0E, 0x42, 0x34, 0x38, 0x64, 0x11,
    0x23, 0xD7, 0xA6, 0x40, 0x35, 0x92, 0x4F, 0xA6, 0xE9, 0xC8, 0xC2, 0x24, 0x1B, 0x92, 0xC9, 0x11,
    0xAB, 0xD1, 0x02, 0x01, 0xFC, 0x0F, 0xA6, 0x52, 0xCF, 0x76, 0x6A, 0xDA, 0x27, 0x01, 0xE0, 0xE8,
    0xDE, 0xBD, 0xE8, 0xDB, 0xB6, 0xDD, 0x93, 0xFC, 0x42, 0x48, 0x73, 0xBF, 0x51, 0xE3, 0x83, 0xAB,
    0x1A, 0x9F, 0x07, 0x11, 0xFE, 0x9B, 0xB1, 0x02, 0x84, 0x72, 0x0E, 0x21, 0xB5, 0xBF, 0x90, 0xD6,
    0x80, 0x08, 0xDC, 0x01, 0x09, 0xBB, 0xB4, 0x04, 0xFC, 0x49, 0xA8, 0x06, 0x5A, 0x28, 0x60, 0x68,
    0x72, 0x12, 0x1A, 0x21, 0xF9, 0xAC, 0xA6, 0x8D, 0x8C, 0x39, 0xCE, 0x6D, 0xC1, 0x9F, 0xD8, 0xF4,
    0xE0, 0xB3, 0x5A, 0xBA, 0xEB, 0x93, 0x00, 0xB0, 0xE7, 0xD0, 0xC3, 0xD8, 0xBE, 0xA9, 0x0F, 0xC4,
    0xD7, 0xFE, 0x41, 0x84, 0x9F, 0x36, 0x59, 0xCE, 0x23, 0x61, 0x54, 0x5F, 0xD4, 0xFB, 0xFE, 0x61,
    0x84, 0x9F, 0xD7, 0x5B, 0x00, 0xA2, 0x31, 0x09, 0xA6, 0xC1, 0x15, 0x08, 0xB4, 0xBF, 0x87, 0x17,
    0x2E, 0x33, 0xE6, 0x28, 0x05, 0x96, 0x2C, 0x0D, 0x93, 0xA3, 0x43, 0x20, 0x54, 0xCB, 0xD3, 0x78,
    0x66, 0xC4, 0x5D, 0x1A, 0xBB, 0x2D, 0xF8, 0x1F, 0x3F, 0x14, 0x7B, 0xB6, 0x5B, 0xD2, 0xFF, 0x23,
    0x0F, 0xED, 0xC1, 0xBA, 0xF5, 0xDB, 0xA1, 0x51, 0x22, 0x35, 0x3F, 0x8F, 0x6A, 0xFF, 0x00, 0x13,
    0xBC, 0x2E, 0xB2, 0xAF, 0xD2, 0x7B, 0x13, 0x27, 0x48, 0x44, 0x5D, 0xDE, 0x90, 0x27, 0x94, 0xEF,
    0x15, 0x5A, 0x88, 0xC4, 0x01, 0x14, 0x3E, 0x00, 0xA1, 0x88, 0x91, 0x25, 0x5C, 0xB9, 0x36, 0x05,
    0x4D, 0x23, 0xF9, 0x5C, 0x9A, 0x8E, 0x5C, 0xBF, 0x01, 0xFD, 0xEB, 0x37, 0xC8, 0x76, 0xCA, 0xE6,
    0x7A, 0xE8, 0xBF, 0x02, 0x80, 0x9E, 0xFE, 0x76, 0xE4, 0xF3, 0x1D, 0x72, 0x79, 0x8E, 0x45, 0x4C,
    0x3D, 0x0A, 0x00, 0x22, 0x6C, 0x74, 0x22, 0xEA, 0xDA, 0x9E, 0x88, 0xBA, 0xB4, 0xAF, 0x53, 0x27,
    0x2E, 0x60, 0x71, 0x21, 0x5A, 0xEC, 0x42, 0x29, 0xC1, 0x87, 0x1F, 0xBF, 0x3F, 0xCC, 0x15, 0x8E,
    0x64, 0x86, 0xA9, 0xC9, 0x61, 0x22, 0xC8, 0x92, 0xE3, 0x75, 0x0E, 0x05, 0x88, 0x40, 0x3E, 0xDF,
    0x81, 0x9E, 0xFE, 0x76, 0x4C, 0x4F, 0x2C, 0x41, 0xDE, 0xFB, 0x8F, 0x64, 0xBE, 0xB4, 0x79, 0x93,
    0x01, 0xA1, 0x08, 0xFC, 0x3D, 0xBA, 0x07, 0xFF, 0xFA, 0x8E, 0x0E, 0x74, 0x75, 0x74, 0x78, 0x0C,
    0xCC, 0x58, 0x90, 0xDE, 0xEA, 0x67, 0xB9, 0x09, 0x25, 0xDD, 0xD9, 0x43, 0x87, 0xF7, 0xDA, 0xAC,
    0xD5, 0xF0, 0xE2, 0x9B, 0x6F, 0xAE, 0xAC, 0x6E, 0x28, 0x45, 0x36, 0x9D, 0xC6, 0x86, 0xDE, 0x5E,
    0x6C, 0xEA, 0xEF, 0x8F, 0x9E, 0x47, 0xA9, 0x91, 0x80, 0x92, 0x2F, 0x1E, 0x41, 0x8C, 0x22, 0x5C,
    0xBA, 0x3A, 0x3A, 0xB0, 0xBE, 0xA3, 0x03, 0xE3, 0x8B, 0x8B, 0x90, 0xF7, 0x7E, 0x5B, 0xF0, 0x6B,
    0xD9, 0xF5, 0xFF, 0x0A, 0x00, 0xDA, 0xD7, 0x0D, 0xA0, 0xA3, 0xB3, 0x0B, 0x02, 0x04, 0xCC, 0x97,
    0xF9, 0x54, 0xAE, 0x58, 0x11, 0x21, 0xB3, 0xFE, 0xC2, 0xA3, 0x55, 0x33, 0xF1, 0xE6, 0x2B, 0x3F,
    0x08, 0x4F, 0x29, 0x41, 0xDA, 0xBA, 0xF3, 0x5E, 0x0C, 0x6C, 0xDA, 0xDA, 0xBC, 0x12, 0x40, 0x08,
    0xBC, 0xFE, 0xD2, 0x77, 0xE0, 0x38, 0xB6, 0x9A, 0x16, 0x8A, 0xC3, 0x47, 0x1F, 0x47, 0x3A, 0xD3,
    0x26, 0x69, 0x40, 0xD4, 0x1D, 0x15, 0x2F, 0x09, 0x04, 0x1D, 0x9D, 0x5D, 0x68, 0x5F, 0x37, 0x80,
    0xA5, 0x99, 0x31, 0xC8, 0x7B, 0xBF, 0x2D, 0xF8, 0x07, 0x7A, 0xC8, 0xBF, 0x02, 0x80, 0xC1, 0xFE,
    0x1C, 0xBA, 0xF2, 0xED, 0x92, 0xD1, 0x5D, 0x2F, 0xBB, 0x13, 0x4A, 0x5D, 0x83, 0x88, 0x36, 0xFA,
    0x11, 0x00, 0x5E, 0x7F, 0xF3, 0x34, 0xCA, 0x65, 0x33, 0x72, 0xF2, 0xC1, 0x81, 0x75, 0xD8, 0xBB,
    0xEB, 0x9E, 0xA6, 0xBD, 0x7F, 0x8A, 0xA5, 0x0A, 0x5E, 0x7B, 0xF3, 0x4C, 0x94, 0x36, 0x34, 0x8A,
    0x27, 0x1E, 0x3D, 0xE4, 0x5D, 0x4B, 0x0D, 0x8C, 0xC8, 0x3F, 0x56, 0xC5, 0x2E, 0x25, 0x02, 0x5D,
    0xF9, 0x76, 0x0C, 0xF6, 0xE7, 0x30, 0x3A, 0x51, 0x80, 0xBC, 0xF7, 0x15, 0xE1, 0xD7, 0x97, 0xB1,
    0x0A, 0xE2, 0x00, 0xD2, 0xFD, 0xDB, 0xF5, 0x03, 0x7A, 0x8C, 0x6C, 0x03, 0x80, 0x81, 0x7B, 0xBA,
    0x40, 0x35, 0x4D, 0x9A, 0xE4, 0x04, 0x44, 0x78, 0x99, 0x5B, 0x54, 0x9A, 0x5F, 0x04, 0x61, 0xEA,
    0x2B, 0x44, 0x5D, 0xCA, 0xAB, 0x32, 0x1C, 0xDB, 0xC5, 0xD7, 0xFE, 0xF6, 0xFF, 0x45, 0xAD, 0x66,
    0x37, 0x5C, 0xB8, 0x6F, 0xA0, 0x1B, 0x9B, 0xB7, 0x0D, 0x36, 0x4D, 0x0F, 0x16, 0x92, 0x01, 0x84,
    0x5A, 0x27, 0x20, 0x35, 0x81, 0x10, 0x32, 0x3A, 0x20, 0x04, 0xA8, 0xA6, 0x61, 0xE0, 0x9E, 0x2E,
    0x4C, 0x4F, 0x2C, 0x41, 0x8F, 0x91, 0x6D, 0xFD, 0xDB, 0xF5, 0x03, 0x13, 0x97, 0xDC, 0x82, 0xAC,
    0xA0, 0xBA, 0x99, 0xA2, 0x89, 0x00, 0xFE, 0x3D, 0xF1, 0xF8, 0x81, 0x38, 0xA1, 0xDB, 0x00, 0x60,
    0x73, 0x77, 0x17, 0x34, 0x4A, 0x3D, 0x73, 0xDB, 0xE3, 0x76, 0xB9, 0xDE, 0x2D, 0x05, 0x9E, 0x3C,
    0xAA, 0xA9, 0x9E, 0x82, 0x10, 0x54, 0x2A, 0x15, 0xFC, 0xD3, 0x8F, 0x7F, 0x7C, 0xD3, 0xB6, 0x67,
    0x67, 0x36, 0x8B, 0xE7, 0x1E, 0x79, 0x04, 0x8F, 0x1E, 0xBC, 0x0F, 0xFE, 0x33, 0x0F, 0xD2, 0x43,
    0xA1, 0xE0, 0x41, 0x3D, 0x2A, 0x53, 0xA3, 0x14, 0x9B, 0xBB, 0xBB, 0x30, 0xBE, 0xB8, 0x88, 0x38,
    0xA1, 0xDB, 0xF6, 0xC4, 0xE3, 0x07, 0xCE, 0x5A, 0xD6, 0x2D, 0xC1, 0x1F, 0xEF, 0xDD, 0x73, 0x80,
    0xE8, 0xB1, 0x6D, 0x00, 0xD0, 0xB5, 0x7E, 0x0B, 0xA8, 0xA6, 0x81, 0x71, 0x4F, 0xD8, 0x81, 0xCB,
    0x45, 0x1F, 0x22, 0x05, 0x81, 0xBF, 0xDA, 0x2B, 0x85, 0x80, 0x11, 0x4F, 0xA2, 0xB8, 0x30, 0x8D,
    0xE3, 0xC7, 0xDE, 0x88, 0x9C, 0xFC, 0xE2, 0xD9, 0x93, 0xF8, 0xCD, 0xDF, 0xFB, 0x5F, 0x9A, 0xA6,
    0x02, 0x9F, 0x3F, 0xF5, 0x36, 0x7E, 0xF0, 0xFF, 0xFD, 0x7D, 0xE4, 0xE3, 0x9D, 0xBB, 0xF7, 0x22,
    0xF5, 0xF4, 0x27, 0xE0, 0x2A, 0x81, 0x81, 0x80, 0x26, 0x94, 0xD5, 0x51, 0x08, 0x80, 0x73, 0x02,
    0xAA, 0x69, 0xE8, 0x5A, 0xBF, 0x05, 0x4B, 0x33, 0x63, 0x20, 0x7A, 0x6C, 0x5B, 0xBC, 0x77, 0xCF,
    0x01, 0x6B, 0xEA, 0xEC, 0x2D, 0xC1, 0x7F, 0xDF, 0x76, 0xFD, 0x40, 0x5C, 0xD2, 0xFF, 0xB6, 0x7B,
    0xBA, 0xA0, 0x69, 0x14, 0x44, 0x30, 0xEF, 0xE9, 0x0A, 0x7F, 0xFA, 0xCC, 0x4F, 0x94, 0xE7, 0xE5,
    0x51, 0xFF, 0xC2, 0x62, 0x15, 0x7F, 0xFF, 0x8D, 0xEF, 0x47, 0x4E, 0xDE, 0x95, 0xCF, 0xE1, 0x3F,
    0xFF, 0xAF, 0xFF, 0x1D, 0x28, 0x6D, 0xCC, 0xC2, 0xFF, 0xC1, 0x8F, 0xDE, 0xC2, 0x37, 0xBF, 0xF5,
    0xD3, 0xC8, 0x67, 0x8F, 0x3F, 0x72, 0x04, 0x04, 0x3C, 0x50, 0x7A, 0x91, 0xA2, 0x01, 0xD5, 0x34,
    0x92, 0x56, 0xA8, 0xA6, 0x51, 0x6C, 0xBB, 0xA7, 0x0B, 0xA3, 0x13, 0x05, 0xC4, 0x63, 0x64, 0xDB,
    0x7D, 0xDB, 0xF5, 0x03, 0x27, 0x56, 0xA0, 0x7F, 0xBA, 0xCC, 0xBA, 0x67, 0x12, 0x40, 0xBA, 0x73,
    0xBD, 0xF6, 0x34, 0x00, 0xB4, 0xE5, 0x92, 0x68, 0xCB, 0xC5, 0x21, 0x84, 0x23, 0xFD, 0x73, 0xDF,
    0x57, 0x77, 0xA5, 0x0F, 0xEF, 0x4A, 0xFF, 0xDD, 0x05, 0xE7, 0x4C, 0x79, 0xED, 0x86, 0xDF, 0x71,
    0x6F, 0x9E, 0x3C, 0x71, 0xBE, 0x29, 0xF3, 0x03, 0xC0, 0x3B, 0x6F, 0x9E, 0x0E, 0x7E, 0xB7, 0xEC,
    0x39, 0xD4, 0x6B, 0x41, 0xDE, 0x83, 0xF4, 0x9D, 0xBC, 0x7B, 0x73, 0xD0, 0x96, 0x8B, 0xA3, 0x2D,
    0x97, 0xF4, 0x18, 0xCA, 0x83, 0x21, 0x2D, 0x61, 0x32, 0x6E, 0x72, 0xDD, 0x37, 0x09, 0x20, 0xBD,
    0x3E, 0xA6, 0x3F, 0x0D, 0x00, 0xED, 0xA9, 0x14, 0xDA, 0x13, 0x49, 0xC0, 0x75, 0x1B, 0xFD, 0x76,
    0x37, 0xEA, 0xBF, 0x0B, 0xD7, 0x6D, 0x78, 0xBD, 0x9A, 0xB1, 0x50, 0x2C, 0xE2, 0xAB, 0xFF, 0xF2,
    0x2F, 0xF8, 0xDA, 0x77, 0xBF, 0xE3, 0xFD, 0x7D, 0x93, 0xF3, 0x89, 0xBA, 0x6B, 0x47, 0xA6, 0xEB,
    0xA2, 0x3D, 0x91, 0x44, 0x7B, 0x2A, 0x05, 0x00, 0x90, 0x30, 0xDC, 0x12, 0xFC, 0x5A, 0xFB, 0x86,
    0xA7, 0x01, 0x20, 0xD9, 0xD6, 0x8E, 0x44, 0x3A, 0x07, 0x87, 0x41, 0xFA, 0xEC, 0xAA, 0x9F, 0x2E,
    0xFD, 0x76, 0xD5, 0xAF, 0x67, 0x02, 0x0E, 0x13, 0xF8, 0xA5, 0x4F, 0x7C, 0x16, 0x89, 0x44, 0x32,
    0x72, 0xF2, 0x89, 0x91, 0x21, 0x5C, 0xBD, 0x78, 0x16, 0x8C, 0x89, 0xC8, 0x74, 0x5C, 0x17, 0x2F,
    0x7D, 0xFB, 0x1F, 0xA3, 0x9C, 0xA8, 0x69, 0x78, 0xF6, 0x85, 0x5F, 0x87, 0xED, 0xFF, 0x4E, 0xB9,
    0x86, 0xCB, 0xD5, 0xD8, 0x80, 0x08, 0xEE, 0xC1, 0x61, 0x40, 0x22, 0x9D, 0x43, 0xB2, 0xAD, 0xDD,
    0x3B, 0x87, 0x07, 0xC3, 0x2D, 0xC1, 0xBF, 0x49, 0xD2, 0x7F, 0x47, 0x2E, 0x89, 0x8E, 0x5C, 0x1C,
    0x44, 0xB8, 0x51, 0x9F, 0x1D, 0xEA, 0x7B, 0xD7, 0x9B, 0x3C, 0x7C, 0xFD, 0xD4, 0xE3, 0x87, 0x91,
    0x4E, 0xA7, 0x22, 0x27, 0x9F, 0x9B, 0x2F, 0xE0, 0x67, 0xA7, 0x2F, 0x79, 0xF4, 0xAA, 0x4C, 0xC7,
    0xB1, 0xF1, 0xA3, 0x57, 0x4E, 0x34, 0xC0, 0xFF, 0x89, 0x67, 0x1F, 0x69, 0x7A, 0xEE, 0x30, 0x86,
    0xE0, 0x46, 0x62, 0x0A, 0x44, 0xB8, 0xE8, 0xC8, 0xC5, 0xD1, 0x21, 0xE9, 0x7F, 0xD3, 0x0D, 0xE8,
    0x9F, 0x36, 0x79, 0xEF, 0x23, 0x20, 0x95, 0x48, 0x93, 0x87, 0x01, 0xA0, 0xBB, 0x2F, 0x07, 0x10,
    0xC0, 0x66, 0x26, 0x18, 0xB7, 0x25, 0xF3, 0x29, 0x8C, 0x18, 0x61, 0x7E, 0x57, 0x99, 0x0C, 0xAC,
    0xEE, 0xB3, 0x77, 0xDE, 0x3C, 0xBD, 0x2C, 0xE6, 0x7F, 0xF6, 0xCE, 0x05, 0x38, 0x8E, 0x15, 0xFC,
    0x96, 0xA9, 0x82, 0xC0, 0x9F, 0xF5, 0x42, 0x40, 0xC8, 0xA0, 0xA3, 0x70, 0xC1, 0xB8, 0x0D, 0x9B,
    0x99, 0x00, 0x91, 0xF7, 0x0C, 0x40, 0xC2, 0x90, 0x52, 0x10, 0x40, 0x6F, 0x10, 0xFC, 0x09, 0xE0,
    0x6F, 0x23, 0xDA, 0xC3, 0x00, 0xD0, 0x97, 0xCB, 0x82, 0x08, 0x01, 0x66, 0x9A, 0x10, 0xB6, 0x13,
    0x65, 0x78, 0xE6, 0x2E, 0xCB, 0xF8, 0x01, 0xB3, 0xD6, 0x8D, 0xB6, 0x4C, 0x06, 0xDD, 0x9D, 0x9D,
    0xE8, 0xEA, 0xEC, 0x44, 0x3A, 0x95, 0x6A, 0x7A, 0x23, 0x2F, 0xBD, 0xF3, 0x0E, 0x2E, 0x5C, 0xBF,
    0xBE, 0xA2, 0x60, 0x09, 0xAE, 0xED, 0x0B, 0x04, 0xDB, 0x01, 0x33, 0x4D, 0x10, 0x21, 0xD0, 0x97,
    0xF3, 0x82, 0x81, 0x12, 0x86, 0x5B, 0x82, 0x9F, 0x24, 0xDA, 0x1E, 0x06, 0x80, 0x5C, 0x57, 0x3F,
    0x40, 0x28, 0x4C, 0x87, 0xC3, 0x61, 0x22, 0x0C, 0xEC, 0xF9, 0x0C, 0xC9, 0x04, 0x5C, 0x16, 0x0D,
    0xE8, 0x31, 0x2E, 0xC0, 0x8C, 0x0C, 0x7E, 0xE9, 0xB9, 0xE7, 0x1B, 0x2E, 0xF2, 0xFA, 0x4B, 0xFF,
    0xA2, 0x04, 0xFE, 0xBC, 0x79, 0xE2, 0xCD, 0x57, 0xB0, 0x30, 0x3B, 0x15, 0xF9, 0xDD, 0xC3, 0x8F,
    0x3F, 0x8D, 0x58, 0x76, 0x5D, 0xC3, 0x79, 0x5D, 0x29, 0x10, 0xC2, 0x40, 0xA2, 0xCF, 0xFC, 0x02,
    0xA6, 0xE3, 0xF9, 0x26, 0xB9, 0xAE, 0x7E, 0xCF, 0x2A, 0xF1, 0x60, 0xB8, 0x25, 0xF8, 0xB3, 0x69,
    0x3C, 0x0C, 0x00, 0xEB, 0xFB, 0xB2, 0xA0, 0x04, 0xE0, 0xAC, 0x0A, 0xC1, 0x6D, 0x8F, 0x01, 0x55,
    0xC6, 0x13, 0x2E, 0x84, 0xC2, 0xA0, 0x42, 0xCE, 0xB8, 0x6E, 0xE1, 0xA3, 0x4F, 0x1E, 0x6D, 0xB8,
    0xC8, 0x8F, 0x5E, 0x79, 0x17, 0x82, 0xBB, 0x91, 0xF9, 0xE6, 0xDB, 0x67, 0x51, 0x28, 0x56, 0x22,
    0xBF, 0x7B, 0xE4, 0xE8, 0x61, 0xE4, 0xDB, 0x69, 0x70, 0x3E, 0x5F, 0x08, 0x08, 0x55, 0x08, 0x04,
    0xC1, 0x42, 0x17, 0x82, 0xDB, 0xE0, 0xAC, 0x0A, 0x4A, 0xBC, 0x7B, 0x06, 0x00, 0x09, 0xC3, 0xB2,
    0xF0, 0xEB, 0xCB, 0x34, 0x38, 0x48, 0xF4, 0x6E, 0xA6, 0x3B, 0x34, 0x9D, 0xE4, 0x01, 0x20, 0xBF,
    0x2E, 0x0D, 0x42, 0x04, 0x1C, 0x66, 0xC2, 0x72, 0x2A, 0x48, 0x6A, 0x69, 0x70, 0x69, 0xFE, 0x10,
    0x4E, 0xBC, 0xF4, 0xDF, 0x88, 0x47, 0x44, 0xA4, 0x39, 0x18, 0xAD, 0xF6, 0x2B, 0x15, 0x2B, 0xB8,
    0x74, 0x6E, 0x38, 0xB8, 0x58, 0x22, 0x11, 0x07, 0x00, 0xD4, 0x6A, 0x16, 0x00, 0xA0, 0x5A, 0x31,
    0x71, 0xEE, 0xCC, 0x55, 0xEC, 0xDE, 0xB7, 0x79, 0x99, 0x4A, 0xD1, 0xBA, 0x20, 0x11, 0x8F, 0xBA,
    0x01, 0x96, 0x53, 0x81, 0xC3, 0x4C, 0x10, 0x22, 0x90, 0x5F, 0x97, 0xC6, 0xD0, 0x05, 0x40, 0xD3,
    0x49, 0xBE, 0x77, 0x33, 0xDD, 0x31, 0x35, 0xC4, 0xE7, 0x25, 0x6C, 0x74, 0x85, 0x60, 0x50, 0x00,
    0xFF, 0xB6, 0x78, 0x7C, 0x87, 0x4E, 0x90, 0x07, 0x80, 0x9E, 0x4C, 0x1B, 0x08, 0x00, 0x5E, 0xAB,
    0xC1, 0xAD, 0x56, 0xA0, 0xA5, 0xD2, 0xD2, 0xEA, 0x0B, 0x5D, 0x80, 0xB0, 0xDC, 0x8F, 0xD4, 0x35,
    0xB2, 0x68, 0x14, 0x00, 0x9F, 0x7B, 0xF6, 0x59, 0x3C, 0x74, 0xDF, 0x7D, 0xF2, 0xE7, 0x04, 0x57,
    0xC6, 0xC7, 0xF1, 0xD7, 0x5F, 0xFB, 0x1A, 0x66, 0xE7, 0xE7, 0xA3, 0x02, 0xF1, 0xD2, 0x25, 0x6C,
    0xEB, 0xEB, 0x8B, 0xC4, 0x02, 0x84, 0x10, 0x11, 0x57, 0x20, 0x08, 0x12, 0x0A, 0xC0, 0xAD, 0x56,
    0xC0, 0x6B, 0x35, 0x10, 0x79, 0xCF, 0xE7, 0x31, 0x05, 0x9D, 0x20, 0xBF, 0x2D, 0x1E, 0xDF, 0x71,
    0xD9, 0xB2, 0x56, 0x05, 0xBF, 0xBE, 0x6E, 0xC7, 0x0E, 0x42, 0xF5, 0x3C, 0x00, 0x64, 0x3A, 0x7A,
    0x21, 0x40, 0x50, 0xB3, 0x39, 0x2A, 0x16, 0x43, 0x9A, 0xEA, 0x5E, 0x2C, 0x84, 0x42, 0x29, 0xF4,
    0xF2, 0x61, 0x17, 0x0A, 0x0A, 0x04, 0xF6, 0x1C, 0x79, 0x1C, 0x6F, 0xBF, 0xFE, 0x13, 0x4C, 0x8C,
    0x8F, 0x06, 0x17, 0xB9, 0x7E, 0xF9, 0x1C, 0xC6, 0x87, 0x87, 0xD0, 0x33, 0xB0, 0xC9, 0x73, 0x0B,
    0x1D, 0x0B, 0xAF, 0xBD, 0xF8, 0xCF, 0x51, 0x21, 0x99, 0xCD, 0xE1, 0xC1, 0x27, 0x9E, 0x83, 0xE5,
    0xF0, 0x48, 0xAF, 0x00, 0x15, 0xE6, 0x70, 0xA5, 0xCC, 0x83, 0xBF, 0x62, 0x31, 0xD4, 0x6C, 0x0E,
    0x01, 0x82, 0x4C, 0x47, 0x2F, 0x70, 0xED, 0x1C, 0x08, 0xD5, 0xF3, 0xFA, 0xBA, 0x1D, 0x3B, 0xDC,
    0x99, 0x8B, 0xAB, 0x82, 0x7F, 0xF7, 0x66, 0xBA, 0x43, 0x97, 0xF4, 0xDF, 0x2F, 0xE9, 0x5F, 0xB0,
    0x1A, 0xB8, 0x53, 0x01, 0xB4, 0x34, 0x20, 0x03, 0x99, 0xE0, 0x04, 0x42, 0xD2, 0xBF, 0x40, 0x58,
    0xF1, 0x29, 0x24, 0xFD, 0x3F, 0xFD, 0xF8, 0x3E, 0x7C, 0xE7, 0xFB, 0x3F, 0x81, 0x29, 0x69, 0x1C,
    0x00, 0x4E, 0x9E, 0x19, 0xC2, 0xDC, 0xFC, 0x22, 0xF2, 0x9D, 0x6D, 0xA1, 0xF9, 0xFF, 0xE3, 0x46,
    0xED, 0xFF, 0xF1, 0x8F, 0x7D, 0x08, 0x82, 0xDB, 0x0D, 0x25, 0xF2, 0x81, 0x4B, 0xCC, 0x95, 0x78,
    0x90, 0x10, 0xE0, 0x4E, 0x05, 0x82, 0xD5, 0x40, 0x88, 0x40, 0xFF, 0xBA, 0x34, 0xCE, 0x5C, 0x00,
    0x74, 0x9D, 0xE4, 0x77, 0x6F, 0xA6, 0x3B, 0xCE, 0x2D, 0x43, 0xFF, 0xB4, 0x89, 0xFF, 0x13, 0x03,
    0x90, 0x68, 0xEF, 0xD1, 0x0F, 0x02, 0x40, 0x32, 0x15, 0x43, 0x22, 0x69, 0x48, 0xFF, 0x86, 0xA1,
    0x68, 0x4E, 0x83, 0x05, 0xA6, 0x79, 0xBD, 0x36, 0x76, 0xC1, 0x04, 0x03, 0xE7, 0x6E, 0xF8, 0x1B,
    0x1E, 0x9A, 0xF1, 0xEF, 0x1E, 0x3B, 0x0F, 0xCE, 0x43, 0xDC, 0x6F, 0xDE, 0xBA, 0x01, 0xF7, 0x6C,
    0xDD, 0x10, 0xB9, 0x81, 0x77, 0x8F, 0x9D, 0x0F, 0x4D, 0x7F, 0x39, 0xFD, 0x73, 0xB1, 0x88, 0x35,
    0xA0, 0x5C, 0x5B, 0xFE, 0xA6, 0x68, 0x4E, 0x43, 0x80, 0x01, 0x04, 0x48, 0x24, 0x0D, 0x24, 0x53,
    0x5E, 0xCB, 0x39, 0x09, 0x4B, 0x42, 0xC2, 0xA6, 0xDD, 0xC0, 0xFF, 0x8B, 0x01, 0x48, 0xF4, 0xE9,
    0xDA, 0x41, 0x00, 0x48, 0xC7, 0x62, 0x48, 0x19, 0x06, 0x88, 0x10, 0x10, 0x8C, 0xA1, 0x36, 0x33,
    0x13, 0xD1, 0xBC, 0x81, 0x36, 0x56, 0x8F, 0xAE, 0x0B, 0xAE, 0x6A, 0xE7, 0xFA, 0x38, 0x48, 0xA1,
    0x00, 0x6B, 0x72, 0x12, 0xD6, 0xE4, 0x24, 0x6A, 0x13, 0x13, 0x18, 0xD4, 0x75, 0x7C, 0xFE, 0x99,
    0x67, 0x1A, 0x7E, 0x67, 0xD6, 0x6A, 0x10, 0x8C, 0x79, 0xE7, 0x52, 0xDD, 0x01, 0xB7, 0x89, 0xD5,
    0xC1, 0x5C, 0x79, 0x6F, 0x0C, 0x44, 0x08, 0xA4, 0x0C, 0x03, 0xE9, 0x98, 0x07, 0xBF, 0x84, 0x65,
    0x55, 0xF0, 0xEB, 0x6D, 0xBD, 0x07, 0x01, 0x20, 0x96, 0x4C, 0x43, 0x8F, 0x27, 0x83, 0xE0, 0xDF,
    0x4C, 0xA1, 0x16, 0xD5, 0xC6, 0xEA, 0x91, 0x85, 0x1A, 0xDA, 0xFF, 0x4D, 0xC5, 0x12, 0x78, 0xE6,
    0x93, 0x5F, 0x88, 0x04, 0x36, 0x01, 0xE0, 0xAD, 0x97, 0xBF, 0x1D, 0x2C, 0x03, 0xBE, 0xF3, 0xD3,
    0x1F, 0xA0, 0x52, 0x8A, 0x06, 0x85, 0x9F, 0x7E, 0xEE, 0x53, 0x30, 0xB9, 0x11, 0x5A, 0x09, 0x2C,
    0x74, 0x2F, 0x9A, 0x5D, 0xDB, 0xE5, 0x02, 0x33, 0x85, 0x1A, 0x98, 0x0C, 0x06, 0xEA, 0xF1, 0x24,
    0x62, 0xC9, 0xB4, 0xA7, 0xE5, 0x3C, 0x58, 0x56, 0x05, 0xFF, 0x86, 0x1E, 0xEF, 0xF9, 0x67, 0x52,
    0x31, 0xA4, 0x92, 0xBA, 0x5C, 0xC3, 0x67, 0xB0, 0xCD, 0x69, 0xA9, 0x89, 0x5D, 0xB9, 0x6C, 0x17,
    0x1E, 0xBD, 0xC9, 0x20, 0xB8, 0xAF, 0x91, 0x5D, 0x24, 0x62, 0x36, 0x9E, 0xFC, 0xC8, 0x87, 0x22,
    0x17, 0xE1, 0x5C, 0xE0, 0xE5, 0x57, 0x4F, 0x07, 0xDA, 0xFF, 0xEA, 0xD0, 0x38, 0xAE, 0x5E, 0x8B,
    0x5A, 0x3F, 0x1F, 0x3E, 0x7A, 0x10, 0xF9, 0x1C, 0x89, 0x9C, 0x4B, 0x28, 0xD7, 0x51, 0xAF, 0x0D,
    0xF9, 0x1B, 0xDB, 0xF4, 0xCA, 0x00, 0x08, 0x11, 0x48, 0x25, 0x75, 0x64, 0x24, 0xFD, 0x4B, 0x58,
    0x9A, 0xC2, 0x4F, 0x97, 0x69, 0x6A, 0x18, 0x33, 0x92, 0x74, 0x13, 0x00, 0x64, 0xB2, 0x89, 0xC8,
    0x92, 0x45, 0xD1, 0x9C, 0x86, 0xE3, 0x9A, 0x8A, 0x7F, 0xCE, 0x14, 0x66, 0x65, 0xA1, 0xCF, 0xCE,
    0x5D, 0x30, 0x9F, 0x79, 0xE5, 0xFB, 0x13, 0x6F, 0x5D, 0x88, 0x00, 0xB9, 0x7B, 0xFF, 0x66, 0xEC,
    0xD8, 0xB3, 0x31, 0xF2, 0xD9, 0xF9, 0x53, 0xD7, 0x60, 0x56, 0x4D, 0x29, 0x4C, 0xBC, 0x73, 0xA8,
    0xE7, 0x0C, 0xAE, 0xA1, 0x5E, 0x5B, 0xB8, 0x70, 0x5C, 0x13, 0x45, 0x73, 0x3A, 0x72, 0xAF, 0xDE,
    0xBD, 0x03, 0x12, 0x16, 0xBF, 0x33, 0xAB, 0xB6, 0x4C, 0x1F, 0x84, 0x08, 0xFC, 0x29, 0xE2, 0xC1,
    0x9F, 0x4D, 0x24, 0x22, 0x11, 0x57, 0x73, 0x66, 0xC6, 0x73, 0x05, 0x24, 0x03, 0xF2, 0xA6, 0xCC,
    0xEF, 0xF9, 0xE7, 0x7C, 0x99, 0x18, 0x80, 0x60, 0xDE, 0x77, 0xFE, 0x64, 0x96, 0x85, 0x2E, 0xBD,
    0x31, 0x1E, 0xDB, 0x93, 0xCF, 0x7B, 0xE7, 0x70, 0x59, 0x78, 0x1D, 0xE5, 0x5A, 0xEA, 0xB5, 0x99,
    0x69, 0xC2, 0x9C, 0x99, 0x89, 0x94, 0xDB, 0x78, 0xF7, 0x0E, 0x48, 0x58, 0x56, 0x05, 0xBF, 0x16,
    0x4B, 0x6D, 0x02, 0x80, 0x44, 0x2A, 0x17, 0x89, 0x6C, 0x4F, 0x2F, 0x59, 0x30, 0x2D, 0xE6, 0xAD,
    0xD9, 0xB3, 0x7A, 0x93, 0x9C, 0x87, 0xCC, 0xCF, 0x78, 0xC0, 0xAC, 0x99, 0x75, 0x9B, 0x70, 0xF0,
    0x48, 0xD4, 0x14, 0xBE, 0x7A, 0xEE, 0x5D, 0xCC, 0x4E, 0x4F, 0xA0, 0x54, 0x2A, 0xE2, 0xF8, 0x4F,
    0xA2, 0x81, 0xB2, 0xC1, 0x4D, 0x9B, 0xB1, 0x69, 0xEF, 0x03, 0xE1, 0x79, 0x19, 0x0F, 0x84, 0x80,
    0xCB, 0x79, 0xD4, 0xE5, 0x60, 0x9E, 0xFF, 0x6F, 0x5A, 0x0C, 0xD3, 0x4B, 0x96, 0x12, 0xE2, 0x26,
    0xF2, 0xDE, 0x01, 0x09, 0xCB, 0xAA, 0xE0, 0x4F, 0x27, 0xC9, 0x26, 0x00, 0x68, 0xCF, 0xC6, 0xD5,
    0xAA, 0x06, 0xD8, 0xE6, 0x34, 0xB8, 0x5B, 0xF5, 0x18, 0x91, 0xBB, 0xE1, 0x51, 0x9D, 0x91, 0xCF,
    0x1C, 0xFC, 0xD2, 0xE3, 0xFB, 0x10, 0x8B, 0x45, 0xDD, 0xEF, 0x57, 0x5E, 0x3F, 0x0B, 0xD7, 0xB5,
    0x21, 0xB8, 0x8B, 0x1F, 0xFC, 0xF8, 0x64, 0x83, 0xF6, 0x7F, 0xEE, 0x97, 0x0E, 0x83, 0x73, 0x6B,
    0x99, 0x73, 0xD6, 0x7D, 0x26, 0x5C, 0x70, 0xB7, 0x0A, 0xDB, 0x9C, 0x8E, 0xD4, 0x5F, 0xB6, 0x67,
    0x3D, 0x0B, 0x5B, 0xC2, 0xD2, 0x14, 0xFE, 0x66, 0x16, 0x80, 0x01, 0x20, 0xAE, 0xC7, 0xB0, 0x11,
    0x00, 0x52, 0x69, 0x23, 0x92, 0xBE, 0xEB, 0x32, 0x1B, 0xF3, 0xE5, 0x91, 0xA8, 0x96, 0xF7, 0x99,
    0x55, 0x65, 0xFC, 0x3A, 0x41, 0x30, 0x31, 0x3E, 0x8B, 0xC9, 0xB1, 0xB9, 0x10, 0xDB, 0x84, 0x60,
    0xFB, 0xDE, 0x01, 0xEC, 0xBC, 0x77, 0x43, 0xC4, 0x6A, 0x76, 0x1C, 0x17, 0xA7, 0xDF, 0xBD, 0x12,
    0x61, 0xFC, 0xE0, 0x7C, 0x5C, 0xB9, 0x8E, 0x88, 0x5A, 0x07, 0xF3, 0xE5, 0x11, 0xB8, 0xCC, 0x8E,
    0xA4, 0x1C, 0xA7, 0xD2, 0x1E, 0xD2, 0x25, 0x2C, 0x71, 0x05, 0x01, 0x2B, 0x69, 0x00, 0x03, 0x40,
    0x3C, 0x46, 0xC8, 0x46, 0x00, 0xC8, 0xC4, 0xE3, 0x91, 0xA8, 0x2B, 0xB7, 0x6D, 0x54, 0xC6, 0xC6,
    0x20, 0x1C, 0xA7, 0x91, 0xF9, 0x59, 0xC8, 0x94, 0xDC, 0x17, 0x06, 0x6E, 0x63, 0xD0, 0x59, 0x70,
    0x0E, 0xCE, 0xDC, 0xC8, 0xBC, 0x3C, 0x3C, 0x1C, 0xF9, 0x4D, 0x3C, 0x16, 0xC3, 0x87, 0x76, 0xEE,
    0x8C, 0x9E, 0xCB, 0xF7, 0xFB, 0xEB, 0x85, 0x80, 0xE3, 0xA0, 0x32, 0x36, 0x06, 0x6E, 0xDB, 0x91,
    0xE8, 0x70, 0x26, 0xEE, 0x11, 0x80, 0x84, 0x65, 0x55, 0xF0, 0x0B, 0x23, 0xB1, 0x11, 0x00, 0x62,
    0xA9, 0x4C, 0x24, 0x87, 0xDF, 0x76, 0x39, 0x46, 0xE7, 0xAB, 0x0A, 0x53, 0xF2, 0x88, 0x96, 0x0E,
    0x98, 0x9F, 0x87, 0x02, 0xC1, 0xB4, 0x39, 0x1E, 0x7A, 0xFA, 0x05, 0x24, 0x93, 0xA9, 0xC8, 0x92,
    0xDF, 0x3B, 0x2F, 0x7F, 0x07, 0xEF, 0xBE, 0xF6, 0x22, 0x6C, 0xCB, 0x8C, 0xD0, 0xC5, 0x93, 0x9F,
    0xF8, 0x3C, 0xCA, 0x35, 0x16, 0x32, 0x3C, 0xAF, 0x17, 0x02, 0x22, 0x7A, 0x6D, 0xE6, 0xDD, 0x93,
    0xED, 0xF2, 0x48, 0xBA, 0x71, 0x2C, 0x95, 0xF1, 0xAE, 0xE5, 0xC1, 0xB2, 0x2A, 0xF8, 0x13, 0x31,
    0xF9, 0xFC, 0xD3, 0xB1, 0x68, 0x2A, 0x3B, 0xB3, 0x50, 0x2B, 0x8F, 0x42, 0x70, 0x27, 0xF0, 0xFB,
    0x23, 0x5A, 0xB9, 0x09, 0x83, 0x66, 0x12, 0x36, 0x3E, 0xF2, 0xC8, 0xA1, 0xC8, 0x85, 0x16, 0x97,
    0x2A, 0xF8, 0xD9, 0xE9, 0x6B, 0x58, 0x2A, 0x94, 0x70, 0xEC, 0xDD, 0xAB, 0xD1, 0xD8, 0xC7, 0x83,
    0xFB, 0x91, 0xCF, 0x8A, 0xA6, 0x8C, 0xAF, 0x5A, 0x1B, 0xC1, 0xB5, 0xB9, 0xE3, 0xDD, 0x13, 0xB3,
    0x22, 0xD5, 0xB5, 0x99, 0xB4, 0x67, 0x01, 0x48, 0x58, 0x9A, 0xC2, 0xAF, 0x2F, 0x23, 0x01, 0x75,
    0x4D, 0xF7, 0xFC, 0xDF, 0x58, 0x52, 0x57, 0x56, 0xDB, 0xBD, 0x57, 0xE5, 0xDA, 0x3C, 0xE2, 0xB1,
    0x24, 0xB2, 0xA9, 0x2E, 0x08, 0x4A, 0xBC, 0x35, 0x61, 0xD9, 0xF5, 0x04, 0x04, 0xA1, 0xFF, 0x2F,
    0xC2, 0x53, 0xFF, 0xEC, 0xD8, 0xA5, 0x08, 0x90, 0x1B, 0x37, 0xAF, 0x47, 0x3C, 0x05, 0x80, 0x50,
    0x0C, 0x6C, 0xEC, 0xC7, 0xE8, 0xF5, 0xB0, 0xEF, 0xDB, 0xC9, 0x77, 0x2E, 0x63, 0xDF, 0xFD, 0x9B,
    0xEB, 0x7A, 0x85, 0xD5, 0x2F, 0x7D, 0x87, 0x9D, 0x82, 0x8A, 0xE6, 0x1C, 0xCA, 0xB5, 0xF9, 0x86,
    0xB4, 0x62, 0xEF, 0xDE, 0x01, 0x09, 0x8B, 0x5E, 0x27, 0x01, 0xC5, 0x0A, 0x1A, 0x40, 0xF7, 0xFD,
    0xFF, 0x84, 0xAE, 0x2B, 0x49, 0x3A, 0xDE, 0x0D, 0x58, 0xF3, 0xF3, 0xA8, 0x25, 0x13, 0x48, 0xE6,
    0xF3, 0x10, 0xC4, 0xCB, 0x85, 0x50, 0x97, 0x41, 0x55, 0xF0, 0x97, 0xB3, 0x00, 0x84, 0xCB, 0x20,
    0x84, 0x40, 0xC9, 0x34, 0x71, 0x72, 0x78, 0x18, 0xFF, 0x74, 0xEC, 0x58, 0x44, 0x03, 0xFC, 0xC6,
    0x27, 0x3E, 0x81, 0x34, 0x04, 0xB8, 0xCB, 0x1A, 0xB6, 0x8D, 0x09, 0xE2, 0x00, 0xD2, 0x2F, 0xAE,
    0xCD, 0xCF, 0xC3, 0x9A, 0x9F, 0x8F, 0x26, 0x12, 0x09, 0xE1, 0xDD, 0x3B, 0x00, 0x09, 0xCB, 0xAA,
    0xE0, 0x27, 0xC4, 0xC8, 0x7B, 0xC2, 0x33, 0x11, 0xC8, 0x14, 0x3F, 0x33, 0x63, 0xBE, 0x68, 0x23,
    0x19, 0xB7, 0x90, 0xCF, 0x26, 0x40, 0x08, 0x55, 0x0A, 0xC1, 0xFC, 0xB2, 0x6F, 0xD2, 0xD0, 0xEB,
    0x8C, 0x93, 0x24, 0x1E, 0xFB, 0xD8, 0xF3, 0xF8, 0xEE, 0x37, 0xBF, 0x16, 0x7C, 0x73, 0xE5, 0xCC,
    0x31, 0x68, 0x7A, 0x54, 0x33, 0x1E, 0x3C, 0xF2, 0x30, 0xE2, 0x1D, 0x03, 0x70, 0x5C, 0xDE, 0xB4,
    0x5F, 0x20, 0x22, 0xED, 0xC2, 0xBC, 0x04, 0x98, 0xF9, 0xA2, 0x85, 0xF9, 0xA2, 0x1D, 0x3E, 0x79,
    0x79, 0xBF, 0x7A, 0x2C, 0x21, 0x85, 0x8A, 0xB1, 0xFA, 0xE7, 0x2F, 0xE9, 0x3F, 0x99, 0xD4, 0x1A,
    0x36, 0xED, 0x71, 0x6A, 0x73, 0xB0, 0x63, 0x49, 0xC4, 0x25, 0xFD, 0x83, 0x7B, 0x7F, 0xCD, 0x7D,
    0x1E, 0x10, 0x72, 0xA5, 0x58, 0x59, 0xB5, 0xFB, 0xE8, 0x47, 0xF6, 0xE0, 0x47, 0xAF, 0xBC, 0x03,
    0xC7, 0x09, 0x15, 0xC2, 0x4F, 0xDF, 0xB8, 0x88, 0xB1, 0x89, 0x79, 0xB8, 0x2E, 0x53, 0x9E, 0x3D,
    0xC5, 0x2F, 0x3F, 0xBD, 0x1F, 0x9C, 0x59, 0xF5, 0xCD, 0x92, 0x50, 0xDF, 0x29, 0xC8, 0xA7, 0x7F,
    0xDB, 0x9C, 0x83, 0x53, 0x9B, 0x6B, 0xA8, 0x2D, 0xF0, 0xEE, 0x1D, 0xD0, 0x57, 0xA0, 0xFF, 0x7A,
    0x01, 0xE0, 0xEF, 0x60, 0xA2, 0x53, 0x8D, 0xB4, 0x03, 0x80, 0x61, 0x68, 0x61, 0xA6, 0x92, 0x40,
    0x90, 0x79, 0xB4, 0x58, 0x19, 0x03, 0xA5, 0x40, 0x3A, 0xD1, 0x2E, 0x99, 0x9F, 0xF8, 0x5D, 0x9F,
    0xEA, 0x73, 0x3F, 0x20, 0x04, 0x70, 0xEA, 0x9D, 0xA8, 0x94, 0xDB, 0x75, 0xEF, 0x46, 0xB8, 0xDC,
    0x0E, 0x5E, 0xAB, 0x02, 0xE0, 0xDA, 0xE5, 0x49, 0x14, 0x96, 0x8A, 0x68, 0xCB, 0x26, 0xEB, 0x5A,
    0x85, 0xD5, 0x27, 0x04, 0x09, 0x54, 0x6A, 0x4B, 0x58, 0xAC, 0x8C, 0x49, 0xFF, 0xC8, 0x27, 0x12,
    0x0F, 0x3B, 0x86, 0xA1, 0xC9, 0x64, 0x0A, 0xD2, 0x5E, 0xB7, 0x21, 0xC3, 0x72, 0x26, 0x60, 0x00,
    0xBF, 0x46, 0x3C, 0xF8, 0x63, 0x9A, 0x16, 0xD1, 0xAA, 0x02, 0x5E, 0x06, 0x5E, 0x75, 0x7C, 0x02,
    0x14, 0x40, 0x3C, 0xE7, 0xC1, 0x4F, 0x49, 0x34, 0x09, 0x4A, 0x48, 0xF8, 0x9B, 0x09, 0x80, 0xAF,
    0xBE, 0xFC, 0x32, 0xBE, 0xFA, 0xF2, 0xCB, 0x4D, 0x55, 0xD0, 0xF6, 0x8D, 0x1B, 0xF1, 0xA9, 0xA7,
    0x9E, 0x42, 0xBF, 0x61, 0x80, 0xD7, 0x6A, 0xD1, 0x64, 0x28, 0xA5, 0x6D, 0x58, 0x10, 0xF8, 0x2C,
    0x2C, 0xA1, 0x3A, 0x3E, 0xE1, 0x65, 0x03, 0xD6, 0xE5, 0x04, 0xC4, 0x34, 0x0F, 0x7E, 0x09, 0xCB,
    0xAA, 0xE0, 0x27, 0x94, 0xB6, 0x7B, 0xC2, 0x33, 0x1E, 0x08, 0x1B, 0x28, 0xD9, 0x79, 0x63, 0xF3,
    0x26, 0x40, 0x28, 0xDA, 0x33, 0x31, 0xA5, 0xDD, 0x5B, 0xD8, 0xFF, 0x10, 0x4A, 0x48, 0xCC, 0x7F,
    0xBF, 0xE9, 0xDE, 0xA3, 0xE8, 0x3B, 0xF6, 0x53, 0x4C, 0x8E, 0x0D, 0x4B, 0x5F, 0x98, 0x83, 0xDB,
    0x21, 0xA1, 0x27, 0x92, 0x29, 0x1C, 0xFE, 0xC8, 0xAF, 0xC0, 0xB4, 0x19, 0x1A, 0x1E, 0x7C, 0x90,
    0x0F, 0xA1, 0x64, 0xCE, 0x09, 0x8E, 0xA5, 0xB2, 0x8D, 0xB1, 0x79, 0x33, 0xCC, 0x18, 0x14, 0xA1,
    0x0A, 0xD0, 0x74, 0xCF, 0x02, 0x92, 0xB0, 0xAC, 0xEE, 0xF9, 0x4B, 0xFA, 0x8F, 0x07, 0xF4, 0xAF,
    0x06, 0xE1, 0x38, 0xEC, 0xCA, 0x28, 0x34, 0x0A, 0x90, 0x44, 0x3B, 0x28, 0x21, 0xA1, 0x00, 0x24,
    0xCD, 0x7B, 0x3E, 0x66, 0x93, 0x02, 0x1F, 0x7E, 0x68, 0x1F, 0x5E, 0x52, 0x96, 0xFA, 0xCE, 0x5C,
    0x1C, 0xC7, 0xC4, 0x4C, 0xB4, 0xFB, 0xF1, 0xD1, 0x07, 0xEE, 0x45, 0x3E, 0xCB, 0x21, 0x38, 0x5B,
    0x46, 0x00, 0x28, 0xFD, 0x02, 0x85, 0x80, 0x5B, 0x5B, 0x82, 0x5D, 0x19, 0x8D, 0x64, 0xCB, 0xFA,
    0xF4, 0x1F, 0x97, 0xF4, 0xAF, 0xAD, 0x40, 0xFF, 0x74, 0x19, 0x04, 0x68, 0x84, 0x78, 0x6B, 0x86,
    0xBE, 0x96, 0x09, 0xA6, 0x7C, 0xCF, 0x39, 0xC3, 0x42, 0x79, 0x14, 0x45, 0x73, 0x1A, 0x2E, 0x77,
    0xC0, 0xB8, 0x13, 0xF5, 0xFB, 0x95, 0xD7, 0x43, 0x97, 0xC6, 0x51, 0x2A, 0x54, 0x23, 0x80, 0x6E,
    0xDB, 0xDB, 0x1F, 0xF8, 0xF2, 0xDB, 0xF7, 0xAE, 0xAF, 0x33, 0x91, 0x05, 0xCE, 0x9C, 0x18, 0x8A,
    0xC4, 0x00, 0x22, 0xAF, 0xB9, 0x03, 0x97, 0x3B, 0x28, 0x9A, 0xD3, 0x58, 0x28, 0x8F, 0x82, 0x73,
    0x16, 0xB9, 0x37, 0xF5, 0x5E, 0x65, 0x60, 0xDE, 0x97, 0x7C, 0x37, 0x4B, 0x00, 0x1A, 0xF5, 0xD7,
    0x4C, 0x23, 0xDA, 0x26, 0x7C, 0xCD, 0x19, 0x43, 0x75, 0x6C, 0x1C, 0xB5, 0xD9, 0x19, 0x70, 0xC7,
    0x01, 0xF7, 0x7D, 0x7E, 0x3F, 0x00, 0xE8, 0xBA, 0xC1, 0x67, 0x37, 0x3B, 0xD6, 0x75, 0x76, 0xE2,
    0x9E, 0xFE, 0x7E, 0x38, 0xB3, 0x33, 0x70, 0xCB, 0x65, 0x19, 0x23, 0x60, 0x75, 0xE7, 0x94, 0xE7,
    0x75, 0x1C, 0xD4, 0x66, 0x67, 0x50, 0x1D, 0x1B, 0xF7, 0xDC, 0x80, 0x26, 0xF7, 0xE9, 0x13, 0x2E,
    0xC5, 0xEA, 0xE1, 0x07, 0xA1, 0x06, 0x50, 0x9F, 0x9E, 0xEB, 0x57, 0xE0, 0x09, 0x30, 0xEE, 0x99,
    0xDD, 0x33, 0x05, 0x0B, 0x8E, 0x1B, 0xF5, 0xD1, 0x5D, 0xC6, 0x15, 0xD7, 0xC0, 0x7F, 0x2F, 0x50,
    0xAC, 0x71, 0x3C, 0xFA, 0xCB, 0x9F, 0x5D, 0x16, 0xFE, 0x07, 0x3F, 0xF2, 0x2C, 0x4C, 0x91, 0xF0,
    0xCE, 0xC3, 0xB8, 0xF7, 0xB7, 0xBE, 0xA9, 0xEF, 0xBF, 0x97, 0x2E, 0x80, 0xE3, 0x72, 0xCC, 0x14,
    0x2C, 0x8C, 0xCE, 0x57, 0xC1, 0x38, 0x0F, 0xEE, 0xAB, 0xBE, 0xB8, 0x48, 0x4A, 0x80, 0xD5, 0x3F,
    0x7F, 0xE2, 0xAF, 0x99, 0xAB, 0x29, 0xDA, 0x3C, 0xA8, 0xC2, 0xE3, 0x9C, 0xC1, 0x2A, 0x8F, 0xC0,
    0x31, 0xA7, 0x3D, 0x77, 0x40, 0xF1, 0xF9, 0x7D, 0xB3, 0x9D, 0xF3, 0x70, 0x49, 0x90, 0x73, 0x0B,
    0x1F, 0x7B, 0x7C, 0x17, 0x34, 0x8D, 0x2A, 0xEE, 0x2E, 0xC3, 0xF4, 0x4C, 0x31, 0xAA, 0xFD, 0x9F,
    0xDC, 0x0B, 0xCE, 0x2C, 0xE5, 0xEF, 0x54, 0x77, 0x22, 0x7A, 0x1D, 0xC7, 0x9C, 0x86, 0x55, 0x1E,
    0x91, 0xF4, 0x1F, 0xA6, 0x10, 0x07, 0xCF, 0x5F, 0xD2, 0x3F, 0x5D, 0x81, 0xFE, 0xF5, 0x15, 0xF6,
    0x32, 0x0B, 0xA5, 0x5E, 0x50, 0x82, 0x4B, 0xA3, 0xC4, 0xC0, 0x19, 0x0A, 0xD5, 0x29, 0xD8, 0x6E,
    0x15, 0x6D, 0xA9, 0x6E, 0xE8, 0x34, 0x16, 0xB1, 0x02, 0x88, 0x54, 0x85, 0xA7, 0xDE, 0x19, 0x8A,
    0x5C, 0xA4, 0xB7, 0xBF, 0x1B, 0x6D, 0x1D, 0x3A, 0xB8, 0xF0, 0x98, 0x23, 0xD7, 0x15, 0x43, 0x77,
    0x4F, 0x27, 0x66, 0xA7, 0x17, 0x42, 0xE9, 0x78, 0xE2, 0x3A, 0x0E, 0x7F, 0x78, 0x6B, 0x60, 0x79,
    0xA8, 0xDA, 0xDF, 0xE5, 0x36, 0x4A, 0xD5, 0x59, 0x98, 0x76, 0x11, 0x9C, 0x2B, 0x92, 0x3F, 0x72,
    0xAF, 0x8A, 0xC9, 0x18, 0x0A, 0xBB, 0x95, 0x7A, 0x52, 0x2F, 0x0F, 0xBF, 0x5F, 0x73, 0xC0, 0x29,
    0x04, 0xE5, 0x61, 0x1A, 0x34, 0x17, 0x30, 0xA7, 0xA7, 0xC1, 0x2A, 0x55, 0x24, 0xBB, 0xBB, 0x41,
    0x0D, 0x23, 0x50, 0x02, 0x42, 0xBA, 0x05, 0xAB, 0x49, 0x04, 0x9A, 0x59, 0x58, 0xC0, 0xF7, 0xDF,
    0x78, 0x03, 0xDF, 0x07, 0x70, 0xFF, 0x3D, 0xF7, 0xE0, 0xD7, 0x8E, 0xDC, 0x0F, 0x83, 0x6A, 0x91,
    0x96, 0xE1, 0x02, 0x00, 0x77, 0x1C, 0x98, 0xB3, 0xB3, 0xB0, 0xCB, 0x25, 0x49, 0xF4, 0xCA, 0xE4,
    0x6A, 0x9D, 0xC4, 0x1A, 0xC0, 0x8F, 0xB0, 0xFA, 0x8E, 0xD6, 0x59, 0x18, 0x9C, 0x0B, 0x4C, 0x2D,
    0xD6, 0x50, 0xB6, 0x38, 0xD6, 0xE5, 0x12, 0x30, 0x34, 0xBF, 0xED, 0xB7, 0x08, 0x96, 0x04, 0x83,
    0x85, 0x61, 0x69, 0x0F, 0x5F, 0xBB, 0x36, 0xBC, 0xEC, 0xC5, 0x87, 0x87, 0x47, 0xD0, 0xB3, 0x9B,
    0x23, 0x9A, 0xF9, 0x2C, 0x22, 0xED, 0xA2, 0x85, 0x10, 0x70, 0x18, 0xC7, 0x4C, 0xA1, 0x86, 0x72,
    0xD5, 0x8E, 0xC2, 0xEE, 0x0B, 0xE7, 0x80, 0x16, 0xB0, 0x36, 0xCF, 0x1F, 0x1C, 0x10, 0x34, 0x9A,
    0x80, 0x27, 0xBC, 0x7E, 0xFE, 0x76, 0x75, 0x12, 0xC2, 0xAD, 0x20, 0x96, 0x5A, 0x07, 0x4A, 0xE5,
    0x6A, 0x99, 0x9F, 0x11, 0x5B, 0xE7, 0x68, 0x74, 0xB4, 0x01, 0x0F, 0x1D, 0xD9, 0x8D, 0x9F, 0xBE,
    0x71, 0xA6, 0xE9, 0xC5, 0x8F, 0x7E, 0x68, 0x0F, 0x3A, 0xB3, 0x72, 0x15, 0xA1, 0x89, 0xF6, 0x0F,
    0x2C, 0x30, 0xEE, 0xC0, 0xAE, 0xCE, 0xC0, 0xB1, 0x8B, 0xF2, 0x79, 0x47, 0xE9, 0x1F, 0x7E, 0xEF,
    0x8C, 0x9B, 0x78, 0xFE, 0xFA, 0x72, 0x5D, 0x82, 0x85, 0x80, 0x43, 0x08, 0x8C, 0x90, 0xA8, 0x20,
    0x8B, 0x4E, 0x28, 0x04, 0x15, 0xB2, 0xA0, 0x83, 0x80, 0x73, 0xA0, 0x6A, 0x17, 0x60, 0xB1, 0x32,
    0xD2, 0xF1, 0x4E, 0x24, 0x63, 0x59, 0x50, 0xAA, 0x05, 0xCC, 0xEF, 0xD8, 0x2E, 0x2E, 0x9D, 0x19,
    0x8F, 0xA6, 0x77, 0xDE, 0x3B, 0x08, 0x57, 0xF1, 0x71, 0x38, 0x18, 0x76, 0xDE, 0xBB, 0x21, 0x22,
    0x00, 0xA6, 0xC6, 0x16, 0x31, 0x3B, 0xB5, 0x88, 0xCE, 0x75, 0x6D, 0x01, 0xF1, 0x73, 0xCE, 0x60,
    0xDA, 0x45, 0x54, 0xAC, 0x05, 0x30, 0xC6, 0x82, 0x3C, 0x80, 0x90, 0xF8, 0x11, 0x98, 0xC2, 0xDE,
    0x3D, 0x07, 0x1D, 0x76, 0x9D, 0x9B, 0xEC, 0x84, 0x4C, 0x94, 0x8D, 0xDA, 0x1C, 0x0A, 0x18, 0x88,
    0x30, 0xBF, 0xBC, 0x86, 0x9A, 0x09, 0x4A, 0x04, 0x9C, 0x52, 0x11, 0xAC, 0x5A, 0x41, 0xBC, 0xBD,
    0x03, 0x46, 0x36, 0x0B, 0xAA, 0x69, 0x2B, 0xC6, 0x00, 0x9E, 0x79, 0xE8, 0x21, 0xEC, 0xBE, 0xC7,
    0xCB, 0x07, 0xB7, 0x1D, 0x07, 0xE3, 0xB3, 0xB3, 0x78, 0xF5, 0xE4, 0x49, 0x4C, 0x2F, 0x84, 0xF0,
    0xBF, 0x7D, 0xED, 0x1A, 0x20, 0x04, 0x3E, 0x7B, 0xFF, 0xFD, 0x61, 0xDF, 0x24, 0xC6, 0xE0, 0x14,
    0x8B, 0xB0, 0x96, 0x16, 0x03, 0xAD, 0x1F, 0x79, 0xF8, 0xCD, 0x0A, 0x87, 0x24, 0x2C, 0xAB, 0x85,
    0x1F, 0x82, 0x3B, 0x20, 0xD4, 0x08, 0x04, 0x09, 0x17, 0x10, 0x54, 0x56, 0xE3, 0x90, 0xB0, 0x5C,
    0x99, 0x50, 0x81, 0x52, 0xD5, 0x41, 0xD5, 0x62, 0xE8, 0xC8, 0xC4, 0x91, 0x4D, 0xE9, 0x5E, 0xCA,
    0x34, 0x1A, 0xD3, 0x22, 0x6A, 0x95, 0x22, 0x4E, 0xBC, 0xFC, 0x4F, 0xCB, 0x5E, 0x7C, 0xE8, 0xCC,
    0x31, 0x0C, 0xEE, 0xFE, 0x10, 0xBA, 0x07, 0xB6, 0x46, 0xEB, 0x1E, 0x24, 0x06, 0x18, 0xE7, 0x28,
    0x56, 0x5D, 0x2C, 0x96, 0x2D, 0x30, 0x16, 0x3E, 0xE7, 0x68, 0xC1, 0x94, 0x72, 0x0C, 0x34, 0x07,
    0x5F, 0xFD, 0xF3, 0x17, 0x70, 0xA8, 0x42, 0xFF, 0x3C, 0xA0, 0x2F, 0x40, 0x50, 0x5F, 0x28, 0x7A,
    0xF1, 0x2F, 0xD7, 0x2E, 0x80, 0xB3, 0x0A, 0x8C, 0x78, 0x07, 0xF4, 0x58, 0xCE, 0xDB, 0xF0, 0x43,
    0x65, 0x7E, 0x1F, 0x09, 0x8C, 0xE1, 0x99, 0x27, 0x76, 0xE2, 0xB5, 0xB7, 0xCE, 0x82, 0x73, 0x51,
    0x17, 0xF9, 0xA7, 0x78, 0xE6, 0x89, 0x5D, 0x10, 0xCC, 0x6A, 0xE8, 0x10, 0x1C, 0x18, 0xA2, 0x9C,
    0xC1, 0xB5, 0x0B, 0x70, 0xAC, 0x45, 0xCF, 0x22, 0xE4, 0x50, 0x14, 0x80, 0x67, 0x39, 0x87, 0xF7,
    0x1A, 0xC2, 0xCF, 0x57, 0xA0, 0x7F, 0xBA, 0xDC, 0xFE, 0x04, 0xDC, 0x15, 0x05, 0x2F, 0x77, 0x9F,
    0x81, 0x0B, 0x2E, 0x35, 0xAD, 0x90, 0xE6, 0x8F, 0x27, 0xFD, 0xB9, 0x08, 0xB5, 0x0D, 0x63, 0x2E,
    0x4A, 0xB5, 0x59, 0x2C, 0x94, 0x87, 0x51, 0xAE, 0xCD, 0xC2, 0x71, 0x6B, 0xE0, 0xDC, 0xC5, 0xA5,
    0x33, 0x63, 0xB0, 0xAD, 0xA8, 0x19, 0xBC, 0x65, 0x4F, 0x4F, 0x5D, 0xC6, 0xA0, 0x8B, 0xAD, 0x7B,
    0x7A, 0x1A, 0x9E, 0xC6, 0xD9, 0x77, 0xBD, 0xD5, 0x06, 0xC7, 0xAD, 0xA1, 0x2C, 0xCF, 0x5D, 0xAA,
    0xCD, 0x82, 0x31, 0x37, 0xBC, 0x17, 0xA9, 0x89, 0xB8, 0xA2, 0xF9, 0xBC, 0x7B, 0xE3, 0x70, 0xA4,
    0x2F, 0x29, 0x61, 0xB9, 0x99, 0xED, 0x97, 0x83, 0xDF, 0x30, 0xE1, 0xC1, 0x6F, 0xB9, 0x6E, 0x14,
    0xF6, 0xFA, 0xCA, 0x44, 0x9F, 0x40, 0x5C, 0x17, 0xD6, 0xDC, 0x1C, 0xAA, 0xA3, 0x23, 0xB0, 0xE6,
    0xE6, 0xC0, 0x6A, 0x66, 0xB0, 0x2A, 0xD0, 0x90, 0xEF, 0xCF, 0x39, 0x06, 0x18, 0xC3, 0x00, 0x63,
    0xD8, 0xA2, 0x69, 0x78, 0x74, 0xC3, 0x06, 0xFC, 0xC7, 0xCF, 0x7C, 0x06, 0xDB, 0x06, 0x06, 0x22,
    0xBF, 0x7B, 0xFB, 0xFA, 0x75, 0x4C, 0x2D, 0x2E, 0x82, 0xD5, 0xCC, 0xC8, 0xB9, 0xB9, 0xEB, 0x2A,
    0x44, 0xCE, 0x15, 0xCD, 0xC7, 0x23, 0x38, 0xB0, 0xA4, 0xFB, 0x21, 0x61, 0x59, 0x15, 0xFC, 0x82,
    0xB3, 0x02, 0x00, 0xB8, 0x8E, 0x05, 0xCE, 0x7D, 0xB3, 0xB7, 0x09, 0xBE, 0x25, 0x1D, 0xB8, 0x8C,
    0x63, 0xB6, 0x68, 0x61, 0x78, 0xD6, 0xC4, 0x5C, 0xD1, 0x46, 0xCD, 0x66, 0x91, 0x48, 0x3D, 0xE3,
    0x02, 0xEF, 0xBE, 0xF4, 0x8F, 0x70, 0x94, 0x88, 0x7F, 0x22, 0x99, 0x42, 0xCF, 0xFA, 0x8D, 0x91,
    0xCB, 0xBF, 0xFB, 0xA3, 0x7F, 0x80, 0xE3, 0xBA, 0x91, 0xBF, 0xAD, 0xD9, 0x0C, 0x73, 0x45, 0x1B,
    0xC3, 0xB3, 0x26, 0x66, 0x8B, 0x16, 0x5C, 0xC6, 0x15, 0x22, 0x8F, 0xD2, 0xA3, 0x7A, 0xAF, 0xAE,
    0x63, 0xF9, 0x3B, 0xEF, 0xAC, 0xFE, 0xF9, 0x4B, 0xFA, 0xB7, 0x6C, 0x26, 0xAF, 0xC5, 0xC3, 0xE7,
    0xCF, 0x79, 0x23, 0xFE, 0x99, 0x03, 0xA7, 0x36, 0x0B, 0xAB, 0x7C, 0x1D, 0x6E, 0x6D, 0x06, 0xDC,
    0x35, 0xC3, 0xB5, 0x7B, 0x7F, 0x2D, 0x5F, 0xB8, 0xE8, 0xCA, 0x32, 0x1C, 0xB9, 0x6F, 0x7B, 0xC3,
    0x85, 0x1F, 0x3A, 0xB2, 0x13, 0xF9, 0x36, 0x27, 0xC8, 0xF2, 0x53, 0xFF, 0x96, 0xBB, 0x26, 0xDC,
    0xDA, 0x0C, 0xAC, 0xF2, 0x75, 0x38, 0xB5, 0x59, 0x08, 0xE6, 0x34, 0xD0, 0x9F, 0xE0, 0x3C, 0x7C,
    0xFE, 0xF2, 0x39, 0x59, 0x92, 0xFE, 0xD9, 0x0A, 0xF4, 0xAF, 0x37, 0x41, 0x00, 0x07, 0xC0, 0x99,
    0x8B, 0x45, 0xCD, 0x40, 0x97, 0x65, 0x3A, 0x0A, 0xA2, 0x69, 0xD0, 0xEF, 0xC3, 0xBB, 0xB0, 0x2C,
    0x88, 0x91, 0x69, 0x4F, 0x44, 0x00, 0x8C, 0x3B, 0xA8, 0x58, 0x8B, 0x30, 0xED, 0x25, 0xE8, 0x5A,
    0x1C, 0xA7, 0x8F, 0x5F, 0x6F, 0x00, 0xF6, 0xC5, 0x7F, 0x7E, 0x47, 0xFA, 0x2C, 0xAA, 0x58, 0x6A,
    0xCC, 0xD0, 0x3C, 0xF7, 0xEE, 0x28, 0xF6, 0x1C, 0xCD, 0xC0, 0x65, 0x16, 0xB8, 0x1A, 0x88, 0xAB,
    0x97, 0x7A, 0x91, 0xFE, 0xE9, 0x21, 0x61, 0x5A, 0xA6, 0x23, 0x11, 0x80, 0xC5, 0x48, 0x3D, 0xE6,
    0xCA, 0x04, 0xC0, 0x01, 0x70, 0x87, 0x8B, 0x45, 0x43, 0x23, 0x5D, 0xA6, 0xEB, 0x06, 0xCC, 0xC5,
    0x39, 0x85, 0x20, 0x00, 0xA7, 0x5E, 0xDC, 0x9F, 0x08, 0xA2, 0xB4, 0x38, 0x27, 0x81, 0x79, 0x6E,
    0x2F, 0x2D, 0xC2, 0x29, 0x2C, 0x41, 0x8B, 0xC5, 0x9B, 0x56, 0x9E, 0x08, 0xC7, 0x91, 0x01, 0x3E,
    0x3F, 0xE3, 0xC7, 0x04, 0x0A, 0x05, 0x3C, 0xBA, 0x73, 0x07, 0x2E, 0x8F, 0x8D, 0x45, 0x71, 0x70,
    0xE5, 0x32, 0xEE, 0xEF, 0xEC, 0x8C, 0xC2, 0xEC, 0xC7, 0x61, 0x7C, 0x98, 0x21, 0x94, 0xD2, 0x58,
    0x11, 0x08, 0x29, 0x53, 0x0A, 0x00, 0x87, 0x8B, 0x55, 0xC3, 0x2F, 0xB8, 0xB3, 0x48, 0x34, 0xA3,
    0xCB, 0xB5, 0xCC, 0x40, 0xA0, 0x50, 0xEA, 0x95, 0x22, 0x7B, 0x2D, 0xAA, 0x3C, 0x0B, 0x90, 0x80,
    0x7B, 0x78, 0x90, 0x7F, 0xEE, 0x32, 0x8E, 0x85, 0x8A, 0x83, 0xA5, 0xAA, 0x8B, 0x98, 0x41, 0x91,
    0x8C, 0x69, 0x48, 0x18, 0x1A, 0x16, 0x47, 0xCF, 0x61, 0xFC, 0xF2, 0xCF, 0x22, 0x17, 0xDB, 0xFF,
    0xE0, 0x93, 0xE8, 0xE8, 0xD9, 0x80, 0xEF, 0xFD, 0xDD, 0x5F, 0x85, 0x15, 0x71, 0xF3, 0x53, 0xB8,
    0xF8, 0xCE, 0x4B, 0xD8, 0xB0, 0xFF, 0x23, 0xA8, 0x39, 0x0C, 0xA6, 0xCD, 0x60, 0x3B, 0x5C, 0x3E,
    0x7F, 0x5E, 0x17, 0xEB, 0x08, 0xDB, 0xA4, 0xF9, 0x84, 0x2F, 0x02, 0x1A, 0x10, 0x70, 0xA5, 0xB0,
    0x11, 0xDC, 0x59, 0xFD, 0xF3, 0x77, 0xB1, 0x68, 0x18, 0xE8, 0xAA, 0x9A, 0xAE, 0x64, 0x28, 0x0A,
    0xAE, 0x34, 0x67, 0xA2, 0x92, 0xFE, 0x39, 0x21, 0x5E, 0x92, 0x98, 0xAC, 0x04, 0x12, 0xDC, 0x81,
    0x6B, 0x2D, 0x82, 0xD9, 0x4B, 0xA0, 0x5A, 0x1C, 0x9A, 0x9E, 0x04, 0xD5, 0x12, 0x80, 0x66, 0x78,
    0x65, 0xD4, 0x82, 0xE1, 0xA1, 0x43, 0xEB, 0xF1, 0xE6, 0x3B, 0x17, 0x23, 0x17, 0x7E, 0xE0, 0x60,
    0x1F, 0x04, 0x97, 0x02, 0x4B, 0x30, 0x08, 0xE6, 0x80, 0xB3, 0x1A, 0x98, 0x6B, 0xCA, 0x98, 0x80,
    0x68, 0xB0, 0xF8, 0xB8, 0x42, 0xFF, 0x41, 0x51, 0x5C, 0x60, 0x01, 0x70, 0x54, 0x4D, 0xD7, 0xDF,
    0x3F, 0x60, 0x59, 0xF8, 0xF5, 0x26, 0xC0, 0x33, 0x00, 0xCC, 0xB1, 0x30, 0x16, 0x4B, 0x62, 0x9B,
    0x59, 0x71, 0xA4, 0x84, 0x05, 0x88, 0xE0, 0xA0, 0x12, 0xE8, 0x60, 0xA7, 0x03, 0x2E, 0x40, 0x41,
    0x00, 0x1A, 0xFA, 0x6D, 0x44, 0x56, 0x45, 0x15, 0x0B, 0x65, 0x8C, 0x0D, 0x2D, 0x35, 0x60, 0x79,
    0xE4, 0xEA, 0xEC, 0x4D, 0xF9, 0xC4, 0xC5, 0x45, 0x13, 0x13, 0x23, 0x0B, 0xE8, 0x5E, 0x9F, 0x0A,
    0x3B, 0x05, 0x05, 0xC2, 0xC7, 0x07, 0x16, 0xA1, 0x46, 0x0A, 0xB4, 0x80, 0x37, 0xCD, 0x8A, 0x27,
    0x00, 0x1C, 0x0B, 0x63, 0x75, 0x9D, 0x52, 0xC5, 0x0A, 0x0F, 0x9F, 0x01, 0x60, 0x35, 0x60, 0x2C,
    0x05, 0x6C, 0x2B, 0xDB, 0xB6, 0xA7, 0xF9, 0x40, 0xC1, 0xA9, 0x77, 0xA4, 0x3C, 0x34, 0xFF, 0xD5,
    0x92, 0x68, 0x11, 0x6C, 0xFC, 0x21, 0x4D, 0x2F, 0xCB, 0xF2, 0x4A, 0x5B, 0xEB, 0x86, 0x5B, 0xA9,
    0xC0, 0x59, 0x5A, 0x54, 0x4A, 0x9F, 0xBD, 0x07, 0xC6, 0x16, 0x16, 0x1B, 0x7E, 0x5B, 0xB5, 0xA2,
    0x6B, 0xFB, 0xBE, 0x9F, 0x17, 0xF5, 0xFD, 0xD5, 0x2E, 0x39, 0xBE, 0x46, 0xE4, 0x28, 0xDB, 0xDE,
    0xB5, 0x6B, 0x58, 0x3D, 0xFC, 0x70, 0xCC, 0x31, 0x18, 0xA9, 0x6D, 0xB6, 0x59, 0x06, 0xE7, 0x0C,
    0x94, 0x7A, 0x5A, 0x95, 0x10, 0x0E, 0xC2, 0x3D, 0x88, 0x09, 0x64, 0x4B, 0x24, 0xCE, 0xBD, 0x96,
    0xB8, 0x01, 0x06, 0xBC, 0x52, 0x6D, 0xCB, 0xE1, 0xB0, 0x1C, 0x01, 0xC1, 0xAA, 0xB8, 0xF8, 0x52,
    0xB4, 0xD0, 0x27, 0x99, 0xCE, 0x22, 0xBF, 0xE3, 0xC3, 0x60, 0xC4, 0xC0, 0xBA, 0x81, 0xCD, 0x98,
    0x19, 0x0B, 0xE3, 0x44, 0x97, 0x8E, 0xFD, 0x00, 0xB4, 0x7B, 0x0F, 0xF4, 0x54, 0x7B, 0xB8, 0xFC,
    0xA7, 0xC0, 0x89, 0x40, 0x23, 0x8B, 0xC0, 0xEC, 0xF5, 0x35, 0x74, 0xA0, 0xA9, 0x39, 0x83, 0x6D,
    0x96, 0x65, 0xB4, 0xCD, 0x5C, 0x35, 0xFC, 0x55, 0x4B, 0x8C, 0xA5, 0x92, 0x64, 0x5B, 0xB9, 0x62,
    0x07, 0xF8, 0xE4, 0x82, 0x80, 0x4B, 0xFA, 0xF7, 0x97, 0xFC, 0x08, 0x17, 0xDE, 0x32, 0x30, 0x95,
    0x8A, 0x51, 0xB1, 0xF8, 0x05, 0xAB, 0x81, 0x71, 0x0B, 0x8C, 0xC0, 0x5B, 0x2E, 0xA5, 0x3A, 0x08,
    0xD1, 0x21, 0xEC, 0x4A, 0xC3, 0xC5, 0xB9, 0x35, 0x09, 0xB7, 0x96, 0x52, 0x92, 0x7B, 0x78, 0xA4,
    0x0A, 0x36, 0xC4, 0x43, 0xC8, 0xE8, 0xA2, 0x8E, 0xFE, 0x79, 0x1D, 0xFD, 0x97, 0x2B, 0xB6, 0xA4,
    0x21, 0xB1, 0x2C, 0xFC, 0xB4, 0x0E, 0x01, 0xC1, 0xFE, 0xE4, 0x76, 0x85, 0x8F, 0x02, 0x40, 0xB5,
    0x2C, 0x19, 0x80, 0x73, 0x08, 0x56, 0x6F, 0x6E, 0xF3, 0x46, 0xFF, 0x53, 0x09, 0x9C, 0x0D, 0x9D,
    0x2D, 0x78, 0x3E, 0xDA, 0x6D, 0x8C, 0xA1, 0x33, 0x85, 0xA6, 0xE7, 0x8E, 0x9A, 0xE1, 0xA1, 0x19,
    0xE8, 0xDD, 0xA3, 0x77, 0xBF, 0xD5, 0xB2, 0x87, 0x00, 0x09, 0x8B, 0xAB, 0xB4, 0x54, 0x59, 0x8E,
    0x00, 0x02, 0xF8, 0x2B, 0x82, 0x8D, 0x02, 0x40, 0xD9, 0xB6, 0xC1, 0xEA, 0x18, 0x8B, 0x4B, 0x73,
    0xAB, 0x21, 0x00, 0xA7, 0x08, 0xA9, 0x86, 0xB5, 0x3B, 0xF5, 0x61, 0xDB, 0x16, 0x58, 0xB9, 0x0C,
    0x56, 0x2A, 0x79, 0xB3, 0x5C, 0x06, 0xAB, 0x56, 0x71, 0x76, 0x7A, 0xBA, 0xE1, 0xB7, 0xB9, 0x64,
    0x32, 0x9A, 0xFB, 0x80, 0xC6, 0x80, 0x17, 0xF7, 0xCD, 0x73, 0xCE, 0x03, 0xF7, 0x87, 0x09, 0x11,
    0x08, 0x00, 0x09, 0xCB, 0xAA, 0xE0, 0x67, 0x56, 0x65, 0x14, 0x00, 0x6C, 0xB3, 0xE4, 0x69, 0x40,
    0xCE, 0xA2, 0x0D, 0x48, 0x96, 0x7B, 0xFE, 0x4A, 0x9E, 0xBE, 0x7F, 0x95, 0xC9, 0x93, 0xDF, 0x87,
    0x5D, 0x8D, 0x2A, 0x82, 0x1D, 0x1F, 0xFA, 0x28, 0xA6, 0xCA, 0x02, 0x33, 0x45, 0x1B, 0xF7, 0x1C,
    0xFE, 0x58, 0x14, 0x3F, 0xAE, 0x8D, 0xF1, 0xE3, 0xDF, 0x8A, 0x34, 0x44, 0x58, 0xEE, 0x3A, 0x42,
    0xD5, 0xFE, 0x72, 0xFA, 0xF7, 0x6A, 0x9B, 0x25, 0xCF, 0x02, 0xF4, 0x60, 0x59, 0x15, 0xFC, 0x65,
    0x49, 0xFF, 0x85, 0xB2, 0xE3, 0xAD, 0x32, 0x70, 0x01, 0xCE, 0x44, 0x53, 0xF7, 0x77, 0x39, 0xFA,
    0x17, 0xCA, 0x4E, 0x4F, 0x5E, 0xBD, 0xB2, 0x03, 0xC1, 0x4D, 0x08, 0x5E, 0x6B, 0x92, 0x1B, 0x52,
    0x83, 0xE0, 0x26, 0xC0, 0x1D, 0x75, 0xA7, 0xC8, 0xC6, 0xF3, 0x35, 0x81, 0x5F, 0x65, 0x7A, 0xFF,
    0x1E, 0x19, 0xE7, 0x28, 0x94, 0x3D, 0x05, 0x58, 0x5E, 0x81, 0xFE, 0xF5, 0x26, 0x08, 0x70, 0x00,
    0xD8, 0x8B, 0xD3, 0xEE, 0xB9, 0x8E, 0xF5, 0x1A, 0x6A, 0xA6, 0x8B, 0x9A, 0xE9, 0x20, 0xA5, 0x19,
    0x60, 0x94, 0x7B, 0xC5, 0x3F, 0xC4, 0x93, 0x84, 0x7E, 0xC4, 0x5F, 0x44, 0x1B, 0x9B, 0x04, 0x6B,
    0xC1, 0x43, 0xA7, 0xA3, 0xF9, 0xDD, 0xC9, 0x54, 0x0C, 0xDB, 0xF6, 0xAC, 0xC7, 0x72, 0xDB, 0x83,
    0x0A, 0x08, 0x5C, 0x3A, 0x33, 0x8E, 0x9A, 0x19, 0x6A, 0xCD, 0xEB, 0xE7, 0x8B, 0x38, 0xFC, 0x44,
    0x8F, 0xBC, 0x4E, 0x93, 0x88, 0xAF, 0xAA, 0xFD, 0xA5, 0xAF, 0xC9, 0x99, 0x40, 0xCD, 0x74, 0x50,
    0x93, 0x26, 0xD0, 0xE2, 0xB4, 0x7B, 0x4E, 0x76, 0x44, 0x71, 0x6E, 0x82, 0x00, 0x1C, 0x00, 0xF6,
    0x84, 0xC3, 0xCE, 0x0D, 0xEA, 0x06, 0xAA, 0x8E, 0x83, 0xAA, 0xE3, 0x40, 0x37, 0x0C, 0x70, 0xC2,
    0xC1, 0x29, 0x01, 0x07, 0x95, 0xC9, 0x4F, 0x61, 0x3D, 0x7C, 0x90, 0x7E, 0x41, 0xD4, 0xF8, 0xCF,
    0x8D, 0xE3, 0x4D, 0x02, 0xC0, 0x82, 0x55, 0xC3, 0x5B, 0x33, 0xB3, 0x78, 0x7B, 0x36, 0x6A, 0x19,
    0x69, 0x94, 0x62, 0x7B, 0x57, 0x17, 0x84, 0x6D, 0x85, 0xC9, 0x58, 0xF5, 0xB0, 0x0B, 0x75, 0xF2,
    0xE0, 0x33, 0xFF, 0xBE, 0x01, 0x60, 0xC2, 0x61, 0xAB, 0x86, 0x9F, 0x15, 0x27, 0xCE, 0x19, 0x1D,
    0x1B, 0xE0, 0x5A, 0x55, 0x38, 0x56, 0x15, 0x06, 0xD5, 0xC1, 0x09, 0x93, 0x89, 0x3F, 0xBE, 0x15,
    0x40, 0xA4, 0xF5, 0x47, 0xC2, 0x3E, 0x76, 0x81, 0x3B, 0xE4, 0x1D, 0xCD, 0xF9, 0x51, 0xCC, 0x5D,
    0x8A, 0xF6, 0x04, 0x68, 0xEB, 0xE8, 0x46, 0x76, 0xF3, 0xFD, 0x28, 0xD5, 0xBC, 0xDB, 0xD0, 0x3A,
    0x37, 0xA3, 0x67, 0xC3, 0x36, 0x4C, 0x8F, 0x5C, 0x0E, 0x7E, 0x53, 0x18, 0x3B, 0x87, 0xE2, 0xF8,
    0x79, 0xB4, 0xF5, 0xEF, 0x8C, 0x32, 0x51, 0x24, 0xD8, 0x29, 0x15, 0x93, 0xAA, 0xFD, 0x25, 0xF3,
    0x3B, 0x56, 0x15, 0xAE, 0xE5, 0x2D, 0x3D, 0xB3, 0xE2, 0xC4, 0xAA, 0xE1, 0xBF, 0x3E, 0xCD, 0xCF,
    0x6D, 0x5A, 0x0F, 0x54, 0x4D, 0x17, 0x15, 0xD3, 0x85, 0xAE, 0xE9, 0x60, 0x94, 0x80, 0x72, 0x02,
    0x4A, 0x42, 0x4B, 0x80, 0xC8, 0x84, 0x1F, 0xAE, 0xB4, 0xC3, 0x14, 0xCA, 0x56, 0x70, 0xCD, 0x9E,
    0x3B, 0x59, 0x91, 0x26, 0xC4, 0x32, 0xCD, 0x52, 0xC2, 0x22, 0x28, 0xAE, 0x0A, 0x7F, 0x45, 0xFB,
    0x33, 0xA5, 0x1C, 0xBB, 0x62, 0xBA, 0x81, 0x0B, 0x70, 0x7D, 0x9A, 0x2F, 0x0B, 0xFF, 0xB2, 0x02,
    0x60, 0x76, 0x84, 0x5F, 0xDF, 0xB8, 0x4F, 0x2C, 0x6A, 0x3A, 0xE9, 0x58, 0x9A, 0xAB, 0x21, 0x91,
    0xD2, 0x40, 0x38, 0x01, 0x63, 0xC4, 0xDB, 0xF7, 0x4D, 0x32, 0x00, 0x97, 0x0B, 0x0B, 0x54, 0x0A,
    0x00, 0x22, 0xB3, 0xA0, 0x96, 0xA6, 0x2D, 0x2C, 0xCE, 0x44, 0x25, 0xDD, 0x8E, 0x7D, 0xFD, 0x78,
    0xF4, 0xE3, 0x5B, 0x56, 0xDA, 0x1A, 0x0E, 0x82, 0x70, 0x9C, 0x3E, 0x16, 0x2E, 0x15, 0x59, 0x55,
    0x86, 0x89, 0xA1, 0x32, 0xFA, 0xB7, 0xA4, 0x23, 0x0F, 0x9F, 0x8B, 0x28, 0xE3, 0x73, 0x2E, 0xC0,
    0x58, 0x68, 0x09, 0x2C, 0xCD, 0xD5, 0xFC, 0x00, 0xC8, 0xE2, 0xEC, 0x08, 0xBF, 0xBE, 0x6A, 0x02,
    0xB0, 0xED, 0xEB, 0xF7, 0xC5, 0xE3, 0x8B, 0x06, 0x25, 0x1D, 0x73, 0xD5, 0x2A, 0xD2, 0x6D, 0x6D,
    0xA0, 0x94, 0x80, 0x72, 0xC9, 0x00, 0x94, 0x80, 0x82, 0x46, 0xBB, 0xD7, 0x2A, 0x0D, 0x9F, 0x56,
    0x62, 0xFD, 0xAF, 0x0F, 0x5D, 0xC3, 0xD7, 0x87, 0xAE, 0xDD, 0xD0, 0xFA, 0x79, 0x64, 0xFB, 0x76,
    0xA4, 0x19, 0x6B, 0xD2, 0x36, 0xAB, 0xDE, 0x0A, 0xE0, 0xB2, 0x7F, 0x9E, 0x00, 0x93, 0xAF, 0xE7,
    0xAA, 0xD5, 0xC0, 0xFF, 0xBF, 0x6E, 0xDB, 0xAB, 0x86, 0xDF, 0x9D, 0x1F, 0xBA, 0x2E, 0x06, 0x0F,
    0x2D, 0x12, 0x6A, 0x74, 0x98, 0x85, 0x59, 0x68, 0xF1, 0x34, 0x08, 0xD1, 0x40, 0x09, 0x0F, 0xDB,
    0xB9, 0x13, 0x02, 0x2E, 0x68, 0xB8, 0x3C, 0xA8, 0xA4, 0x6B, 0x12, 0xE2, 0x15, 0xB2, 0x8C, 0x1D,
    0xFB, 0x66, 0xA4, 0x9B, 0x11, 0x00, 0xEC, 0x7C, 0xF0, 0x59, 0x94, 0xAC, 0xD0, 0x56, 0x36, 0x1D,
    0x8E, 0xCD, 0xF7, 0x3F, 0x83, 0xE9, 0x91, 0xFF, 0x12, 0xF9, 0xDD, 0xC4, 0xF1, 0x6F, 0x61, 0x5B,
    0xCF, 0x66, 0x10, 0xAA, 0x37, 0x5D, 0xF1, 0x08, 0xB4, 0x70, 0x44, 0xFB, 0x7B, 0x42, 0xC0, 0x2C,
    0xCC, 0x06, 0xFE, 0xBF, 0x3B, 0x3F, 0xB4, 0x6A, 0xF8, 0xAF, 0x8C, 0xF0, 0xEB, 0x47, 0xF7, 0x89,
    0x45, 0x43, 0x27, 0x1D, 0x33, 0x73, 0x35, 0x64, 0x52, 0x69, 0xBF, 0x15, 0x24, 0x38, 0x91, 0x6D,
    0x21, 0xA5, 0x02, 0x90, 0xF2, 0x2F, 0x98, 0xD1, 0x15, 0x50, 0x12, 0xE1, 0xEF, 0x15, 0xE4, 0x42,
    0x90, 0x40, 0x16, 0xBD, 0x3B, 0x35, 0xF1, 0xA9, 0xB9, 0xF2, 0x6B, 0xD4, 0xFE, 0x02, 0x33, 0x92,
    0xFE, 0x1D, 0x57, 0x2C, 0x5E, 0x59, 0x81, 0xFE, 0xEB, 0x23, 0x6F, 0x4C, 0xFE, 0xD0, 0x02, 0x50,
    0xAB, 0x16, 0xF8, 0x71, 0x00, 0x58, 0x9A, 0x33, 0xC1, 0x58, 0xD4, 0xBC, 0x10, 0xD2, 0x2C, 0x0A,
    0x7C, 0x30, 0x25, 0x09, 0x03, 0xC2, 0x33, 0xDD, 0xEB, 0xC7, 0x86, 0x9D, 0x6D, 0x28, 0xD5, 0xA6,
    0x51, 0xAE, 0xCD, 0xA0, 0x54, 0x37, 0xBD, 0xCF, 0xA6, 0xB1, 0x69, 0x67, 0x5B, 0xC3, 0xDF, 0x5D,
    0x3B, 0x5B, 0xAC, 0xEB, 0x7E, 0x15, 0x5E, 0x97, 0x4B, 0xFF, 0x4F, 0x35, 0xD3, 0x18, 0x13, 0x58,
    0x9A, 0xF3, 0x02, 0x40, 0x12, 0x86, 0x9A, 0xD2, 0x17, 0x6D, 0xA5, 0x85, 0xF9, 0x08, 0xFC, 0x4B,
    0x82, 0x1D, 0x07, 0x80, 0x59, 0xD3, 0x04, 0x93, 0x39, 0xE9, 0xCC, 0x37, 0xFF, 0xA5, 0xA9, 0xCD,
    0xD5, 0x75, 0x67, 0x51, 0xD7, 0xA2, 0xEC, 0x86, 0x41, 0xE7, 0xE5, 0xC7, 0xE1, 0x7B, 0xEE, 0xC1,
    0x53, 0xEB, 0xD7, 0x7B, 0x69, 0xC3, 0xEA, 0xBF, 0x88, 0xBF, 0x2F, 0x22, 0xF7, 0xA2, 0xDE, 0xE3,
    0xAC, 0xE9, 0xC1, 0x2F, 0x61, 0xB8, 0x25, 0xF8, 0x79, 0x75, 0xE9, 0x38, 0x00, 0x98, 0x85, 0x19,
    0x6F, 0xD9, 0xD1, 0x6F, 0xD6, 0xC2, 0xEB, 0xCC, 0xEE, 0x3A, 0x53, 0xD8, 0x57, 0x59, 0x73, 0x17,
    0x5E, 0x45, 0x6D, 0x29, 0x5A, 0xE5, 0x96, 0xEF, 0xDD, 0x80, 0x44, 0xFF, 0xBD, 0x61, 0xE2, 0x9C,
    0xCF, 0x22, 0xB9, 0x0D, 0xE8, 0xBF, 0x67, 0x57, 0xE4, 0xB7, 0x76, 0x65, 0x11, 0x33, 0x67, 0x7F,
    0x5C, 0x97, 0x89, 0xA7, 0xE6, 0x65, 0xA8, 0x3E, 0xBF, 0x6F, 0xFA, 0x7B, 0x85, 0x53, 0x66, 0x61,
    0xC6, 0x73, 0x27, 0x3C, 0x18, 0x6E, 0x09, 0xFE, 0x85, 0x82, 0x38, 0x0E, 0x00, 0x53, 0x73, 0x35,
    0x30, 0x99, 0x8C, 0xC4, 0x54, 0x5A, 0x53, 0x69, 0x30, 0x08, 0xC4, 0x35, 0x74, 0xED, 0xBA, 0xA9,
    0x15, 0x48, 0xB2, 0xDC, 0x6F, 0xEA, 0x36, 0x43, 0xE1, 0xF5, 0x31, 0x00, 0x1E, 0xF2, 0x24, 0x93,
    0x49, 0x57, 0x8C, 0x71, 0x4C, 0x49, 0x01, 0x20, 0x61, 0x58, 0x16, 0xFE, 0xE5, 0x04, 0x80, 0x09,
    0xC0, 0x9C, 0x1D, 0x61, 0xAF, 0x79, 0x71, 0x00, 0x07, 0x95, 0x92, 0x0D, 0xCE, 0xB8, 0x9C, 0x1E,
    0x93, 0xF1, 0x3A, 0x44, 0xA8, 0x92, 0xE9, 0xDA, 0xB9, 0x62, 0xE4, 0xC4, 0x89, 0x64, 0x0C, 0x3D,
    0x1B, 0x93, 0xD1, 0x54, 0x49, 0x35, 0x98, 0x28, 0xA3, 0x87, 0xBD, 0x9B, 0x52, 0x88, 0x27, 0xA2,
    0xF9, 0xE1, 0x63, 0x57, 0xCA, 0xB0, 0x2D, 0x1E, 0x59, 0xE7, 0x0E, 0x25, 0x1F, 0x0F, 0x85, 0x93,
    0xBC, 0xBF, 0x4A, 0xC9, 0x46, 0x55, 0xFA, 0x3F, 0x12, 0x06, 0x53, 0xCE, 0x9B, 0x25, 0x00, 0x13,
    0x80, 0x39, 0x6C, 0x39, 0xAF, 0x01, 0x40, 0xC9, 0xB6, 0x51, 0xB4, 0xED, 0x80, 0xF9, 0x19, 0x17,
    0x91, 0x63, 0xE8, 0x13, 0x2A, 0xFE, 0xAF, 0xBA, 0xD5, 0xF7, 0x2A, 0xC6, 0x86, 0x7C, 0x1E, 0xBF,
    0xF1, 0xC8, 0x23, 0xF8, 0xB5, 0x1D, 0x3B, 0xE0, 0x2E, 0xCC, 0x47, 0xDA, 0x40, 0xD5, 0x5B, 0x3F,
    0xCD, 0xEE, 0x85, 0x71, 0x8E, 0xA2, 0x6D, 0xA3, 0x24, 0xFD, 0x7F, 0x09, 0xC3, 0x2D, 0xC1, 0xEF,
    0xCE, 0x0F, 0xBD, 0xE6, 0xC5, 0xD0, 0x4A, 0x70, 0xAA, 0x45, 0x70, 0xC6, 0x42, 0x26, 0xF3, 0x63,
    0x02, 0x11, 0x46, 0x0C, 0x23, 0xF5, 0x56, 0x69, 0xDE, 0x63, 0xDE, 0xFA, 0x54, 0xE7, 0x07, 0x9F,
    0x43, 0xC5, 0xE2, 0xD1, 0xB4, 0x1B, 0x19, 0x30, 0xDC, 0x74, 0xFF, 0xC7, 0x1A, 0x7E, 0x3F, 0x77,
    0xE1, 0x55, 0x58, 0xC5, 0xD9, 0xC8, 0xB9, 0x45, 0x9D, 0xD9, 0xAF, 0xDE, 0x13, 0x67, 0x0C, 0x4E,
    0xB5, 0x08, 0x47, 0xFA, 0xFF, 0x12, 0x86, 0x5B, 0x82, 0xFF, 0x8A, 0xA4, 0xFF, 0x62, 0xD9, 0x41,
    0xA1, 0xE4, 0xD4, 0x75, 0x31, 0xF2, 0x84, 0x0E, 0xE3, 0x6A, 0x5C, 0xAC, 0x2E, 0x30, 0x8B, 0x65,
    0x2A, 0x0E, 0x96, 0x4B, 0x44, 0x5C, 0x66, 0xC7, 0xF4, 0x06, 0xCB, 0x47, 0x75, 0x77, 0xB9, 0xC7,
    0xF0, 0xEA, 0xBD, 0x15, 0x4A, 0x0E, 0x8A, 0x92, 0xFE, 0xAF, 0xDC, 0x80, 0xFE, 0xEB, 0x97, 0x01,
    0xB9, 0x34, 0x13, 0x6A, 0x00, 0xAA, 0xB3, 0xC3, 0xEC, 0xE2, 0xE0, 0x2E, 0x3E, 0x6C, 0x24, 0xE8,
    0xC6, 0xB9, 0xF1, 0x2A, 0x52, 0x99, 0x36, 0x10, 0xEA, 0x9B, 0xC0, 0xBE, 0x1F, 0xEC, 0x35, 0x80,
    0xE0, 0x94, 0x80, 0x70, 0x01, 0x41, 0x08, 0x5C, 0x5B, 0xE0, 0xF1, 0x8F, 0x1D, 0x94, 0x0D, 0x22,
    0xBD, 0x22, 0x99, 0x54, 0xC6, 0x00, 0x13, 0x45, 0xA8, 0x7B, 0x83, 0x13, 0x65, 0x9F, 0x38, 0x1F,
    0x53, 0x0C, 0x35, 0x7C, 0xE2, 0xD7, 0x3F, 0x84, 0x6A, 0xD9, 0x51, 0x02, 0x6A, 0x02, 0xCC, 0x29,
    0x80, 0x6A, 0x61, 0xE4, 0x53, 0x34, 0x98, 0x3F, 0xBE, 0x60, 0xE2, 0x98, 0x1B, 0x97, 0xE6, 0x6F,
    0x8D, 0x0F, 0xCF, 0x0E, 0xB3, 0x8B, 0x72, 0xEF, 0xF4, 0x9A, 0x84, 0x6D, 0xA5, 0xCE, 0xB0, 0x11,
    0xF8, 0xAF, 0x3A, 0xCE, 0xC5, 0x3D, 0x3C, 0x3E, 0x9C, 0xA4, 0x74, 0xE3, 0x78, 0xA5, 0x82, 0x36,
    0x5D, 0x87, 0x0B, 0x0A, 0x42, 0xB9, 0xE7, 0x0A, 0x50, 0xEF, 0x5E, 0x82, 0x3D, 0x00, 0x89, 0xF0,
    0x7A, 0x25, 0xCA, 0x23, 0x21, 0x40, 0x3A, 0x1E, 0xC7, 0xE7, 0x1E, 0x7A, 0x28, 0xD8, 0x1A, 0x9A,
    0x34, 0x49, 0x90, 0x21, 0x20, 0x48, 0x27, 0x12, 0xE8, 0xCF, 0xE5, 0x90, 0x66, 0x0C, 0xD6, 0xDC,
    0x2C, 0xAC, 0x99, 0xE9, 0x48, 0x12, 0x08, 0xF7, 0x93, 0xA1, 0x50, 0xEF, 0xF7, 0x4B, 0xBF, 0x4F,
    0xF8, 0xEB, 0xED, 0x1C, 0xE3, 0x15, 0x2F, 0xCA, 0x6C, 0x72, 0x3E, 0x7C, 0xD5, 0x71, 0x6E, 0x19,
    0x7E, 0x67, 0xFE, 0xEA, 0xC5, 0x58, 0xFF, 0xBE, 0x61, 0x62, 0x24, 0x37, 0x56, 0xE6, 0x47, 0x91,
    0x4D, 0xB6, 0x81, 0x32, 0xEA, 0xAD, 0x84, 0xC0, 0x8B, 0x85, 0x50, 0xC2, 0xC1, 0x09, 0x01, 0x15,
    0xDE, 0xB2, 0xA8, 0x10, 0x04, 0x44, 0x70, 0xC4, 0x60, 0xE3, 0xC8, 0xD3, 0x9F, 0xF2, 0xA0, 0x93,
    0x35, 0x02, 0x9A, 0x11, 0x03, 0xEB, 0xD8, 0x0C, 0xC8, 0x26, 0x1F, 0x24, 0x88, 0x83, 0xC8, 0x55,
    0x93, 0x74, 0x3F, 0x1E, 0xF9, 0xD5, 0xDF, 0x82, 0x6B, 0xD5, 0x94, 0x4C, 0x4E, 0x81, 0x12, 0x9C,
    0x86, 0x25, 0x3F, 0x2E, 0x14, 0x93, 0x9F, 0xC9, 0x72, 0x69, 0xE6, 0x95, 0x87, 0x57, 0xE6, 0xE5,
    0xF6, 0xE1, 0x8E, 0x39, 0xEC, 0xCC, 0x5F, 0xBD, 0x65, 0xF8, 0xCF, 0x0F, 0xB3, 0x8B, 0xF7, 0xED,
    0xD2, 0x86, 0x93, 0x09, 0xBA, 0x71, 0x78, 0xBC, 0x8A, 0x6C, 0xA6, 0xCD, 0xEB, 0x08, 0x4C, 0x08,
    0x28, 0xF5, 0x56, 0x83, 0x08, 0x11, 0x9E, 0x2B, 0x20, 0xE9, 0x9F, 0x10, 0x12, 0x2E, 0x93, 0x0B,
    0x12, 0x16, 0x05, 0x29, 0x74, 0xDF, 0xDB, 0x93, 0xC5, 0x6F, 0x7E, 0xF6, 0xC1, 0xC8, 0x85, 0x7B,
    0xBA, 0xCD, 0xA8, 0x75, 0xDE, 0xA4, 0xF8, 0x27, 0x88, 0xF8, 0x2B, 0x91, 0xFF, 0xD0, 0xEF, 0x0F,
    0xCB, 0xA4, 0x87, 0x25, 0xFD, 0x9B, 0x35, 0x3E, 0x7C, 0xFE, 0x06, 0xF4, 0xDF, 0x2C, 0x0F, 0xC0,
    0x97, 0x80, 0x15, 0x00, 0x95, 0xB9, 0x11, 0xFE, 0xED, 0xBE, 0xED, 0xF4, 0x77, 0x97, 0xE6, 0x6B,
    0xC8, 0x97, 0x12, 0xC8, 0x64, 0x0D, 0x80, 0x78, 0x4C, 0x10, 0x04, 0x84, 0x08, 0x05, 0x61, 0xDE,
    0xD2, 0x0F, 0x88, 0x80, 0x11, 0xD7, 0xD0, 0xB3, 0x95, 0x81, 0x50, 0x0A, 0x4A, 0x89, 0x6C, 0x1A,
    0xE9, 0x35, 0x92, 0x08, 0x8A, 0x45, 0x9A, 0x74, 0x0C, 0xF2, 0xB5, 0x5C, 0x6E, 0x7D, 0x0D, 0x39,
    0xD0, 0x88, 0x89, 0x6F, 0x39, 0x14, 0x8E, 0x9F, 0x94, 0xC3, 0x42, 0xED, 0xEF, 0x6B, 0x7E, 0xC6,
    0x04, 0x98, 0xCB, 0x51, 0x29, 0x39, 0x58, 0x9A, 0xF7, 0xCC, 0x9F, 0xB9, 0x11, 0xFE, 0x6D, 0x1F,
    0x0E, 0x45, 0x02, 0xDE, 0x68, 0x1D, 0x38, 0x02, 0xFF, 0xB0, 0xE3, 0x7E, 0x7B, 0x67, 0x3C, 0xF6,
    0xBB, 0xB3, 0xA6, 0x89, 0xFE, 0x54, 0x12, 0xED, 0x46, 0x0C, 0x14, 0x14, 0x94, 0x72, 0x8F, 0xE9,
    0xA5, 0x20, 0x20, 0x91, 0x4D, 0x3F, 0x01, 0x2E, 0xD7, 0x84, 0x0C, 0x00, 0x7B, 0x34, 0x2A, 0xF7,
    0x8A, 0x97, 0x45, 0x53, 0xF5, 0x41, 0x22, 0x21, 0xC0, 0x6B, 0x35, 0xF0, 0x62, 0x01, 0xA6, 0x4C,
    0xE2, 0x08, 0xDB, 0x60, 0x87, 0x0D, 0x4F, 0x97, 0x63, 0x7C, 0xDF, 0xEF, 0x67, 0x9C, 0xA3, 0xE8,
    0xD8, 0x81, 0xF9, 0x3F, 0xEC, 0xB8, 0xB7, 0x0D, 0xBF, 0xB3, 0x30, 0xF4, 0xED, 0x58, 0xCF, 0x9E,
    0xDF, 0xAD, 0x15, 0x67, 0x91, 0xAC, 0x16, 0x61, 0xA4, 0xBD, 0xE2, 0x17, 0x4E, 0x08, 0x68, 0xB0,
    0x11, 0x68, 0xB8, 0xF3, 0xAF, 0x9F, 0x1F, 0x10, 0x6F, 0xEF, 0x85, 0xD0, 0x07, 0xA4, 0xC2, 0xF0,
    0xE2, 0x46, 0x0C, 0x04, 0xA6, 0xCD, 0x94, 0x6A, 0xC1, 0xE8, 0xAD, 0x58, 0x0E, 0x07, 0x6D, 0xDF,
    0x2E, 0x6B, 0x87, 0x42, 0x6D, 0x1F, 0x73, 0x5D, 0xD4, 0x2C, 0xB7, 0x49, 0xC4, 0x5F, 0xB5, 0x46,
    0xBC, 0xBC, 0x79, 0xA7, 0x5A, 0x44, 0xAD, 0xE8, 0xF9, 0xFF, 0xCE, 0xC2, 0xD0, 0x6D, 0xC3, 0x7F,
    0x79, 0x44, 0x7C, 0x7B, 0xDF, 0x76, 0xFC, 0xEE, 0xF4, 0xBC, 0x85, 0x0D, 0xA5, 0x04, 0x3A, 0xB3,
    0x86, 0xDC, 0x10, 0x84, 0x83, 0xD6, 0xD1, 0x3F, 0x81, 0xB2, 0x29, 0xA8, 0x20, 0x11, 0x21, 0xA0,
    0x5E, 0x35, 0x9B, 0x02, 0x8E, 0xEC, 0x8E, 0xD2, 0xBF, 0xDC, 0xDA, 0xA1, 0xA1, 0xD7, 0x67, 0x7D,
    0x8E, 0x4B, 0xE0, 0xE6, 0xFA, 0x66, 0x3F, 0x53, 0x98, 0xDF, 0xF5, 0xB4, 0xFF, 0xF4, 0xBC, 0x97,
    0x4F, 0x70, 0x79, 0x44, 0xDC, 0x10, 0xFE, 0xE5, 0x6A, 0xA3, 0xFD, 0xCE, 0x28, 0xF1, 0xC2, 0x2C,
    0x2F, 0xAE, 0xDB, 0xA4, 0x1D, 0xD2, 0x74, 0x92, 0xB3, 0x4C, 0x86, 0xF6, 0xAE, 0xB0, 0xFA, 0xCB,
    0xD7, 0xEE, 0x61, 0x29, 0x30, 0x09, 0x72, 0xC1, 0x19, 0x77, 0xC0, 0x85, 0x03, 0x26, 0xBC, 0x23,
    0x17, 0x4C, 0x69, 0xA5, 0x8C, 0x86, 0x0E, 0x31, 0xCA, 0x8E, 0x60, 0x70, 0xB9, 0x0B, 0x97, 0x59,
    0x70, 0x98, 0x0D, 0x97, 0xD9, 0xB0, 0x5D, 0x0B, 0x8C, 0x33, 0x45, 0xEB, 0x2B, 0xCB, 0x32, 0x8C,
    0x83, 0xB9, 0xFE, 0x91, 0x63, 0xF4, 0x72, 0x19, 0x8E, 0xCD, 0x61, 0xD7, 0xF8, 0xC8, 0xC5, 0x37,
    0xEC, 0xFF, 0x0A, 0x60, 0x0E, 0xC0, 0x3C, 0x80, 0x82, 0x94, 0x82, 0xE2, 0x26, 0xF7, 0x84, 0x8B,
    0x01, 0x88, 0x4F, 0xBB, 0x6E, 0x71, 0x4B, 0xCC, 0x38, 0x64, 0x10, 0x92, 0xAB, 0xBA, 0x2E, 0xBA,
    0x13, 0x09, 0x69, 0xB9, 0xCA, 0x7F, 0x41, 0x77, 0x70, 0xFF, 0x7D, 0x88, 0x8F, 0x40, 0xC3, 0x39,
    0x2E, 0xB8, 0xE3, 0x40, 0xB8, 0x0E, 0x84, 0xED, 0x78, 0x89, 0x40, 0x75, 0xD3, 0x2F, 0x0F, 0x8E,
    0x36, 0x7C, 0x8D, 0x76, 0x3F, 0xE6, 0x4A, 0xE4, 0x5F, 0x65, 0xFC, 0xA0, 0xE8, 0x86, 0x73, 0x5C,
    0x28, 0x14, 0x60, 0x73, 0x0E, 0x93, 0xF3, 0x91, 0x9F, 0x54, 0xAB, 0xB7, 0x0D, 0x3F, 0x2B, 0x4D,
    0x17, 0x8D, 0xAE, 0xAD, 0x87, 0x88, 0x66, 0xE4, 0x98, 0x55, 0x45, 0x3C, 0xBB, 0x0E, 0x00, 0x0D,
    0xAA, 0x3F, 0xA1, 0x08, 0x36, 0xE2, 0x63, 0x86, 0x78, 0x29, 0xE2, 0x8E, 0xD4, 0x48, 0x0E, 0x13,
    0x70, 0xE4, 0x7D, 0x12, 0xB5, 0x56, 0xA4, 0x89, 0x06, 0x70, 0x18, 0x87, 0xED, 0x72, 0xD8, 0x0E,
    0x83, 0xED, 0x32, 0x58, 0x0E, 0x83, 0xEB, 0x36, 0x89, 0x39, 0x04, 0xF1, 0x08, 0x57, 0xFA, 0xFD,
    0x2E, 0x38, 0x73, 0x50, 0x1A, 0x3F, 0x0F, 0xEE, 0x5A, 0x10, 0x8E, 0x39, 0x52, 0xBB, 0xF2, 0xF2,
    0x6D, 0xC3, 0x3F, 0x3E, 0xCB, 0x8B, 0x3B, 0x37, 0xD1, 0x43, 0x86, 0x4E, 0x72, 0x15, 0x93, 0xA1,
    0xA7, 0x2B, 0xE6, 0x6D, 0x00, 0xDA, 0x84, 0xFE, 0x1B, 0x9E, 0x7D, 0xC0, 0x17, 0x08, 0x71, 0x13,
    0x14, 0xD8, 0x39, 0xB2, 0xB8, 0x47, 0xCE, 0xA0, 0xEF, 0x3F, 0x94, 0xFD, 0x10, 0x9A, 0xAC, 0xF3,
    0x07, 0xFE, 0xBE, 0xD2, 0x2C, 0xC5, 0xF5, 0x8E, 0xB6, 0x2B, 0x70, 0xE6, 0x72, 0x19, 0x96, 0xCD,
    0x51, 0xAD, 0xF1, 0x91, 0xEF, 0xBD, 0xE1, 0xDC, 0x10, 0x7E, 0x6D, 0x85, 0x98, 0x84, 0xEE, 0xB7,
    0x47, 0xE2, 0x0C, 0x4B, 0x1D, 0xBD, 0xDA, 0xC3, 0x8E, 0xED, 0x6D, 0x46, 0x98, 0x48, 0x6B, 0x0A,
    0x90, 0xA1, 0x5F, 0x13, 0x29, 0x0B, 0x0E, 0xCA, 0x43, 0xC3, 0xDF, 0x91, 0x06, 0xE3, 0x9F, 0x44,
    0x9C, 0x9D, 0xC6, 0xBC, 0xFE, 0xC6, 0x60, 0x07, 0xE7, 0x42, 0x91, 0x7A, 0x1E, 0xF3, 0x33, 0xC6,
    0xE1, 0xBA, 0x1C, 0x73, 0x93, 0xB5, 0x60, 0xE5, 0x61, 0xE4, 0xAC, 0xF3, 0xE5, 0xCA, 0x92, 0x18,
    0x92, 0x08, 0x58, 0x90, 0xBD, 0xD1, 0x1D, 0xDC, 0xFC, 0xBE, 0x70, 0x01, 0xFC, 0x2E, 0x11, 0x4B,
    0xFD, 0xBA, 0xF1, 0xB0, 0xCD, 0x39, 0x74, 0x42, 0x90, 0xD1, 0xF5, 0x20, 0x78, 0x42, 0x94, 0x7F,
    0xA8, 0x17, 0x86, 0x01, 0xD0, 0x24, 0x52, 0x20, 0x25, 0x9A, 0xF8, 0x81, 0xFE, 0xAA, 0x31, 0x57,
    0x12, 0x7D, 0x02, 0x4D, 0x2F, 0xC2, 0x80, 0x23, 0x13, 0x8A, 0xD9, 0xC7, 0xFD, 0x86, 0x19, 0x1C,
    0x0E, 0xE7, 0x98, 0xA8, 0x56, 0x31, 0x2D, 0x33, 0x0C, 0x4F, 0x5A, 0xB5, 0x2F, 0x2F, 0x32, 0xBE,
    0x26, 0xF0, 0x83, 0xB3, 0x25, 0x3D, 0xB7, 0xFE, 0x61, 0xEE, 0x5A, 0x20, 0x54, 0x87, 0x9E, 0xC8,
    0x04, 0xF0, 0x11, 0x35, 0x94, 0xA7, 0x0A, 0x42, 0xF5, 0x49, 0x07, 0xA1, 0x9E, 0xBA, 0x27, 0x4F,
    0xEA, 0x72, 0xDE, 0x45, 0x74, 0xDF, 0xC3, 0xA8, 0xA6, 0x0F, 0x13, 0x7C, 0xB8, 0x62, 0xF2, 0x8B,
    0xA0, 0xA9, 0x8A, 0x03, 0x73, 0x61, 0x1C, 0xB5, 0x82, 0x17, 0x74, 0xB4, 0xC7, 0x7F, 0xF6, 0x65,
    0x5E, 0x5D, 0x58, 0x9B, 0xE7, 0xCF, 0xB0, 0xB4, 0xA1, 0x57, 0x7B, 0xD8, 0xB2, 0x39, 0x34, 0x8D,
    0x20, 0x9B, 0xD6, 0x43, 0x78, 0x14, 0x86, 0x27, 0x24, 0x64, 0x7A, 0xA2, 0x54, 0xC5, 0x45, 0xE9,
    0x5F, 0xAD, 0xC7, 0x21, 0x4A, 0x92, 0x0F, 0x22, 0x01, 0x5E, 0x21, 0x1B, 0x9D, 0x2E, 0xB7, 0xCC,
    0xC7, 0x64, 0x85, 0xA5, 0xCF, 0xFC, 0x8E, 0x2B, 0x30, 0x3C, 0x59, 0xC3, 0xE4, 0x8C, 0xA7, 0xFD,
    0x8F, 0x9D, 0x75, 0xBF, 0x3C, 0x77, 0x13, 0xF4, 0xAF, 0xDD, 0x44, 0x87, 0xD4, 0x58, 0x65, 0x49,
    0x98, 0xB9, 0x2E, 0xDA, 0x15, 0x4F, 0xD1, 0x8D, 0xD5, 0x92, 0x8B, 0x74, 0x56, 0x87, 0x1E, 0xA3,
    0xA1, 0x25, 0xA0, 0x6A, 0x42, 0x84, 0xC2, 0x00, 0x2A, 0x03, 0x34, 0xC3, 0xB1, 0x58, 0x3E, 0xD1,
    0xA3, 0x7E, 0x69, 0x43, 0x0D, 0xF2, 0x71, 0xC6, 0xC1, 0x5D, 0x11, 0x30, 0x3F, 0x73, 0x39, 0xAA,
    0x45, 0x07, 0xE3, 0x57, 0x2B, 0x10, 0x02, 0x28, 0xCD, 0xB1, 0x9F, 0x5C, 0x3F, 0xE5, 0x7E, 0x57,
    0x91, 0x7E, 0x4B, 0xD2, 0x04, 0xE2, 0xAB, 0xDC, 0x1E, 0xCA, 0x00, 0x10, 0x5B, 0x64, 0xDC, 0xEC,
    0xD1, 0xB5, 0xAE, 0x34, 0xA5, 0x1B, 0x4B, 0x8E, 0x83, 0x5C, 0x2C, 0x06, 0x83, 0xD2, 0xC6, 0x48,
    0x76, 0xF0, 0xCC, 0x89, 0x42, 0x10, 0xCD, 0x03, 0x3C, 0x42, 0x79, 0xFE, 0x7E, 0xA3, 0x91, 0x86,
    0x35, 0x5E, 0x25, 0xE0, 0x17, 0x35, 0xF7, 0x65, 0xC4, 0x57, 0x4E, 0x87, 0x73, 0x14, 0x1D, 0x07,
    0x57, 0x4A, 0x25, 0x08, 0x00, 0xB3, 0xAE, 0xFB, 0x93, 0x13, 0xA6, 0xB5, 0x66, 0xF0, 0xF3, 0xEA,
    0x82, 0xA9, 0xB5, 0xF5, 0x74, 0xD1, 0x58, 0x7A, 0xA3, 0x6B, 0x16, 0x61, 0xA4, 0xDA, 0x41, 0x75,
    0x23, 0xEC, 0x01, 0x10, 0xB1, 0x82, 0x10, 0xBA, 0x39, 0xAA, 0xE0, 0x43, 0xB0, 0x61, 0x84, 0xB2,
    0x55, 0x7A, 0xA4, 0xC1, 0x43, 0xD0, 0x6B, 0x41, 0x08, 0x51, 0x17, 0xE4, 0x93, 0x42, 0x80, 0xB9,
    0x52, 0x18, 0x84, 0xE5, 0xB6, 0x3E, 0xF3, 0x3B, 0x66, 0x11, 0xE5, 0xA9, 0x4B, 0x5E, 0xBC, 0xA8,
    0x3C, 0xF3, 0x13, 0x6B, 0xF4, 0x9D, 0x35, 0x83, 0x7F, 0x6E, 0x49, 0x98, 0xFD, 0x5D, 0xB4, 0x2B,
    0x93, 0x22, 0x1B, 0x0B, 0x25, 0x17, 0x1D, 0x59, 0x1D, 0x31, 0x49, 0xFF, 0xA1, 0x82, 0x53, 0xDD,
    0xBA, 0x7A, 0x57, 0xAF, 0x79, 0xD0, 0x4F, 0x2C, 0xB3, 0xBC, 0xAB, 0x9A, 0xFB, 0x4C, 0xD2, 0xBF,
    0xAB, 0x28, 0xBD, 0x80, 0xF1, 0x5D, 0x1E, 0x30, 0xFF, 0x52, 0xD1, 0xC1, 0xF9, 0xAB, 0x55, 0x08,
    0x01, 0x4C, 0xCD, 0xF1, 0x9F, 0xBC, 0x7E, 0x93, 0xF4, 0xAF, 0xDD, 0xA0, 0x28, 0x22, 0x40, 0x42,
    0x71, 0x96, 0x8D, 0x77, 0x0D, 0xEA, 0x07, 0x89, 0x86, 0xB6, 0x72, 0xC1, 0x41, 0x5B, 0x47, 0xCC,
    0xF3, 0xEF, 0x09, 0x14, 0x93, 0x5E, 0x69, 0x0A, 0x01, 0x44, 0x80, 0x17, 0x4D, 0x42, 0x9C, 0x8D,
    0x5B, 0x42, 0x09, 0x65, 0x89, 0x83, 0x2B, 0x51, 0xFE, 0x70, 0xE5, 0xC1, 0x63, 0x7A, 0x0F, 0x78,
    0xE6, 0x72, 0xB8, 0x0E, 0x87, 0x65, 0x32, 0x0C, 0x5F, 0x28, 0x81, 0xB9, 0x02, 0xAE, 0x25, 0x26,
    0x2F, 0xBE, 0x61, 0x7D, 0x99, 0xB9, 0x98, 0xBE, 0x45, 0xE9, 0xDF, 0x14, 0xFE, 0x29, 0xC6, 0xC6,
    0x37, 0x1A, 0xC6, 0x41, 0x8D, 0xA0, 0x6D, 0xC9, 0xB6, 0xD1, 0x11, 0x8B, 0x41, 0xAF, 0x0B, 0xEA,
    0x45, 0x02, 0x7C, 0xAA, 0xA6, 0x57, 0x8E, 0x22, 0xC2, 0xF0, 0xA1, 0xA9, 0xCF, 0x83, 0x40, 0x5F,
    0x18, 0xE1, 0xE7, 0x92, 0xE9, 0xB9, 0x64, 0x7C, 0x5F, 0xDB, 0xBB, 0xC2, 0x63, 0x7A, 0x5F, 0x00,
    0x54, 0x5D, 0x17, 0xE7, 0x0B, 0x05, 0x38, 0x42, 0xA0, 0xC6, 0xC5, 0xE4, 0x2B, 0x55, 0xF3, 0xCB,
    0xAE, 0x10, 0x6B, 0x0A, 0x3F, 0x2F, 0x4C, 0x8E, 0xEB, 0xF9, 0xCD, 0x07, 0x41, 0x68, 0x9B, 0x53,
    0x5D, 0x84, 0x91, 0xEE, 0xF4, 0xAA, 0xDE, 0x1A, 0x22, 0x9A, 0xA1, 0x05, 0x48, 0xEA, 0xD2, 0xA1,
    0xC8, 0x32, 0x9D, 0x7D, 0xFC, 0x8A, 0x4B, 0x04, 0xC5, 0x45, 0x75, 0x8C, 0xCF, 0x79, 0xD8, 0x0F,
    0x52, 0x6D, 0xA5, 0xE6, 0x3A, 0xE0, 0xCC, 0x81, 0x6B, 0x55, 0x51, 0x1A, 0x3F, 0xEB, 0x15, 0xC9,
    0xB8, 0xD6, 0x64, 0xED, 0xD2, 0x4B, 0x5F, 0x16, 0xDC, 0x5D, 0x53, 0xF8, 0xC7, 0x67, 0xD9, 0xF8,
    0xB6, 0x41, 0xED, 0xA0, 0xA6, 0xA1, 0x6D, 0xA1, 0xE0, 0xA2, 0xAB, 0xC3, 0x80, 0x4E, 0xC3, 0x87,
    0xDE, 0xD0, 0x14, 0xA5, 0xC1, 0xCC, 0x21, 0xD1, 0xEE, 0xCE, 0x0D, 0x5A, 0x1F, 0x11, 0x81, 0xEF,
    0xBB, 0xB9, 0x4C, 0x89, 0xF2, 0x47, 0x35, 0xBE, 0x9C, 0x8E, 0x40, 0xC5, 0x64, 0x38, 0x79, 0xA1,
    0x0C, 0xC7, 0x15, 0xA8, 0x59, 0x62, 0xF2, 0xBB, 0x6F, 0xD8, 0x5F, 0x76, 0x6E, 0x92, 0xFE, 0xB5,
    0x9B, 0x44, 0x82, 0xCE, 0x5C, 0x90, 0x5A, 0x85, 0x8D, 0x75, 0xF4, 0xEB, 0x0F, 0x08, 0x2E, 0xF4,
    0x4A, 0xD1, 0x41, 0xB6, 0xC3, 0x08, 0x4D, 0xDE, 0x15, 0xD7, 0x33, 0x49, 0xB4, 0xC1, 0x8B, 0xA8,
    0xCF, 0x6C, 0x42, 0xDD, 0xBA, 0xBE, 0x1A, 0xE4, 0xF3, 0x97, 0xF9, 0x78, 0x60, 0xEA, 0x33, 0x85,
    0xF9, 0x1D, 0xCB, 0x63, 0x7E, 0xBB, 0xC6, 0xC1, 0x39, 0xAC, 0xAB, 0x27, 0xAC, 0xBF, 0x2C, 0x2F,
    0x62, 0x08, 0xC0, 0xAC, 0x44, 0xC0, 0x92, 0xF4, 0x7D, 0x56, 0xBB, 0x3B, 0x6C, 0x04, 0x7E, 0x57,
    0x08, 0x52, 0x16, 0x6C, 0x6C, 0x40, 0x37, 0x1E, 0xE0, 0x80, 0x5E, 0x74, 0x1C, 0x74, 0xC6, 0x62,
    0x5E, 0x70, 0x6F, 0xB9, 0xA5, 0xDE, 0x26, 0x99, 0xC0, 0x02, 0xCD, 0x96, 0x76, 0xEA, 0xA2, 0xFB,
    0xEA, 0xD2, 0x1E, 0x0F, 0xB5, 0x7E, 0xD0, 0x5C, 0x43, 0xD1, 0xFC, 0x35, 0xC6, 0x70, 0xBE, 0x58,
    0x84, 0xC9, 0x18, 0xB8, 0x10, 0xD6, 0x5B, 0xB5, 0xEA, 0x5F, 0x2E, 0x78, 0xA6, 0xFF, 0x9A, 0xC2,
    0x2F, 0xB8, 0x4B, 0x78, 0xAD, 0x38, 0x66, 0x74, 0x6C, 0x78, 0x40, 0x70, 0xAE, 0x3B, 0xD5, 0x02,
    0x62, 0x99, 0xBC, 0x97, 0x14, 0x56, 0x2F, 0x04, 0x54, 0xA0, 0xD5, 0xBE, 0x58, 0x4A, 0xB0, 0xA7,
    0x3E, 0xAB, 0x11, 0x22, 0xBA, 0xA6, 0xEF, 0x9B, 0xFB, 0x82, 0xF1, 0x90, 0xF1, 0x55, 0x01, 0x20,
    0x99, 0x9F, 0x39, 0x35, 0x94, 0xC6, 0xCE, 0x82, 0xDB, 0x26, 0x20, 0xB8, 0x55, 0xBB, 0xFE, 0xFA,
    0x5F, 0x72, 0x73, 0x61, 0xCD, 0xE1, 0x77, 0x5C, 0x90, 0x42, 0x85, 0x8F, 0x6D, 0xEA, 0xD7, 0x1F,
    0xE0, 0x5C, 0xE8, 0x4B, 0x45, 0x4F, 0x08, 0x50, 0xC5, 0xA2, 0x8F, 0x46, 0x34, 0xD4, 0xED, 0xDD,
    0x48, 0x24, 0xD6, 0xD5, 0xA8, 0xF5, 0x9B, 0xF9, 0xF9, 0xF5, 0xCC, 0x1F, 0xD2, 0x7F, 0xC8, 0xFC,
    0x1C, 0xA6, 0xC5, 0x71, 0xEA, 0x42, 0x19, 0xD5, 0x1A, 0x07, 0xE3, 0xB0, 0x5E, 0x39, 0x61, 0xFF,
    0xE5, 0xEC, 0x2A, 0xE8, 0xFF, 0x46, 0x02, 0x40, 0xA8, 0x9D, 0x52, 0x6A, 0x65, 0x58, 0xCC, 0x16,
    0x13, 0xB9, 0x1E, 0xED, 0x08, 0x73, 0x05, 0x29, 0x17, 0x1C, 0xA4, 0xB3, 0x3A, 0xA8, 0xA6, 0x34,
    0x7D, 0x10, 0x4D, 0xE8, 0x40, 0xE9, 0xE1, 0x1E, 0x91, 0x7A, 0x1C, 0x75, 0xDA, 0xBE, 0xDE, 0xDC,
    0x97, 0xEB, 0xAD, 0x81, 0xBF, 0x2F, 0x91, 0xE0, 0x78, 0x11, 0xFF, 0x5A, 0xD5, 0xC5, 0xC8, 0xC5,
    0x32, 0x6A, 0x55, 0x06, 0x21, 0xC0, 0x47, 0x4E, 0xDB, 0x5F, 0x9C, 0x1B, 0xE5, 0xA7, 0x14, 0xE0,
    0x17, 0x65, 0x04, 0xD4, 0xC5, 0xEA, 0x47, 0x03, 0xFC, 0x25, 0x2E, 0x2C, 0x07, 0x62, 0xA2, 0x57,
    0x37, 0x8E, 0x38, 0x9C, 0x93, 0x25, 0xC7, 0x41, 0xCE, 0x30, 0xBC, 0x96, 0x50, 0xCB, 0xFC, 0xB1,
    0x8A, 0x87, 0x68, 0xA2, 0x88, 0x2A, 0xF5, 0x79, 0x74, 0x6D, 0x57, 0x08, 0xB8, 0x42, 0x69, 0xAC,
    0xD9, 0x64, 0x3A, 0xBE, 0xE6, 0x2F, 0x16, 0x51, 0x71, 0x5D, 0x08, 0x80, 0xFF, 0xCC, 0xAA, 0x7D,
    0xF1, 0xBA, 0xED, 0xDE, 0x31, 0xF8, 0x85, 0x55, 0xB2, 0x04, 0xB3, 0x26, 0xF4, 0x6C, 0xFF, 0x11,
    0xC1, 0x1C, 0xE2, 0x54, 0x16, 0x61, 0xA4, 0xDA, 0xA5, 0x25, 0x20, 0x9A, 0x24, 0x76, 0x47, 0xCD,
    0x7C, 0x95, 0xE9, 0x51, 0xB7, 0xB1, 0x6B, 0x58, 0xCB, 0xC0, 0xA4, 0xB9, 0x2F, 0x7D, 0x7D, 0xDF,
    0xDC, 0x67, 0xAA, 0xF6, 0x77, 0xC0, 0x99, 0x0B, 0xD7, 0xAA, 0xA0, 0x34, 0x76, 0x16, 0xCC, 0xAA,
    0x00, 0x42, 0x70, 0x6B, 0xEC, 0xF8, 0x17, 0xDD, 0x85, 0xEB, 0x77, 0x0C, 0xFE, 0x42, 0x19, 0x96,
    0x6D, 0x8B, 0x89, 0x81, 0x1E, 0xED, 0x88, 0xED, 0x0A, 0xB2, 0x58, 0xF0, 0xDC, 0x01, 0x4D, 0x23,
    0x0D, 0x99, 0xBC, 0xEA, 0x86, 0xF7, 0x68, 0xE8, 0x54, 0x84, 0xC0, 0xCF, 0xF7, 0xB5, 0x7C, 0x84,
    0xF1, 0x55, 0x1F, 0xDF, 0x4F, 0x40, 0x92, 0x56, 0xAF, 0xC3, 0x3C, 0xC6, 0x77, 0x5C, 0x8E, 0x4A,
    0x95, 0xE1, 0xD4, 0xC5, 0x0A, 0x4A, 0x92, 0xFE, 0xDF, 0x3C, 0xED, 0x7C, 0xF1, 0xCA, 0x2A, 0xE9,
    0x5F, 0xBB, 0x01, 0x12, 0x78, 0x9D, 0x24, 0xA4, 0x95, 0x25, 0x51, 0xA2, 0x14, 0x85, 0x4C, 0x5E,
    0xDB, 0xCF, 0x5C, 0x41, 0x4A, 0x0B, 0x0E, 0x12, 0x69, 0x1D, 0xBA, 0x41, 0xA2, 0x19, 0x9F, 0x6A,
    0x5B, 0xA6, 0xA6, 0x4D, 0x2B, 0x94, 0xA8, 0xB6, 0x52, 0xC0, 0xC3, 0x59, 0xA8, 0xF5, 0x5D, 0x3F,
    0xC8, 0x57, 0xA7, 0xF5, 0x99, 0xCB, 0x51, 0x29, 0x7A, 0xCC, 0x6F, 0xD7, 0x38, 0x84, 0x00, 0x9F,
    0xBC, 0xE4, 0x7C, 0x75, 0xE2, 0x32, 0x7B, 0x53, 0x01, 0x7E, 0x5E, 0xEE, 0x87, 0x66, 0xDD, 0x46,
    0x2D, 0x52, 0x03, 0xFC, 0x0B, 0x8C, 0x97, 0x34, 0x42, 0x0A, 0x5D, 0xBA, 0xB6, 0xDF, 0xE1, 0x9C,
    0x2C, 0x58, 0x16, 0x32, 0xBA, 0x0E, 0x9D, 0x44, 0xFD, 0x7C, 0x55, 0xD3, 0x87, 0xDD, 0x7C, 0x44,
    0xD3, 0x75, 0xFC, 0x30, 0x95, 0x97, 0x2B, 0x19, 0x7D, 0x92, 0xD9, 0x45, 0x13, 0xE6, 0x67, 0x9E,
    0xCF, 0x7F, 0xBE, 0x50, 0x80, 0xC9, 0x18, 0x04, 0xC0, 0x2F, 0x58, 0xF6, 0x57, 0xCF, 0x5B, 0xF6,
    0x1D, 0x87, 0x9F, 0x57, 0x17, 0x4A, 0xD0, 0xF4, 0x82, 0x96, 0xEE, 0xDA, 0x2F, 0x98, 0x43, 0xEC,
    0xD2, 0x3C, 0xB4, 0x44, 0x06, 0x44, 0x33, 0x1A, 0x45, 0x5F, 0x64, 0xD7, 0x5B, 0x28, 0xBB, 0xDC,
    0x36, 0x16, 0xF0, 0xF8, 0x4B, 0x7A, 0xFE, 0xEB, 0x68, 0x74, 0xDF, 0x67, 0xFA, 0x70, 0x3A, 0xD5,
    0x25, 0x4F, 0xF3, 0x3B, 0x26, 0x20, 0x04, 0xB7, 0x67, 0xCE, 0x7F, 0xD5, 0x99, 0x3A, 0x77, 0xC7,
    0xE1, 0x9F, 0x5D, 0x12, 0x25, 0x9D, 0xA2, 0xD0, 0x93, 0xA7, 0xFB, 0x6D, 0x57, 0x90, 0xD9, 0x05,
    0x07, 0xD9, 0xB4, 0x06, 0xC3, 0xA0, 0x41, 0xCF, 0x48, 0x34, 0xEE, 0xDB, 0x1A, 0x59, 0xCB, 0x0F,
    0x94, 0x9F, 0x50, 0xFD, 0x7C, 0x1E, 0xEE, 0xAD, 0x10, 0x31, 0xF9, 0x43, 0xAD, 0x6F, 0x4B, 0x93,
    0xDF, 0x71, 0x39, 0x96, 0x8A, 0x0E, 0x4E, 0x5E, 0xAC, 0xA0, 0x2A, 0xE9, 0xFF, 0xD4, 0x25, 0xF7,
    0xAB, 0x27, 0x6F, 0x81, 0xFE, 0xB5, 0x9B, 0x40, 0x02, 0x8B, 0x76, 0x78, 0x04, 0x29, 0xCE, 0xF1,
    0x39, 0xC7, 0x16, 0xA3, 0xB9, 0x6E, 0xED, 0xA0, 0x10, 0x42, 0x2B, 0xCE, 0xDB, 0x00, 0x21, 0x48,
    0xA4, 0xB4, 0x08, 0xB0, 0x7E, 0x7F, 0xBF, 0x88, 0xB9, 0xA3, 0xA4, 0x0F, 0x73, 0xA6, 0x06, 0xF9,
    0x54, 0xE6, 0xAF, 0xD7, 0xF8, 0x1E, 0x12, 0x5C, 0x47, 0x80, 0x39, 0x1C, 0x73, 0x13, 0x35, 0x4C,
    0x0C, 0x55, 0xE4, 0xF2, 0x1F, 0xEC, 0xE1, 0xD3, 0xF6, 0x97, 0x26, 0x43, 0xE0, 0x67, 0x95, 0x65,
    0x0F, 0xF3, 0x96, 0x73, 0x71, 0x57, 0x80, 0x7F, 0xDA, 0x75, 0xE7, 0x2C, 0xF0, 0xD1, 0x5E, 0x4D,
    0x3F, 0xC8, 0x01, 0x6D, 0xCE, 0xB2, 0x40, 0x00, 0xA4, 0x74, 0xAD, 0x09, 0xF3, 0xFB, 0xE6, 0x3D,
    0x9A, 0x07, 0xF8, 0x54, 0x01, 0x50, 0xC7, 0xE8, 0x4C, 0x32, 0xBB, 0xAA, 0xF5, 0x6D, 0xCE, 0x31,
    0x5E, 0x35, 0x71, 0xA5, 0x5C, 0x86, 0xE3, 0xFD, 0xBD, 0xFD, 0xAE, 0x55, 0xFB, 0x92, 0xC2, 0xFC,
    0x77, 0x1C, 0x7E, 0x56, 0x9A, 0x9A, 0x13, 0xAC, 0x36, 0xAA, 0x67, 0xFB, 0x0E, 0x0A, 0xC1, 0x35,
    0xBB, 0x34, 0x07, 0x80, 0x40, 0x8F, 0xA7, 0x43, 0xBD, 0xA7, 0x06, 0xF7, 0x54, 0x1F, 0xDF, 0xAF,
    0xA2, 0x94, 0x7D, 0xEC, 0x84, 0x9F, 0xC8, 0xC3, 0xB9, 0x0C, 0xEC, 0x31, 0x30, 0x56, 0xA7, 0xF1,
    0xDD, 0x50, 0x00, 0x08, 0xE6, 0xC0, 0x5C, 0x18, 0x43, 0x65, 0xFA, 0x32, 0x04, 0x73, 0x00, 0xC1,
    0x6D, 0x6B, 0xEC, 0x9D, 0x2F, 0x29, 0xCC, 0x7F, 0xC7, 0xE1, 0x9F, 0x98, 0xE3, 0x73, 0x96, 0x2D,
    0x46, 0xFB, 0xBB, 0xB5, 0x83, 0x5C, 0x08, 0x6D, 0x7A, 0xDE, 0x01, 0x21, 0x40, 0x26, 0x45, 0x23,
    0x8A, 0x8F, 0x7B, 0xE9, 0x0C, 0x4D, 0x97, 0xF4, 0x98, 0x92, 0xB6, 0xEE, 0x27, 0xF2, 0xB8, 0x81,
    0xE6, 0x97, 0xCF, 0x3D, 0xA2, 0xF1, 0x05, 0x1C, 0x87, 0xC3, 0x76, 0x38, 0x86, 0x27, 0x2C, 0x9C,
    0x1F, 0x32, 0xE1, 0xB8, 0x02, 0x8C, 0xC1, 0x7E, 0xF3, 0xB4, 0xF3, 0xA5, 0x93, 0xB7, 0x48, 0xFF,
    0xDA, 0x4D, 0x9A, 0x42, 0xF5, 0xCD, 0x04, 0x48, 0x65, 0x49, 0x14, 0xCD, 0x22, 0xBB, 0x98, 0xED,
    0xD2, 0xB6, 0x53, 0x0D, 0x99, 0x4A, 0xC1, 0x41, 0xB9, 0xE0, 0x20, 0x9E, 0xA4, 0xD0, 0x74, 0xE2,
    0x6F, 0x63, 0x1F, 0x69, 0xDC, 0x11, 0xAD, 0xDA, 0xE3, 0x81, 0x00, 0x60, 0x8A, 0xB9, 0xEF, 0x32,
    0xDE, 0x54, 0xE3, 0xBB, 0x2E, 0x47, 0xA5, 0xE8, 0x60, 0xF4, 0x72, 0x19, 0x4B, 0xB3, 0x16, 0x84,
    0x00, 0x9C, 0x9A, 0x98, 0x1E, 0x3A, 0x61, 0x7D, 0x71, 0x7E, 0x8C, 0x9F, 0xA9, 0x03, 0x7E, 0x49,
    0x66, 0x3F, 0x31, 0xDC, 0xFE, 0x68, 0x0A, 0xFF, 0x02, 0xE3, 0xC5, 0x25, 0xCE, 0x2E, 0xF6, 0x68,
    0xC6, 0x76, 0x8D, 0x20, 0xB3, 0xE4, 0x38, 0x58, 0xB2, 0x6D, 0x24, 0x34, 0x0D, 0x3A, 0x21, 0x61,
    0xFF, 0xBE, 0x48, 0x06, 0x1F, 0x82, 0x25, 0xBD, 0xC0, 0xBF, 0xF7, 0x25, 0xBF, 0x92, 0xC9, 0xE7,
    0x72, 0xE6, 0x11, 0x01, 0x67, 0x81, 0xDF, 0xEF, 0x30, 0x8E, 0x82, 0xED, 0xE0, 0x62, 0xB1, 0x88,
    0x19, 0xCB, 0x6B, 0x1B, 0x55, 0xE3, 0x62, 0xFA, 0xCD, 0x5A, 0xF5, 0x8B, 0xC3, 0xB6, 0xFB, 0x9E,
    0xC3, 0xCF, 0xAB, 0x0B, 0x45, 0x66, 0x2E, 0x5C, 0xD4, 0xB2, 0xBD, 0xDB, 0x09, 0xD1, 0x32, 0x4E,
    0x75, 0x09, 0x4E, 0x65, 0x11, 0xD4, 0x48, 0x82, 0x68, 0x3A, 0xFC, 0xED, 0x7B, 0x55, 0xC6, 0x8F,
    0x54, 0xEC, 0x09, 0x55, 0xEB, 0xFB, 0xCC, 0x1E, 0x0D, 0xF2, 0x31, 0x55, 0xEB, 0xBB, 0x0E, 0x9C,
    0x4A, 0x01, 0xE5, 0x89, 0xF3, 0xB0, 0x8A, 0xD3, 0x5E, 0xF2, 0x94, 0x5B, 0x9B, 0xAE, 0x5D, 0x7F,
    0xED, 0x8B, 0xEE, 0xC2, 0xF0, 0x7B, 0x0E, 0xFF, 0xEC, 0x92, 0x28, 0x2E, 0x14, 0xD9, 0xC5, 0xFE,
    0x2E, 0x6D, 0xBB, 0xA6, 0x21, 0xB3, 0x50, 0x70, 0xB1, 0x50, 0x70, 0x90, 0x4C, 0x6A, 0x30, 0x74,
    0xA2, 0x58, 0xB9, 0x68, 0x28, 0xDC, 0x61, 0x4A, 0x0A, 0xBB, 0x6A, 0xEE, 0xFB, 0xF4, 0xAF, 0x6A,
    0x7D, 0xD7, 0x09, 0x7D, 0xFE, 0xC5, 0xA2, 0x8B, 0x33, 0x97, 0x2B, 0x98, 0x9C, 0xF5, 0xB6, 0x0B,
    0x33, 0x6B, 0x62, 0xFA, 0xE5, 0x13, 0xF6, 0x17, 0xAF, 0xDC, 0x06, 0xFD, 0x6B, 0xAB, 0x30, 0x85,
    0x78, 0x1D, 0x22, 0x44, 0xAD, 0x8C, 0xCA, 0xFC, 0x98, 0x7B, 0x2A, 0x9D, 0xA3, 0x99, 0x78, 0x9A,
    0x0E, 0xBA, 0x36, 0xC7, 0xE2, 0x8C, 0x05, 0xCB, 0x64, 0xD0, 0x0C, 0x02, 0x4D, 0x23, 0x0A, 0xE0,
    0xA8, 0x0B, 0xEE, 0x85, 0x41, 0x0E, 0xEE, 0x86, 0x66, 0x8F, 0xCF, 0xEC, 0xAE, 0xCB, 0x3C, 0xE6,
    0x77, 0x3C, 0xC6, 0x9F, 0x1A, 0xAE, 0x62, 0x6A, 0xB8, 0x0A, 0xD7, 0xF6, 0x62, 0x19, 0xC5, 0x59,
    0xF6, 0xFA, 0xC5, 0x37, 0xAC, 0xBF, 0xAD, 0x2C, 0xE1, 0x9A, 0x02, 0xFC, 0x9C, 0x02, 0xBC, 0x8B,
    0xB5, 0x1B, 0x4D, 0xE1, 0x2F, 0x71, 0x51, 0x19, 0x76, 0xDD, 0x53, 0x1D, 0x1A, 0xCD, 0x64, 0x28,
    0x1D, 0xB4, 0x39, 0xC7, 0x74, 0xAD, 0x86, 0x2A, 0x63, 0x30, 0x28, 0x81, 0x46, 0x48, 0x10, 0xDD,
    0x57, 0xA3, 0xBC, 0x4C, 0x31, 0xF9, 0xD5, 0xE8, 0x7E, 0xD4, 0x02, 0x60, 0x9E, 0xF4, 0xE7, 0x0C,
    0x05, 0xC7, 0xC6, 0xB5, 0x72, 0x05, 0xD7, 0x2A, 0x15, 0xD8, 0x72, 0x6B, 0xB5, 0x69, 0xD7, 0x7D,
    0xFD, 0x95, 0xAA, 0xF9, 0xB7, 0x8B, 0x8C, 0xBF, 0x6F, 0xF0, 0x0B, 0xAB, 0x54, 0x61, 0xF3, 0xD7,
    0x4E, 0xD1, 0x54, 0x67, 0x86, 0xC6, 0x33, 0x83, 0xDC, 0xB5, 0x61, 0x15, 0xA6, 0xC0, 0xAC, 0x2A,
    0xA8, 0x66, 0x00, 0x54, 0x8F, 0x0A, 0x81, 0x48, 0x70, 0x2F, 0x5C, 0xCF, 0x0F, 0x7C, 0xFD, 0x40,
    0xDB, 0xBB, 0xD2, 0x0A, 0x70, 0xC0, 0xA4, 0xB9, 0x5F, 0x99, 0x19, 0x42, 0x75, 0x76, 0x08, 0xDC,
    0xF5, 0x6A, 0x1C, 0x58, 0x69, 0xFA, 0x75, 0xEB, 0xF2, 0x4B, 0x7F, 0xCB, 0xCD, 0xC5, 0xF7, 0x0D,
    0xFE, 0x42, 0x19, 0x95, 0xA1, 0x31, 0x76, 0xAA, 0x2B, 0x47, 0x33, 0x6D, 0x69, 0x32, 0x68, 0xD9,
    0x02, 0x13, 0x33, 0x36, 0x2A, 0x26, 0x83, 0x61, 0x50, 0xE8, 0x01, 0xFD, 0xA3, 0x39, 0xF3, 0xF3,
    0x30, 0x97, 0xC5, 0x13, 0xF2, 0x51, 0x93, 0xDF, 0x71, 0x18, 0x1C, 0x87, 0x63, 0xA1, 0xE8, 0xE2,
    0xF2, 0x70, 0x15, 0x97, 0x87, 0x4D, 0x58, 0xB6, 0x27, 0x83, 0x26, 0x67, 0xF9, 0xEB, 0xDF, 0x7B,
    0xC3, 0xFE, 0xDB, 0xB9, 0xDB, 0xA4, 0x7F, 0xB2, 0x4A, 0x44, 0x18, 0x72, 0xA7, 0xD1, 0x1C, 0x80,
    0xBC, 0x9C, 0x9D, 0x00, 0x3A, 0xBA, 0x37, 0x6A, 0xBB, 0x07, 0x76, 0xEA, 0x2F, 0xC4, 0x92, 0x74,
    0x7D, 0xD8, 0xF5, 0x45, 0x47, 0x36, 0x1F, 0x43, 0xB6, 0x33, 0x86, 0x78, 0x52, 0x93, 0xCB, 0x86,
    0x6A, 0xD6, 0x60, 0x7D, 0xAD, 0x73, 0x28, 0x2D, 0x2D, 0x93, 0xA1, 0xB8, 0x60, 0xA3, 0x38, 0x6F,
    0xC3, 0xAC, 0x84, 0xB0, 0xD8, 0x26, 0x1F, 0x1F, 0xBB, 0xE0, 0x7E, 0x63, 0x76, 0x98, 0x9D, 0x93,
    0x41, 0x8E, 0x05, 0x29, 0xF5, 0x7C, 0xB3, 0xA7, 0xBA, 0xCA, 0x25, 0x9F, 0x35, 0x81, 0xFF, 0x1E,
    0xC3, 0xD8, 0xBD, 0x37, 0x11, 0x7F, 0x21, 0x45, 0x43, 0xF8, 0x33, 0xBA, 0x8E, 0xAE, 0x78, 0x1C,
    0xF9, 0x78, 0x1C, 0x49, 0x5D, 0xF7, 0x72, 0xC8, 0xEB, 0xB2, 0x04, 0x23, 0x21, 0x33, 0x45, 0x48,
    0x98, 0xAE, 0x8B, 0x79, 0xCB, 0xC2, 0x9C, 0x65, 0xA1, 0xAC, 0xB4, 0x16, 0xAF, 0x72, 0x3E, 0x7E,
    0xA6, 0x66, 0x7D, 0xE3, 0x9A, 0xE3, 0x7C, 0xA0, 0xE0, 0x37, 0xF2, 0x5B, 0x76, 0xC7, 0xFA, 0xEE,
    0x7D, 0x81, 0xC4, 0x52, 0x01, 0xFC, 0x7A, 0xA2, 0x0D, 0xB1, 0xB6, 0x2E, 0xC4, 0xDA, 0xBA, 0xA0,
    0xC7, 0x92, 0x32, 0x2D, 0x98, 0xD6, 0x25, 0x49, 0x21, 0xF4, 0x9D, 0x95, 0x2A, 0x3F, 0xD7, 0x36,
    0x61, 0x97, 0xE6, 0x60, 0x97, 0xE6, 0xE0, 0xD6, 0x4A, 0x21, 0x9E, 0xEC, 0xEA, 0xB8, 0x3D, 0x79,
    0xFA, 0x1B, 0xCE, 0xFC, 0xD5, 0x0F, 0x14, 0xFC, 0xDB, 0x37, 0x6A, 0xBB, 0x0F, 0xED, 0xD4, 0x5E,
    0x48, 0x2B, 0xF4, 0x9F, 0x4D, 0x6B, 0x58, 0x97, 0x8F, 0x61, 0x5D, 0xA7, 0x81, 0x94, 0xA4, 0x7F,
    0x1A, 0x49, 0x16, 0x6B, 0x8C, 0x97, 0xF9, 0x71, 0x81, 0xAA, 0xC9, 0x30, 0xB3, 0xE0, 0x60, 0x66,
    0xDE, 0x46, 0xB1, 0x12, 0x2A, 0xF2, 0x8A, 0xC9, 0xC7, 0x8F, 0x5F, 0x60, 0xDF, 0xB8, 0xB4, 0x46,
    0xF4, 0x4F, 0x6E, 0x01, 0x09, 0xBA, 0xDC, 0x6A, 0x38, 0x0B, 0xA0, 0x43, 0x99, 0xED, 0x00, 0xB2,
    0xEB, 0x77, 0xE8, 0x87, 0xD7, 0x6D, 0xD2, 0x9E, 0x54, 0x05, 0x01, 0x00, 0xC4, 0x12, 0x1A, 0x92,
    0x69, 0x0D, 0xF1, 0x94, 0x86, 0x58, 0x5C, 0x83, 0x6E, 0xD0, 0x08, 0x02, 0x5C, 0x87, 0xC3, 0xB6,
    0x18, 0xAC, 0x2A, 0x83, 0x59, 0x61, 0xB0, 0x6B, 0x51, 0xEB, 0xC5, 0x36, 0xF9, 0xF8, 0xCC, 0x75,
    0xF6, 0xC3, 0xF1, 0x8B, 0xEE, 0x3B, 0x00, 0x8A, 0x52, 0xD2, 0x2D, 0x2A, 0xB3, 0x28, 0x7D, 0x1E,
    0x17, 0x77, 0x76, 0xAC, 0x08, 0xFF, 0x9E, 0x78, 0xFC, 0xF0, 0xE6, 0x98, 0xF1, 0xA4, 0x2A, 0x08,
    0x00, 0x20, 0xA9, 0x69, 0x48, 0xEB, 0x3A, 0xD2, 0xBA, 0x8E, 0xB8, 0xA6, 0x21, 0x46, 0xA3, 0x85,
    0x98, 0x36, 0xE7, 0xB0, 0x18, 0x43, 0xC5, 0x75, 0x51, 0x71, 0x5D, 0x98, 0x75, 0xCD, 0x44, 0xAB,
    0x9C, 0x8F, 0x0F, 0xD9, 0xCE, 0x0F, 0xCF, 0x5A, 0xD6, 0x07, 0x1A, 0xFE, 0x58, 0xDF, 0xDE, 0xC3,
    0x46, 0x7E, 0xEB, 0x93, 0xAA, 0x20, 0xF0, 0xF6, 0xE7, 0x4B, 0x42, 0x8B, 0x67, 0xA0, 0xC7, 0xD3,
    0xA0, 0x46, 0x1C, 0x54, 0x8F, 0x35, 0x74, 0x01, 0xE2, 0x8E, 0x05, 0xD7, 0xAA, 0x80, 0x59, 0x65,
    0x30, 0xDB, 0x8C, 0x0A, 0x48, 0xBB, 0x3A, 0xEE, 0xCC, 0x5F, 0xF9, 0xA1, 0x3D, 0x79, 0xE6, 0x03,
    0x0D, 0xFF, 0xC1, 0x1D, 0xFA, 0xE1, 0x9D, 0x9B, 0xE8, 0x93, 0xE9, 0x3A, 0xFA, 0x4F, 0x25, 0x28,
    0xDA, 0xD2, 0x3A, 0xD2, 0x29, 0x0D, 0xC9, 0x38, 0x45, 0xCC, 0x20, 0x41, 0x3A, 0xBC, 0x10, 0x02,
    0xB6, 0x23, 0x60, 0x5A, 0x5E, 0x64, 0xBF, 0x54, 0x71, 0x51, 0xAD, 0x45, 0x57, 0xED, 0x2A, 0x26,
    0x1F, 0xBF, 0x70, 0x9D, 0xFF, 0xF0, 0xDD, 0x35, 0xA6, 0x7F, 0x72, 0x8B, 0x48, 0xD0, 0xE4, 0x6E,
    0xA3, 0x69, 0x29, 0x0D, 0x73, 0x12, 0x01, 0x39, 0x89, 0x98, 0x4C, 0x7E, 0x40, 0xDB, 0xDA, 0xBD,
    0x41, 0x3B, 0x94, 0xEE, 0xA0, 0xF7, 0xEA, 0x06, 0xC9, 0xDE, 0xCA, 0x45, 0x5C, 0x47, 0x14, 0x2B,
    0x8B, 0xFC, 0xF4, 0xEC, 0x08, 0x3B, 0x3E, 0x3F, 0xC6, 0xAE, 0xC8, 0x84, 0x86, 0xA2, 0x94, 0x74,
    0x4B, 0xF2, 0x58, 0x90, 0x4B, 0x1D, 0xB5, 0x35, 0xF2, 0xF9, 0xD6, 0x04, 0xFE, 0x8D, 0x86, 0xB1,
    0x75, 0x53, 0xCC, 0x38, 0x94, 0xA7, 0xDA, 0xBD, 0x06, 0xBD, 0x35, 0xF8, 0x1D, 0x2E, 0x8A, 0xF3,
    0x9C, 0x9D, 0xBE, 0x6E, 0x3B, 0xC7, 0x87, 0x1D, 0xE7, 0xE7, 0x0A, 0x7E, 0xA3, 0x63, 0xE3, 0x56,
    0x3D, 0xBF, 0xE5, 0x10, 0x4D, 0x77, 0xDE, 0x4B, 0xB4, 0xD8, 0x2D, 0xC1, 0x2F, 0x98, 0x5D, 0xE4,
    0x95, 0x85, 0xD3, 0xEE, 0xFC, 0xD5, 0xE3, 0xCE, 0xE2, 0xF0, 0xCF, 0x15, 0xFC, 0x5B, 0x06, 0xB4,
    0xAD, 0xDB, 0x36, 0x68, 0x87, 0xD6, 0x75, 0x90, 0x7B, 0x63, 0xB7, 0x48, 0xFF, 0xB6, 0x23, 0x8A,
    0x33, 0x8B, 0xE2, 0xF4, 0xE5, 0x11, 0x76, 0xFC, 0xEA, 0x1D, 0xA2, 0x7F, 0x72, 0x1B, 0x48, 0x20,
    0x32, 0x57, 0x3A, 0x05, 0x20, 0x03, 0xA0, 0x4D, 0x02, 0x9F, 0x95, 0xAF, 0xD3, 0xF2, 0xBB, 0x44,
    0x67, 0x9F, 0x36, 0x98, 0xEB, 0xA1, 0x5B, 0x13, 0x19, 0xD2, 0x1B, 0x4B, 0x92, 0x1E, 0xDD, 0x20,
    0x39, 0x6A, 0x90, 0x0C, 0x25, 0x5E, 0x35, 0x22, 0x17, 0x70, 0xB9, 0x23, 0xCA, 0xAE, 0x23, 0x0A,
    0xB6, 0x29, 0xA6, 0x6B, 0x65, 0x31, 0x55, 0x98, 0xE6, 0x57, 0x16, 0x26, 0xD9, 0xA8, 0x5F, 0x9A,
    0x29, 0x81, 0x2C, 0x49, 0x04, 0x14, 0xE5, 0xEB, 0xB2, 0xFC, 0xCE, 0x5E, 0x83, 0x68, 0xEF, 0x1D,
    0x83, 0x7F, 0xBD, 0xA1, 0x0D, 0xF6, 0x6B, 0xC6, 0xD6, 0x8C, 0x46, 0x7B, 0xD3, 0x94, 0xF6, 0x18,
    0x40, 0x4E, 0xA7, 0x34, 0x43, 0x65, 0x35, 0x26, 0x07, 0x5C, 0x97, 0xF3, 0xB2, 0x03, 0x14, 0x2A,
    0x9C, 0x4F, 0x97, 0x19, 0x9F, 0x9A, 0x60, 0xCE, 0x95, 0x71, 0xE7, 0x17, 0x03, 0x7E, 0xAD, 0x7D,
    0x60, 0x50, 0xCF, 0xF6, 0x6F, 0x25, 0x89, 0x6C, 0x2F, 0x35, 0x52, 0x3D, 0x44, 0x8B, 0xE5, 0x88,
    0xA6, 0x67, 0x40, 0xA8, 0x1E, 0x34, 0xA1, 0x67, 0x6E, 0x59, 0x30, 0xBB, 0xC0, 0x9D, 0xEA, 0xB4,
    0xA8, 0x15, 0xA7, 0xDC, 0xE2, 0xC4, 0x15, 0xB6, 0x34, 0xF6, 0x0B, 0x01, 0xFF, 0x86, 0x3E, 0x32,
    0xB8, 0xA1, 0x47, 0xDB, 0x9A, 0xCD, 0xD0, 0xDE, 0xB6, 0x24, 0x7A, 0x62, 0x06, 0xC9, 0x19, 0x75,
    0xF4, 0xEF, 0x38, 0xA2, 0x6C, 0x3B, 0xA2, 0x50, 0x32, 0x31, 0x5D, 0x2C, 0xF3, 0xA9, 0x91, 0x69,
    0x76, 0x65, 0x64, 0x52, 0xDC, 0x71, 0xF8, 0xC9, 0x1A, 0x20, 0x41, 0x53, 0x10, 0x91, 0x96, 0x33,
    0x23, 0x67, 0x4A, 0x9A, 0x4B, 0x09, 0x84, 0xBB, 0x93, 0x36, 0xDB, 0xA3, 0x4C, 0xED, 0xC8, 0xEA,
    0x4A, 0x1F, 0xC6, 0x92, 0xC0, 0x9B, 0x12, 0xC8, 0xB2, 0x9C, 0x7E, 0x79, 0x63, 0x55, 0x69, 0x70,
    0xF0, 0x5E, 0x3F, 0xFC, 0x16, 0xFC, 0x2D, 0xF8, 0x7F, 0x21, 0xE0, 0x27, 0x6B, 0x88, 0x88, 0xB0,
    0x7A, 0xCC, 0x03, 0xDA, 0x07, 0xDE, 0x47, 0x40, 0x0C, 0xD1, 0x3D, 0xCA, 0xB5, 0x3A, 0x04, 0x30,
    0xB5, 0x27, 0x9B, 0x9C, 0x35, 0xA5, 0x9B, 0x49, 0x55, 0x1E, 0x6B, 0xF2, 0x3B, 0xF7, 0x7D, 0x7C,
    0xF0, 0x2D, 0xF8, 0x5B, 0xF0, 0xFF, 0x42, 0xC0, 0x4F, 0xEE, 0x90, 0x44, 0x34, 0x24, 0xB0, 0x71,
    0x39, 0x55, 0xE0, 0x8D, 0x1B, 0x48, 0x40, 0xA7, 0x0E, 0x09, 0x16, 0xC2, 0x7E, 0x66, 0xCE, 0xFB,
    0x2C, 0xF1, 0x5B, 0xF0, 0xB7, 0xE0, 0xFF, 0x85, 0x82, 0x9F, 0xDC, 0x41, 0x44, 0xF8, 0xC8, 0xD0,
    0x95, 0xE9, 0xBF, 0xA7, 0xCB, 0x20, 0x80, 0x2B, 0xBD, 0xCB, 0x5D, 0x34, 0xF6, 0x32, 0xFF, 0xA0,
    0x3E, 0xF8, 0x16, 0xFC, 0x2D, 0xF8, 0x7F, 0x2E, 0xE1, 0x27, 0xEF, 0x21, 0x42, 0x68, 0xDD, 0xEE,
    0xAB, 0x64, 0x99, 0x8C, 0x2B, 0x51, 0xF7, 0xFA, 0x17, 0x61, 0xB4, 0xE0, 0x6F, 0xC1, 0x7F, 0x37,
    0xC3, 0xDF, 0x1A, 0xAD, 0xD1, 0x1A, 0xAD, 0xD1, 0x1A, 0xAD, 0xD1, 0x1A, 0xAD, 0xD1, 0x1A, 0xAD,
    0xD1, 0x1A, 0xAD, 0xD1, 0x1A, 0xAD, 0xD1, 0x1A, 0xAD, 0xD1, 0x1A, 0xAD, 0xD1, 0x1A, 0xAD, 0xD1,
    0x1A, 0xAD, 0xD1, 0x1A, 0xAD, 0xD1, 0x1A, 0xAD, 0xD1, 0x1A, 0xAD, 0xD1, 0x1A, 0xAD, 0xD1, 0x1A,
    0xAD, 0xD1, 0x1A, 0xAD, 0xD1, 0x1A, 0xAD, 0xD1, 0x1A, 0xAD, 0xD1, 0x1A, 0xB8, 0x53, 0x29, 0x8A,
    0x78, 0x8F, 0xD3, 0x21, 0x69, 0x5D, 0x5A, 0xE4, 0x9D, 0x18, 0xA2, 0x2E, 0xBF, 0x9A, 0x7F, 0xC0,
    0x2A, 0xC7, 0x5A, 0x78, 0x68, 0x8D, 0xBB, 0x42, 0x00, 0x50, 0x78, 0xC5, 0x0F, 0x86, 0x52, 0x0D,
    0x15, 0x53, 0x0A, 0x23, 0xEE, 0x04, 0xF1, 0x0B, 0xA5, 0xBC, 0xD2, 0x45, 0x58, 0x45, 0xE5, 0x1F,
    0x5D, 0xAC, 0x7E, 0x97, 0x98, 0x16, 0x1E, 0x5A, 0xA3, 0x25, 0x00, 0xB0, 0xBA, 0x96, 0x49, 0x31,
    0xC8, 0xBA, 0x68, 0xC3, 0x30, 0xDA, 0x73, 0x9D, 0x9D, 0x1F, 0x8A, 0xC5, 0x62, 0x1F, 0xA2, 0x54,
    0xDB, 0x49, 0x28, 0x1D, 0xA4, 0x40, 0x0F, 0x08, 0x49, 0xDE, 0x19, 0xBD, 0x27, 0x4C, 0x0E, 0x4C,
    0x0B, 0xCE, 0x47, 0x39, 0x67, 0x17, 0x6C, 0xDB, 0x7E, 0xAB, 0xB0, 0xB0, 0xF0, 0x96, 0xE3, 0x38,
    0x4B, 0x4A, 0x5D, 0xB5, 0xFD, 0x1E, 0xB4, 0x90, 0x6A, 0xE1, 0xA1, 0x35, 0xEE, 0x2A, 0x01, 0x40,
    0xE1, 0xD5, 0x3F, 0xA7, 0x01, 0x64, 0x3B, 0xBB, 0xBB, 0xEF, 0x4B, 0x26, 0x93, 0x9F, 0xD7, 0x35,
    0xFD, 0x97, 0x54, 0x22, 0xD7, 0x34, 0x1D, 0xF1, 0x78, 0x1C, 0xA9, 0x54, 0x32, 0x68, 0x8C, 0xB8,
    0x76, 0x34, 0x2F, 0x50, 0xAD, 0x9A, 0xB0, 0x2C, 0x0B, 0x8C, 0xB9, 0x11, 0x66, 0x70, 0x99, 0xFB,
    0x7D, 0xD3, 0x34, 0xFF, 0xEF, 0x85, 0xD9, 0xD9, 0x13, 0xF0, 0xDA, 0x2A, 0x55, 0xE0, 0xD5, 0x5A,
    0xF3, 0x16, 0x1E, 0xEE, 0x08, 0x1E, 0x5A, 0xE3, 0x2E, 0x11, 0x00, 0x44, 0x9A, 0xB5, 0x69, 0x00,
    0xB9, 0xCE, 0xEE, 0xEE, 0xFB, 0x53, 0xE9, 0xF4, 0x1F, 0x69, 0x54, 0x3B, 0x04, 0x00, 0xE9, 0x74,
    0x1A, 0x7B, 0xF6, 0xEC, 0xC1, 0x8E, 0xED, 0x3B, 0x30, 0x38, 0x38, 0x80, 0x7C, 0x67, 0x1E, 0x46,
    0xCC, 0x80, 0x46, 0x69, 0x74, 0x53, 0xC9, 0xB5, 0xA1, 0x7C, 0x6F, 0x47, 0x1D, 0xDB, 0xC1, 0xFC,
    0xC2, 0x3C, 0x46, 0x47, 0xC7, 0x70, 0xF1, 0xD2, 0x45, 0x9C, 0x3D, 0x7B, 0x16, 0x95, 0x4A, 0x05,
    0x00, 0xC0, 0x38, 0x3B, 0x5E, 0xAD, 0x54, 0xFE, 0xB7, 0x85, 0xD9, 0xD9, 0xB7, 0x11, 0x36, 0x55,
    0x74, 0xD6, 0xC0, 0x3F, 0x6E, 0xE1, 0xA1, 0x35, 0xEE, 0x3A, 0x01, 0x40, 0xE0, 0xB5, 0x3C, 0xCA,
    0x25, 0x93, 0xC9, 0x81, 0xCE, 0xEE, 0xEE, 0xFF, 0x49, 0xD7, 0x8D, 0xE7, 0x01, 0x68, 0x5B, 0xB7,
    0x6C, 0xC1, 0xA3, 0x8F, 0x3E, 0x86, 0x7D, 0xF7, 0xEE, 0x85, 0x6E, 0x18, 0x81, 0x96, 0x5B, 0x6B,
    0x6D, 0xB7, 0x92, 0x16, 0xF4, 0x8F, 0xAE, 0xE3, 0xE0, 0xD4, 0xE9, 0x33, 0x78, 0xE5, 0x95, 0x97,
    0x71, 0xE5, 0xEA, 0x55, 0x00, 0x60, 0xAE, 0xEB, 0x7C, 0x73, 0x61, 0x76, 0xF6, 0x7F, 0x37, 0x4D,
    0x73, 0x4C, 0x32, 0x40, 0xED, 0x36, 0x88, 0xBF, 0x85, 0x87, 0xD6, 0xB8, 0xEB, 0x04, 0x00, 0x95,
    0xBD, 0xCF, 0x3A, 0x73, 0xB9, 0xFC, 0x7D, 0xB9, 0x8E, 0xEC, 0x9F, 0x13, 0x4A, 0x37, 0x77, 0x76,
    0x76, 0xE2, 0x85, 0xE7, 0x9F, 0xC7, 0xDE, 0xBD, 0x7B, 0xE5, 0x26, 0x08, 0x7E, 0x0F, 0x74, 0x75,
    0x2B, 0x71, 0x72, 0x47, 0x43, 0xDF, 0xC1, 0xFF, 0x22, 0xDC, 0x93, 0xDE, 0x9F, 0x67, 0xCE, 0x9C,
    0xC1, 0x37, 0xBE, 0xF9, 0x4D, 0x2C, 0x2C, 0x2C, 0x40, 0x70, 0x3E, 0x54, 0x58, 0x2C, 0xFE, 0x8F,
    0x85, 0xC2, 0xFC, 0x09, 0x78, 0x9B, 0x2C, 0x54, 0x6F, 0xC1, 0x14, 0x6E, 0xE1, 0xA1, 0x35, 0x7E,
    0x2E, 0x87, 0x76, 0x9B, 0xCC, 0x9F, 0x06, 0xD0, 0xDD, 0xD1, 0xD5, 0xF5, 0x54, 0xB6, 0x3D, 0xF7,
    0x37, 0x84, 0xD2, 0x9E, 0x0F, 0x1D, 0x39, 0x82, 0xDF, 0xFC, 0x8D, 0xDF, 0x40, 0x5F, 0x5F, 0x5F,
    0xBD, 0x45, 0x1A, 0xEE, 0x92, 0xEB, 0xBF, 0xBE, 0x43, 0xFF, 0x1A, 0xAE, 0x53, 0x47, 0xFC, 0xDD,
    0xDD, 0xDD, 0xF8, 0xD0, 0x91, 0x23, 0x28, 0x97, 0x4A, 0x18, 0x9F, 0x98, 0xE8, 0x88, 0x27, 0xE3,
    0xBF, 0x4C, 0x75, 0xED, 0x4A, 0xAD, 0x5A, 0x9D, 0x46, 0xD8, 0x86, 0x49, 0xB4, 0xF0, 0xF0, 0x81,
    0x6A, 0xBC, 0xD9, 0x1A, 0x1F, 0x20, 0x01, 0xE0, 0x6B, 0xBC, 0xAE, 0x8E, 0xAE, 0xAE, 0xA7, 0xB2,
    0xD9, 0xEC, 0x5F, 0x6A, 0x9A, 0x96, 0xFE, 0x95, 0x4F, 0xFC, 0x0A, 0x9E, 0x7E, 0xFA, 0x69, 0xE8,
    0xBA, 0xDE, 0xCC, 0x25, 0x55, 0x08, 0x32, 0xBA, 0x57, 0xFC, 0xFB, 0x31, 0x29, 0xA5, 0xD8, 0xB5,
    0x6B, 0x17, 0x32, 0x99, 0x36, 0x5C, 0xBA, 0x7C, 0x29, 0x16, 0x8B, 0xC5, 0x9E, 0xA2, 0x9A, 0x76,
    0xA9, 0x56, 0xAD, 0x4E, 0x2A, 0xCB, 0x64, 0xA2, 0x85, 0x87, 0x96, 0x10, 0x68, 0x09, 0x80, 0x46,
    0xB7, 0x21, 0x09, 0x20, 0x9F, 0xCB, 0x75, 0x1E, 0xC9, 0xB6, 0xE7, 0xBE, 0xA4, 0x69, 0x5A, 0xFA,
    0xD3, 0x9F, 0xFE, 0x34, 0xEE, 0xBB, 0xEF, 0xA0, 0xE2, 0xD7, 0x12, 0x65, 0xD7, 0xBB, 0xFA, 0xFD,
    0xDF, 0xF0, 0x1E, 0x11, 0x38, 0x8F, 0x6C, 0xC9, 0x2D, 0x22, 0xD7, 0xE6, 0x10, 0x42, 0xA0, 0xBF,
    0xBF, 0x1F, 0xDD, 0xDD, 0xDD, 0x38, 0x77, 0xEE, 0x9C, 0x61, 0x18, 0xB1, 0xC7, 0x21, 0xC8, 0x3B,
    0x96, 0x65, 0x2E, 0x20, 0x6C, 0xBD, 0xDC, 0xC2, 0xC3, 0x9D, 0xDF, 0x6E, 0xAB, 0x35, 0x7E, 0x8E,
    0x04, 0x40, 0x0C, 0x40, 0x7B, 0x22, 0x91, 0xB8, 0xA7, 0xB3, 0xBB, 0xEB, 0x4B, 0x94, 0xD2, 0x9E,
    0x5F, 0x7E, 0xF6, 0x59, 0x1C, 0x38, 0x70, 0x10, 0x00, 0xA9, 0x53, 0x15, 0x21, 0xD1, 0x07, 0x5A,
    0x4F, 0x6A, 0x3C, 0xDC, 0x61, 0xE2, 0xE7, 0x92, 0xB0, 0x05, 0xF7, 0x37, 0x9C, 0xF4, 0x89, 0x9F,
    0x47, 0x99, 0x82, 0x0B, 0x74, 0x75, 0x75, 0x21, 0x9D, 0x4A, 0xE1, 0xD2, 0xE5, 0xCB, 0xB1, 0x58,
    0x22, 0x7E, 0xD8, 0xAE, 0xD5, 0x5E, 0x72, 0x5D, 0xB7, 0x72, 0x83, 0x35, 0xF2, 0x16, 0x1E, 0x5A,
    0xE3, 0xAE, 0x13, 0x00, 0x1A, 0xBC, 0x6D, 0x8F, 0x7A, 0xD6, 0xF5, 0xF5, 0xFD, 0x47, 0x5D, 0xD7,
    0x1F, 0xDC, 0xB7, 0x6F, 0x1F, 0x3E, 0xF2, 0xF8, 0x47, 0x22, 0x91, 0x27, 0x11, 0x78, 0xB6, 0xCA,
    0xFB, 0xC0, 0xDC, 0x7D, 0x6F, 0xB4, 0x1E, 0x57, 0xB4, 0x5F, 0x40, 0xF4, 0xF2, 0xC8, 0x15, 0xA2,
    0xF7, 0x76, 0x23, 0xE6, 0xE8, 0xED, 0xED, 0xC3, 0xE2, 0xE2, 0x22, 0x66, 0x66, 0x66, 0x3A, 0xE2,
    0x89, 0x44, 0x47, 0xA9, 0x58, 0x7C, 0x13, 0xDE, 0xDA, 0x78, 0xB3, 0x65, 0xB1, 0x16, 0x1E, 0x5A,
    0xE3, 0xAE, 0x14, 0x00, 0x49, 0x00, 0x5D, 0xB9, 0xCE, 0xCE, 0x87, 0xD2, 0xE9, 0xCC, 0x1F, 0x26,
    0x93, 0x49, 0xFA, 0xC2, 0x0B, 0x9F, 0x44, 0x3C, 0x16, 0x53, 0xF5, 0x9C, 0x4F, 0xF9, 0x11, 0x4D,
    0xB7, 0x3C, 0x61, 0xDE, 0x49, 0xA2, 0x6F, 0xD4, 0x7A, 0x9C, 0x4B, 0x82, 0xE7, 0x8A, 0x86, 0x94,
    0x7B, 0xB6, 0xF7, 0xF5, 0xF5, 0xE3, 0xD4, 0xA9, 0x53, 0xE0, 0x5C, 0x6C, 0x07, 0x21, 0xC7, 0x2D,
    0xD3, 0x9C, 0x86, 0xB7, 0x24, 0xE6, 0xB4, 0xF0, 0xD0, 0x14, 0x0F, 0xAD, 0xF1, 0x73, 0x3E, 0xF4,
    0x55, 0x0A, 0x8B, 0x34, 0x80, 0x8E, 0xB6, 0xB6, 0xB6, 0xDF, 0x03, 0xA0, 0xED, 0xD9, 0xBB, 0x17,
    0xA9, 0x64, 0x12, 0x8C, 0x33, 0x08, 0x08, 0x50, 0x41, 0x21, 0xA8, 0xF0, 0x96, 0xBB, 0x40, 0xBC,
    0x7D, 0xE0, 0x89, 0xB2, 0xD4, 0x25, 0xFF, 0xEB, 0xEC, 0xEC, 0x88, 0x9C, 0x78, 0x61, 0x61, 0xF1,
    0xC6, 0x92, 0x27, 0x99, 0x44, 0x32, 0x99, 0x58, 0xF6, 0x7B, 0xCE, 0x38, 0x4C, 0xD3, 0x84, 0x65,
    0xDB, 0x8D, 0x8B, 0x61, 0x22, 0x5C, 0x12, 0x13, 0x9E, 0x1A, 0x0E, 0x19, 0x92, 0x4B, 0x4D, 0xC8,
    0x39, 0x52, 0xC9, 0x24, 0xF6, 0xEC, 0xDD, 0x8B, 0x77, 0xDE, 0x7E, 0x5B, 0x6B, 0x6B, 0x6B, 0xFB,
    0xBD, 0xC2, 0xC2, 0xC2, 0x29, 0x78, 0xFB, 0xB1, 0x59, 0x8A, 0x09, 0x7C, 0xDB, 0x78, 0xC8, 0xB5,
    0xB7, 0x43, 0xD3, 0x28, 0x96, 0x5B, 0xBB, 0x73, 0x5C, 0x17, 0x95, 0x4A, 0x05, 0x9C, 0x2F, 0xBF,
    0x0A, 0x97, 0x4E, 0xA7, 0x11, 0x8F, 0xC7, 0x96, 0xFD, 0x9E, 0x31, 0x86, 0x6A, 0xD5, 0x84, 0xE3,
    0x38, 0x77, 0x0A, 0x0F, 0xAD, 0x71, 0x97, 0x09, 0x80, 0x38, 0x80, 0xB6, 0x5C, 0x47, 0xC7, 0x7D,
    0x9A, 0xA6, 0xEF, 0x6F, 0x6B, 0xCB, 0xA2, 0xBF, 0xAF, 0x3F, 0x20, 0x52, 0x21, 0x00, 0x41, 0x04,
    0x88, 0x20, 0x51, 0xC2, 0x07, 0x82, 0x2C, 0x37, 0x5F, 0x08, 0x1C, 0x3E, 0x7C, 0x38, 0x92, 0xA4,
    0xF2, 0xBD, 0xEF, 0x7D, 0xFF, 0x86, 0x17, 0xEF, 0xEB, 0xEB, 0xC5, 0xD6, 0xAD, 0x5B, 0x6F, 0xF8,
    0xBB, 0x72, 0xB9, 0x8C, 0xE1, 0xE1, 0x61, 0x8C, 0x8C, 0x8C, 0xD6, 0x11, 0xBD, 0x4F, 0xF0, 0xCD,
    0x08, 0x5F, 0x40, 0x70, 0x8F, 0xF8, 0xFB, 0xFB, 0xFA, 0xD1, 0xD6, 0x96, 0x45, 0xA9, 0x54, 0xDC,
    0x9F, 0xEB, 0xE8, 0xB8, 0xAF, 0xB0, 0xB8, 0xB8, 0x84, 0x70, 0x33, 0xC6, 0x35, 0xC1, 0xC3, 0xBE,
    0x7D, 0xF7, 0x22, 0x99, 0x5C, 0x39, 0xFD, 0x9F, 0x73, 0x8E, 0xE9, 0xE9, 0x69, 0x5C, 0xBA, 0x74,
    0x19, 0xD5, 0x6A, 0xB5, 0xE1, 0xFB, 0x4D, 0x9B, 0x36, 0x62, 0xFD, 0xFA, 0xF5, 0x37, 0xC4, 0x47,
    0xA1, 0x50, 0xC0, 0xD0, 0xD0, 0x35, 0x4C, 0x4D, 0x4E, 0xAE, 0x35, 0x1E, 0x5A, 0xE3, 0x2E, 0x12,
    0x00, 0x54, 0x9A, 0xBD, 0xD9, 0x74, 0xA6, 0xED, 0x05, 0x00, 0xE8, 0xE9, 0xED, 0x05, 0xA5, 0x14,
    0x8C, 0x31, 0x08, 0x21, 0x40, 0x84, 0x80, 0x20, 0x04, 0x84, 0xCB, 0x64, 0x97, 0x20, 0xE9, 0x05,
    0x81, 0xF6, 0x5B, 0x2E, 0x4B, 0xCD, 0x75, 0x6F, 0x1C, 0x64, 0x5E, 0x49, 0x1B, 0xAA, 0x23, 0x93,
    0xC9, 0x60, 0xCF, 0x9E, 0x3D, 0x68, 0x6F, 0xEF, 0xC0, 0x89, 0x13, 0x27, 0xA2, 0x81, 0x38, 0xA1,
    0x64, 0xC6, 0xD5, 0x9B, 0xCA, 0x92, 0xF0, 0x29, 0xA5, 0xE8, 0xE9, 0xED, 0x45, 0xA9, 0x54, 0x44,
    0x3A, 0xD3, 0xF6, 0x42, 0x61, 0x71, 0xF1, 0x1D, 0x25, 0x3B, 0x0E, 0x6B, 0x81, 0x07, 0x71, 0x13,
    0x9E, 0x34, 0xA5, 0x14, 0x7D, 0x7D, 0x7D, 0xE8, 0xEE, 0xEE, 0xC6, 0x9B, 0x6F, 0xBE, 0x85, 0xC5,
    0xC5, 0xC5, 0x3A, 0x7C, 0xDC, 0x9C, 0x3B, 0x9E, 0xCB, 0xE5, 0x70, 0xF0, 0xE0, 0x01, 0x5C, 0x69,
    0xCB, 0xE0, 0xFC, 0xF9, 0x0B, 0x6B, 0x85, 0x87, 0x56, 0x82, 0xD0, 0x5D, 0x26, 0x00, 0x74, 0x00,
    0x29, 0x4D, 0xD3, 0xBA, 0x74, 0xC3, 0x78, 0xCC, 0x30, 0x0C, 0xE4, 0x72, 0x39, 0xD8, 0xB6, 0x1D,
    0x21, 0x7C, 0xAE, 0x64, 0xBB, 0x91, 0xA6, 0xE9, 0xAE, 0xA4, 0x69, 0xCA, 0x3B, 0x63, 0xEC, 0x26,
    0x04, 0x40, 0x94, 0xE0, 0x2B, 0x95, 0x2A, 0x4C, 0xD3, 0x53, 0x46, 0x89, 0x44, 0x02, 0x99, 0x4C,
    0x26, 0xF2, 0xFD, 0xFA, 0xF5, 0xFD, 0x18, 0x1B, 0x1B, 0xC3, 0xC4, 0xC4, 0x64, 0x24, 0x76, 0xA5,
    0xA6, 0xC5, 0x46, 0xA6, 0x24, 0x7C, 0xDB, 0xB6, 0x91, 0xCB, 0xE5, 0x60, 0x18, 0x06, 0x04, 0xF0,
    0x98, 0xA6, 0x69, 0x5D, 0x8C, 0xB1, 0x79, 0x78, 0xFB, 0xB1, 0x63, 0x6D, 0xF0, 0x20, 0xEA, 0x5C,
    0xA0, 0x85, 0x80, 0xE9, 0xDA, 0xDA, 0xDA, 0x60, 0x18, 0x46, 0x88, 0x78, 0x5D, 0xC7, 0xC1, 0x83,
    0x07, 0xF0, 0xC3, 0x1F, 0xFE, 0x28, 0xB8, 0x77, 0xEF, 0xFE, 0xA3, 0x3C, 0x58, 0x2A, 0x95, 0x60,
    0x59, 0x96, 0x77, 0x83, 0xA9, 0x14, 0x52, 0xA9, 0x54, 0xE4, 0xFB, 0xAD, 0x5B, 0xB7, 0x62, 0x74,
    0x74, 0x0C, 0x4B, 0x4B, 0x4B, 0x6B, 0x81, 0x07, 0xBB, 0xC5, 0x3A, 0x77, 0x97, 0x00, 0x88, 0x01,
    0x48, 0xB5, 0xB7, 0xB7, 0x1F, 0x22, 0x40, 0x22, 0xD7, 0xDE, 0x0E, 0x42, 0x28, 0x2A, 0xD5, 0x2A,
    0x1C, 0xD7, 0x85, 0xA6, 0x69, 0xA0, 0x42, 0x2C, 0x4F, 0xF4, 0x64, 0xE5, 0x74, 0xD7, 0x5B, 0xB1,
    0x00, 0xAE, 0x5D, 0xBB, 0x86, 0x0B, 0x17, 0x2E, 0x04, 0xEF, 0x7B, 0x7A, 0x7A, 0x70, 0xF4, 0xE8,
    0x43, 0xA0, 0x34, 0xF4, 0xAD, 0xBB, 0xBA, 0xBA, 0x30, 0x3A, 0x3A, 0x1A, 0xB2, 0x9C, 0x42, 0xF4,
    0xF5, 0xC4, 0xCF, 0x39, 0x07, 0x63, 0x0C, 0x95, 0x6A, 0x15, 0x84, 0x50, 0xE4, 0xDA, 0xDB, 0x31,
    0x37, 0x3B, 0x9B, 0x68, 0x6F, 0x6F, 0x3F, 0x34, 0x3F, 0x3F, 0x3F, 0x2A, 0x71, 0x80, 0x3B, 0x81,
    0x87, 0x37, 0xDF, 0x7A, 0x0B, 0xD5, 0x8A, 0x27, 0xCC, 0xA8, 0xA6, 0x61, 0xDF, 0xBD, 0x7B, 0x23,
    0xEE, 0x4E, 0x3A, 0x9D, 0x46, 0x67, 0xBE, 0x13, 0xD3, 0x53, 0xD3, 0x0D, 0x82, 0xCC, 0x1F, 0xE7,
    0xCE, 0x9F, 0xC7, 0xE8, 0xC8, 0x68, 0xE8, 0x22, 0xDC, 0xB3, 0x09, 0x87, 0x0F, 0x1D, 0x8A, 0xFC,
    0x26, 0x9F, 0xCF, 0x63, 0x6E, 0x7E, 0x7E, 0x2D, 0xF0, 0xD0, 0x12, 0x00, 0xBF, 0x20, 0x83, 0xDE,
    0xE4, 0x6F, 0x62, 0x00, 0x52, 0x46, 0x22, 0x71, 0x10, 0x00, 0xB2, 0x6D, 0x59, 0x00, 0x02, 0x96,
    0x65, 0xA3, 0x54, 0x2A, 0x81, 0x31, 0x06, 0xD7, 0x75, 0xE1, 0xBA, 0x4C, 0x4E, 0x37, 0xFC, 0x8C,
    0x31, 0x30, 0xD7, 0x95, 0xDF, 0xBB, 0x4D, 0x99, 0xDD, 0xAD, 0xFB, 0xBE, 0xD9, 0xAC, 0x17, 0x00,
    0x9C, 0xF3, 0xC8, 0xF7, 0xE3, 0xE3, 0xE3, 0x98, 0x9A, 0x9A, 0x8A, 0xFE, 0x46, 0x84, 0xBF, 0x61,
    0xF2, 0x5E, 0x22, 0xF7, 0x56, 0x77, 0xBF, 0x9E, 0x16, 0xB5, 0x01, 0x08, 0x09, 0x23, 0x20, 0x61,
    0x4E, 0xC9, 0x42, 0x9F, 0xC4, 0x5A, 0xE0, 0xA1, 0x9E, 0x79, 0x99, 0xCB, 0x82, 0xFB, 0xB4, 0x2D,
    0x0B, 0xC7, 0x8F, 0x9F, 0x80, 0x69, 0x9A, 0x91, 0xDF, 0x64, 0xDB, 0xDA, 0x56, 0xC6, 0x07, 0x8B,
    0xE2, 0xE3, 0xCA, 0xE5, 0x2B, 0x28, 0x14, 0x0A, 0x0D, 0xF8, 0x58, 0x03, 0x3C, 0xC4, 0x6E, 0x92,
    0x6E, 0x5A, 0xE3, 0x17, 0xC4, 0x02, 0x20, 0xF2, 0xA1, 0x27, 0x34, 0x4D, 0xDF, 0xE2, 0x45, 0xE4,
    0x53, 0x72, 0x79, 0x8B, 0x63, 0x6A, 0x6A, 0x1A, 0x89, 0x64, 0x12, 0x1A, 0xA5, 0x20, 0x84, 0x87,
    0x7E, 0xAF, 0xFF, 0xA7, 0xA4, 0xDE, 0xFB, 0x27, 0x4D, 0x04, 0x00, 0x5B, 0xB5, 0x05, 0xE0, 0x09,
    0x00, 0xB6, 0xA2, 0x2B, 0x31, 0x3D, 0x35, 0x1D, 0x11, 0x38, 0x91, 0x64, 0x1C, 0x3F, 0x08, 0x26,
    0x27, 0xE3, 0x1E, 0x2C, 0x42, 0x70, 0x40, 0x48, 0x18, 0xBD, 0x9A, 0xFD, 0x2D, 0x92, 0xF1, 0xE3,
    0xF2, 0x34, 0x6B, 0x84, 0x87, 0xE8, 0x7D, 0xD7, 0xC3, 0x52, 0x2A, 0x95, 0x23, 0x81, 0x42, 0x21,
    0xA2, 0x78, 0xAA, 0x17, 0x22, 0xCD, 0xF1, 0x11, 0xC5, 0xD9, 0x94, 0xC4, 0xC7, 0x6D, 0xE2, 0x21,
    0xF6, 0x1E, 0xB7, 0x92, 0x6B, 0x8D, 0xF7, 0x59, 0x00, 0x68, 0xB2, 0xC6, 0x3D, 0x4E, 0x28, 0xED,
    0xA7, 0x94, 0x42, 0x37, 0xF4, 0x20, 0x7A, 0x5C, 0x2A, 0x97, 0x31, 0x3F, 0x37, 0x8F, 0xCE, 0xCE,
    0x8E, 0xD0, 0xEC, 0x6D, 0x16, 0xFD, 0x5F, 0xA1, 0xF8, 0xF0, 0x56, 0x5C, 0x00, 0xDF, 0x02, 0xF0,
    0x47, 0xF7, 0xBA, 0x6E, 0xF4, 0xF7, 0xF7, 0x07, 0xEF, 0x67, 0x67, 0x67, 0x71, 0x75, 0x68, 0x08,
    0x82, 0x8B, 0xBA, 0xBA, 0xB8, 0xBA, 0x28, 0xB8, 0x9C, 0x0B, 0x0B, 0x8B, 0x28, 0x95, 0xCB, 0x41,
    0xA2, 0x8E, 0x6E, 0xE8, 0xA0, 0x94, 0x82, 0x50, 0xDA, 0x2F, 0x99, 0xDF, 0x17, 0x00, 0xB7, 0x8D,
    0x87, 0x7A, 0xE6, 0xF5, 0xB5, 0x6F, 0x80, 0x70, 0x5D, 0x43, 0x2E, 0x97, 0x6D, 0x88, 0x13, 0xA8,
    0xBF, 0xA9, 0x8F, 0x89, 0xF8, 0xDA, 0xDC, 0x1F, 0x1B, 0x37, 0x6E, 0x88, 0x2C, 0xB7, 0x5E, 0xBF,
    0x3E, 0x8C, 0xA9, 0xC9, 0xC9, 0xB5, 0xC0, 0x83, 0x21, 0x69, 0xA2, 0xB5, 0x1C, 0x78, 0x97, 0x08,
    0x80, 0xA0, 0x9F, 0x1D, 0xA5, 0xB4, 0x53, 0xD7, 0xF5, 0x06, 0x9F, 0x71, 0x6A, 0x7A, 0x1A, 0x9A,
    0xA6, 0x21, 0x93, 0x49, 0x2B, 0x84, 0x1F, 0x55, 0x79, 0x2B, 0x45, 0x01, 0x6E, 0x45, 0x00, 0x6C,
    0xDC, 0xB8, 0x01, 0x6D, 0x6D, 0x6D, 0x20, 0x04, 0xC8, 0x64, 0xDA, 0xD0, 0xD3, 0xB3, 0x2E, 0xF0,
    0xB5, 0xAF, 0x5D, 0xBB, 0x8E, 0x9F, 0xBE, 0xFA, 0x2A, 0x1C, 0xDB, 0xA9, 0x4F, 0xC6, 0x55, 0x96,
    0xC4, 0xC3, 0x08, 0x78, 0xB9, 0x5C, 0xC1, 0xD4, 0xF4, 0x34, 0x38, 0xE7, 0x11, 0xD8, 0x74, 0x5D,
    0x07, 0xE3, 0xBC, 0x53, 0xE9, 0xE1, 0x87, 0x3B, 0x81, 0x07, 0x97, 0x85, 0xAE, 0x51, 0x36, 0x97,
    0xC5, 0x43, 0x0F, 0x3E, 0x80, 0x78, 0x3C, 0x1E, 0x7C, 0x5F, 0x2C, 0x16, 0x71, 0xFD, 0xFA, 0x70,
    0x04, 0x07, 0xF5, 0x41, 0xC0, 0xED, 0xDB, 0xB7, 0xA1, 0xAF, 0xAF, 0x0F, 0x84, 0x10, 0xB4, 0xB7,
    0xE7, 0xD0, 0xD5, 0xD5, 0x15, 0x08, 0x9B, 0x0B, 0x17, 0x2E, 0xE2, 0xCD, 0x37, 0xDF, 0xF2, 0x02,
    0x95, 0xB7, 0x8F, 0x07, 0xBD, 0xE5, 0x02, 0xDC, 0x7D, 0x2E, 0x80, 0x06, 0x40, 0x27, 0x40, 0xC2,
    0x30, 0x0C, 0x49, 0xF0, 0x02, 0x94, 0x4A, 0xB3, 0x91, 0x31, 0x8C, 0x4F, 0x4E, 0x62, 0x5D, 0x77,
    0x97, 0x64, 0x4A, 0xD2, 0x10, 0xF1, 0x5F, 0x51, 0x00, 0xB0, 0x9B, 0x10, 0x00, 0x75, 0x04, 0x9F,
    0xCF, 0xE7, 0x91, 0xCF, 0xE7, 0x1B, 0x84, 0xC4, 0xB9, 0xF3, 0xE7, 0x71, 0xF2, 0xE4, 0xA9, 0x20,
    0xA8, 0xD6, 0x4C, 0x00, 0xA8, 0x65, 0xB1, 0xA5, 0x52, 0x09, 0x33, 0xB3, 0x73, 0x41, 0x14, 0xDF,
    0x87, 0x4D, 0x08, 0x01, 0xC3, 0x30, 0x60, 0xDB, 0x76, 0x42, 0xE2, 0xC9, 0xC7, 0xD5, 0x6D, 0xE3,
    0xA1, 0xDE, 0x02, 0x78, 0xEE, 0x97, 0x9F, 0x05, 0xE7, 0x02, 0x86, 0xA1, 0x23, 0x91, 0x88, 0x26,
    0x3B, 0x99, 0xA6, 0x89, 0xEF, 0x7F, 0xFF, 0x45, 0xD8, 0x8E, 0xBD, 0xE2, 0xAA, 0x48, 0x6F, 0x6F,
    0x2F, 0x7A, 0x7B, 0xA3, 0x38, 0x73, 0x1C, 0x07, 0xA7, 0x4E, 0x9F, 0xC6, 0x99, 0x33, 0x67, 0x83,
    0x15, 0x82, 0x35, 0xC0, 0x83, 0xD6, 0x72, 0x01, 0xEE, 0x3E, 0x01, 0xE0, 0xB7, 0xB0, 0x8E, 0xE4,
    0xB0, 0x73, 0x2E, 0x00, 0xC2, 0x01, 0x41, 0x00, 0xD7, 0xC5, 0xF4, 0xF4, 0x0C, 0xAA, 0x55, 0x13,
    0x1D, 0x1D, 0xED, 0xD0, 0x34, 0xBD, 0xB1, 0xE9, 0x05, 0xB9, 0x1D, 0x0B, 0x40, 0xDC, 0xD4, 0xDA,
    0xF9, 0xDE, 0x3D, 0x7B, 0xB0, 0x67, 0xF7, 0x6E, 0x9C, 0x3D, 0x77, 0x0E, 0x3F, 0xFD, 0xE9, 0xAB,
    0x5E, 0x5C, 0x40, 0x34, 0x36, 0xC7, 0x60, 0xCC, 0xC5, 0xE2, 0xE2, 0x12, 0x4A, 0xA5, 0x12, 0x38,
    0xE7, 0x61, 0x6E, 0x3C, 0x57, 0x97, 0xC5, 0x22, 0x56, 0x90, 0xA6, 0x06, 0x4E, 0x6F, 0x0B, 0x0F,
    0x68, 0xCC, 0xEA, 0x6B, 0x36, 0x2E, 0x5F, 0xBE, 0x8C, 0x57, 0x5F, 0x7D, 0x1D, 0x95, 0x6A, 0x05,
    0xCB, 0x75, 0xF9, 0x59, 0x69, 0x18, 0x86, 0x81, 0x43, 0xF7, 0xDD, 0x87, 0x03, 0xFB, 0xF7, 0xE3,
    0xC4, 0x89, 0x77, 0xF1, 0xD6, 0xB1, 0x63, 0x01, 0xD3, 0xDF, 0x06, 0x1E, 0x68, 0x4B, 0x00, 0xDC,
    0x9D, 0x99, 0x80, 0x10, 0x42, 0x58, 0x8E, 0x63, 0xC7, 0x39, 0xE7, 0x5E, 0xA0, 0x8B, 0x7A, 0x09,
    0x2F, 0x02, 0x1C, 0x9C, 0x52, 0x80, 0x73, 0x14, 0x8B, 0x45, 0x54, 0xAA, 0x55, 0x64, 0xB3, 0x6D,
    0xC8, 0xA4, 0xD3, 0xA0, 0x54, 0x8B, 0xA4, 0x01, 0x2F, 0x17, 0x04, 0xBB, 0xE1, 0xB5, 0xEB, 0x5C,
    0x80, 0x33, 0x67, 0xCF, 0xE2, 0xC2, 0x85, 0x8B, 0x9E, 0x53, 0x1E, 0x8F, 0x63, 0x7D, 0x7F, 0x3F,
    0xEE, 0xBD, 0x77, 0x2F, 0x0C, 0xD9, 0x72, 0x6B, 0xEF, 0x9E, 0x3D, 0xA0, 0x84, 0xE0, 0x07, 0x2F,
    0xFE, 0x28, 0x92, 0x11, 0xC8, 0x39, 0x43, 0xB9, 0x52, 0x41, 0xB1, 0x58, 0x02, 0x93, 0x11, 0x79,
    0x3F, 0x01, 0x46, 0x4D, 0x87, 0xE5, 0x9C, 0xC3, 0x71, 0x6C, 0x08, 0x21, 0xAC, 0xB5, 0xC6, 0x43,
    0x3D, 0xF3, 0xFE, 0xF4, 0xA7, 0xAF, 0xC2, 0xB6, 0x6D, 0x3C, 0xFA, 0xE8, 0x23, 0x91, 0x1E, 0x02,
    0x96, 0x6D, 0xA3, 0x58, 0x2A, 0xDE, 0x94, 0x45, 0x74, 0xEC, 0xD8, 0xDB, 0x18, 0x19, 0x1D, 0xF5,
    0xFA, 0x92, 0x25, 0x93, 0xD8, 0xB0, 0x61, 0x10, 0x7B, 0x76, 0xEF, 0x06, 0xA5, 0x14, 0x9A, 0xA6,
    0xE1, 0xFE, 0xFB, 0x0F, 0xC3, 0x65, 0x2E, 0xDE, 0x7A, 0xF3, 0xD8, 0x9A, 0xE1, 0xA1, 0x35, 0xEE,
    0x0E, 0x01, 0x10, 0x6C, 0x2E, 0xC1, 0x85, 0x58, 0x60, 0x8C, 0xF5, 0x79, 0x66, 0x2F, 0x87, 0xE0,
    0x04, 0x5C, 0x32, 0x35, 0x05, 0xBC, 0x04, 0x18, 0x4A, 0x21, 0x5C, 0x4F, 0xAB, 0x14, 0x8B, 0x25,
    0x24, 0x13, 0x09, 0x24, 0x93, 0x49, 0xC4, 0x62, 0x86, 0x5C, 0xA3, 0x27, 0xB7, 0x96, 0x08, 0x54,
    0x47, 0xF0, 0x85, 0xA5, 0x02, 0x46, 0x46, 0x46, 0x22, 0xDA, 0xF2, 0xF2, 0x95, 0x2B, 0xF8, 0xF4,
    0xAF, 0x7D, 0x2A, 0xF8, 0x6C, 0xF7, 0xEE, 0xDD, 0x78, 0xFD, 0x8D, 0xB7, 0xB0, 0xB8, 0xB8, 0x00,
    0xDB, 0x76, 0x60, 0x9A, 0x26, 0xCC, 0x5A, 0x2D, 0x62, 0xE6, 0x0A, 0xE9, 0xEF, 0xFA, 0xC4, 0xEE,
    0xBD, 0xF7, 0x34, 0x20, 0x63, 0x0C, 0x5C, 0x88, 0x05, 0x65, 0x53, 0x0D, 0xAC, 0x05, 0x1E, 0xEA,
    0xC7, 0xC5, 0x4B, 0x97, 0x50, 0x2C, 0x16, 0xA1, 0xEB, 0x3A, 0x1E, 0x7D, 0xF4, 0x91, 0xE0, 0xF3,
    0xBD, 0x7B, 0xF6, 0xE0, 0xC2, 0x85, 0x8B, 0x11, 0x38, 0x97, 0xB3, 0x00, 0xE6, 0xE6, 0xE7, 0x23,
    0xBF, 0xBB, 0x78, 0xF1, 0x22, 0xC6, 0xC6, 0xC6, 0xF1, 0xB1, 0x8F, 0xFE, 0x52, 0xF0, 0xD9, 0xE1,
    0x43, 0x87, 0xF0, 0xEA, 0xAB, 0xAF, 0xA1, 0x50, 0x28, 0xDE, 0x0E, 0x1E, 0x44, 0xAB, 0x2A, 0xF0,
    0xEE, 0x13, 0x00, 0x0C, 0x00, 0xE3, 0x8C, 0xCD, 0x70, 0x4A, 0xFB, 0x6C, 0xDB, 0x02, 0xA5, 0x89,
    0xC0, 0xC7, 0x0D, 0x0C, 0x5C, 0x4A, 0x41, 0x39, 0x07, 0x64, 0x32, 0x8E, 0x9F, 0x50, 0x52, 0x35,
    0x4D, 0x50, 0x42, 0xA0, 0xEB, 0x06, 0x0C, 0xA3, 0xF1, 0x92, 0x95, 0xCA, 0x8D, 0xD3, 0xCB, 0xD5,
    0x80, 0x1E, 0x00, 0xD8, 0x8E, 0xD3, 0xF0, 0x77, 0x97, 0x2E, 0x5D, 0x46, 0xA9, 0x5C, 0x46, 0x9B,
    0x92, 0x15, 0x98, 0x4A, 0xA7, 0x70, 0xE1, 0xC2, 0x85, 0xE6, 0x55, 0x77, 0x9C, 0x47, 0xD2, 0x5F,
    0xD5, 0x69, 0xDB, 0x96, 0xF7, 0x9A, 0xB1, 0x19, 0x65, 0x73, 0x0D, 0xAC, 0x05, 0x1E, 0xEA, 0x05,
    0x5E, 0xB5, 0x6A, 0xA2, 0x52, 0xA9, 0xE2, 0xA7, 0xAF, 0xBE, 0x86, 0x2D, 0x5B, 0xB6, 0x60, 0x60,
    0x20, 0xCC, 0xF1, 0x7F, 0xEA, 0xC9, 0x27, 0xF0, 0xE5, 0xBF, 0xF9, 0x0A, 0xEC, 0xBA, 0x22, 0xA7,
    0x7A, 0xB7, 0xC9, 0xB2, 0xAC, 0x06, 0x7C, 0x9C, 0x38, 0xF1, 0x6E, 0x44, 0x00, 0x18, 0x86, 0x81,
    0x58, 0x2C, 0x8E, 0x4A, 0xB5, 0x7A, 0x3B, 0x78, 0x60, 0x2D, 0x01, 0x70, 0x77, 0x09, 0x00, 0x2E,
    0xCB, 0x40, 0x1D, 0xC6, 0xDC, 0xEB, 0x86, 0x61, 0xEC, 0x37, 0x4D, 0x13, 0x31, 0x23, 0x16, 0x25,
    0x7C, 0x02, 0x50, 0x0E, 0x70, 0x4A, 0x41, 0xA5, 0x76, 0x22, 0xF5, 0x27, 0x71, 0x9D, 0x06, 0xC2,
    0x15, 0x42, 0xA0, 0x58, 0x2C, 0xDE, 0xF0, 0x26, 0xFC, 0x20, 0x56, 0xF0, 0xBE, 0x56, 0x6B, 0xF8,
    0x3B, 0xC3, 0x88, 0x21, 0xA1, 0x44, 0xCF, 0xFD, 0x24, 0x1B, 0xEE, 0x37, 0xC6, 0x5B, 0x2E, 0xF7,
    0x5D, 0xD4, 0x11, 0xBE, 0xAC, 0x2C, 0xF4, 0x98, 0xD7, 0xBD, 0x2E, 0xE1, 0xF7, 0x6F, 0xE0, 0xB6,
    0xF1, 0x20, 0x9A, 0x14, 0x30, 0xF9, 0xB0, 0xFC, 0xFD, 0x3F, 0x7C, 0x1D, 0xBF, 0xF7, 0x3F, 0xFC,
    0xF7, 0xD0, 0x34, 0x2D, 0xC8, 0xE5, 0x3F, 0x7A, 0xF4, 0x41, 0xFC, 0xF3, 0x3F, 0x7F, 0x6B, 0x45,
    0x81, 0x68, 0x9A, 0x66, 0x03, 0x3E, 0x3A, 0x3A, 0x3A, 0x9A, 0x5B, 0x0E, 0xB7, 0x87, 0x07, 0x07,
    0xAD, 0x5A, 0x80, 0xBB, 0x52, 0x00, 0x58, 0xB6, 0x69, 0x9E, 0x4B, 0x24, 0x92, 0x9F, 0xA8, 0x94,
    0xCB, 0xC8, 0x64, 0xDA, 0x00, 0xA6, 0x12, 0x3E, 0x01, 0xA8, 0x00, 0x95, 0xC4, 0x04, 0x4A, 0x21,
    0x48, 0x93, 0x0C, 0x00, 0xD2, 0x18, 0xB8, 0x7B, 0xFA, 0xE9, 0xA7, 0x96, 0xBD, 0xF8, 0x0F, 0x5E,
    0xFC, 0x21, 0x94, 0x4A, 0x1A, 0x25, 0x34, 0x49, 0x22, 0x9F, 0x19, 0x86, 0x81, 0x5F, 0xFD, 0x95,
    0x8F, 0x47, 0xF2, 0xE8, 0x01, 0x60, 0x6C, 0x6C, 0x2C, 0xE2, 0xC7, 0x04, 0x4D, 0x39, 0x7C, 0x93,
    0x57, 0x06, 0xF1, 0x7C, 0xA2, 0x67, 0x8C, 0x83, 0x71, 0x8E, 0x4A, 0xB9, 0xEC, 0x59, 0x1A, 0xA6,
    0x79, 0x4E, 0x32, 0xBF, 0x1D, 0xB8, 0xE6, 0x6B, 0x81, 0x87, 0x65, 0x60, 0x99, 0x9A, 0x9E, 0xC6,
    0x4B, 0x3F, 0x7E, 0x19, 0x4F, 0x3D, 0xF9, 0x44, 0xF0, 0xF5, 0xD1, 0x87, 0x1E, 0xC2, 0xC9, 0x53,
    0xA7, 0x71, 0xFD, 0xFA, 0xF0, 0xF2, 0xF9, 0x54, 0x75, 0xF8, 0x48, 0x26, 0x93, 0x78, 0xFE, 0xF9,
    0x5F, 0x69, 0x58, 0x15, 0x98, 0x9A, 0x9E, 0xBE, 0x5D, 0x3C, 0xB4, 0x04, 0xC0, 0x5D, 0x28, 0x00,
    0x6C, 0x00, 0xB5, 0x42, 0xA1, 0x70, 0xB6, 0xAD, 0xBD, 0xC3, 0xAA, 0x54, 0xCA, 0x71, 0xC6, 0x98,
    0x4C, 0x78, 0x41, 0x24, 0xCF, 0x5D, 0x00, 0x10, 0x94, 0x7A, 0x55, 0x71, 0x42, 0x34, 0xAC, 0x83,
    0x37, 0xD2, 0x3E, 0x89, 0x10, 0x7B, 0xFD, 0x78, 0xD1, 0x17, 0x00, 0x75, 0xE3, 0xC8, 0xFD, 0xF7,
    0x63, 0xDB, 0x36, 0x2F, 0x5F, 0x5E, 0xD7, 0x74, 0xF4, 0xF6, 0xF6, 0x44, 0xD6, 0xCE, 0x01, 0xE0,
    0xD4, 0xE9, 0x33, 0x5E, 0xEE, 0xBB, 0xBA, 0xEE, 0xAD, 0x6A, 0x3F, 0xE9, 0xEB, 0x86, 0x5A, 0x8F,
    0x85, 0xB9, 0xF0, 0x95, 0x32, 0x84, 0x10, 0x56, 0xA1, 0x50, 0x38, 0x2B, 0x2B, 0xE0, 0xFC, 0x6A,
    0xC0, 0x35, 0xC7, 0x43, 0xFD, 0xC6, 0x80, 0x2F, 0xBD, 0xF4, 0x32, 0xF6, 0xDD, 0xBB, 0x17, 0x3D,
    0x3D, 0x3D, 0x01, 0x8E, 0x7E, 0xED, 0x93, 0x2F, 0xE0, 0x3F, 0xFD, 0x97, 0xFF, 0x03, 0xAE, 0xD3,
    0xBC, 0x27, 0xC7, 0x93, 0x1F, 0x79, 0x1C, 0x1F, 0x3A, 0x72, 0x3F, 0x00, 0x20, 0x66, 0xC4, 0xD0,
    0xDB, 0xDB, 0xD3, 0x20, 0x0C, 0x5F, 0x7B, 0xFD, 0x0D, 0xCF, 0x92, 0xBA, 0x3D, 0x3C, 0xD8, 0x2D,
    0x01, 0x80, 0xBB, 0xAA, 0x16, 0xC0, 0x17, 0x00, 0x55, 0xCE, 0xF9, 0x92, 0x6D, 0xDB, 0x6F, 0x33,
    0xC6, 0x50, 0x29, 0x7B, 0xB9, 0xEF, 0x8C, 0x85, 0x41, 0x23, 0x7F, 0x19, 0xC9, 0x37, 0x2D, 0xFD,
    0x7A, 0xF3, 0xDB, 0xDA, 0x88, 0xA0, 0x4E, 0xB3, 0xF9, 0xA3, 0xB3, 0xB3, 0x03, 0x5B, 0x36, 0x6F,
    0xC6, 0x96, 0xCD, 0x9B, 0xB1, 0x71, 0xE3, 0x86, 0x06, 0xE6, 0x1F, 0x19, 0x19, 0xC5, 0x3F, 0xFE,
    0xE3, 0x37, 0x1A, 0x73, 0x01, 0xEA, 0x4C, 0x5F, 0xF5, 0xDE, 0x19, 0x93, 0x44, 0x2F, 0x61, 0xB3,
    0x6D, 0xFB, 0x6D, 0xCE, 0xB9, 0xBF, 0x8F, 0x9E, 0x2F, 0x04, 0xD6, 0x04, 0x0F, 0x4D, 0x61, 0x94,
    0x93, 0x71, 0x86, 0xAF, 0x7F, 0xE3, 0x9B, 0x91, 0x40, 0x5F, 0x77, 0x77, 0x37, 0x9E, 0x7E, 0xF2,
    0x49, 0x05, 0x1F, 0x51, 0x9C, 0xAC, 0x5B, 0xB7, 0x2E, 0xC0, 0xC7, 0xE0, 0xE0, 0x40, 0x03, 0xF3,
    0x9F, 0x3D, 0x77, 0x0E, 0xDF, 0xF9, 0xEE, 0xF7, 0xD6, 0x02, 0x0F, 0x2D, 0x01, 0x70, 0x97, 0x09,
    0x00, 0x48, 0xB3, 0xAF, 0x0A, 0xA0, 0x5C, 0x2E, 0x15, 0x7F, 0xE0, 0x35, 0x9A, 0x58, 0x0A, 0x34,
    0x45, 0x30, 0x05, 0x0F, 0x02, 0x4A, 0x5C, 0x25, 0xFE, 0x9B, 0x29, 0x80, 0x5F, 0xA3, 0x31, 0x37,
    0x37, 0x87, 0x6F, 0xFD, 0xCB, 0x77, 0xF0, 0xA5, 0x2F, 0xFF, 0x4D, 0xA4, 0xA0, 0x46, 0xBD, 0x17,
    0xBE, 0x92, 0xDF, 0xCB, 0x19, 0x0A, 0x05, 0xAF, 0x64, 0x56, 0xC2, 0x5A, 0x96, 0xB0, 0x3B, 0xEF,
    0x25, 0x1E, 0x46, 0x46, 0x46, 0xF1, 0xDA, 0xEB, 0xAF, 0x47, 0x3E, 0x7B, 0xE4, 0x91, 0x87, 0x31,
    0x70, 0x13, 0x4D, 0x40, 0xD4, 0x31, 0x31, 0x31, 0x81, 0xBF, 0xFF, 0x87, 0xAF, 0xE3, 0xFF, 0xFC,
    0xBF, 0xFE, 0x6B, 0x58, 0x88, 0x74, 0xFB, 0x78, 0x68, 0x8D, 0xBB, 0x2C, 0x0F, 0xC0, 0x27, 0xFC,
    0x52, 0xB9, 0x58, 0x3C, 0x9F, 0x6B, 0x6F, 0xBF, 0x54, 0xAB, 0x61, 0x7B, 0xA5, 0x5C, 0x46, 0x3A,
    0xD3, 0x56, 0xA7, 0xE1, 0xBD, 0x3C, 0x78, 0x41, 0x08, 0xB8, 0xAC, 0x8F, 0x27, 0x7E, 0xE0, 0x89,
    0x78, 0xDD, 0x72, 0xBF, 0xFC, 0x37, 0x5F, 0x59, 0xF5, 0xB6, 0x58, 0xEF, 0x1C, 0x3F, 0x81, 0xA1,
    0xA1, 0x6B, 0x58, 0x29, 0x9B, 0xD0, 0x5B, 0x72, 0x2B, 0x86, 0x25, 0xAE, 0x6A, 0xCA, 0x5B, 0x7D,
    0x9F, 0x3C, 0x25, 0xD0, 0xE5, 0x69, 0x70, 0x26, 0xB5, 0x5E, 0x19, 0xB5, 0x5A, 0x0D, 0xAE, 0xEB,
    0x5C, 0x2A, 0x17, 0x8B, 0xE7, 0x65, 0xFD, 0xBB, 0x4A, 0xF8, 0xB7, 0x8D, 0x87, 0xAF, 0x7D, 0xED,
    0xFF, 0x81, 0x11, 0x33, 0x82, 0xDF, 0x94, 0x4A, 0xA5, 0xA6, 0x30, 0x7D, 0xF7, 0x7B, 0x3F, 0xC0,
    0xD9, 0xB3, 0xE7, 0x9B, 0x06, 0x43, 0x5F, 0x7E, 0xF9, 0x15, 0x1C, 0x3F, 0x7E, 0x02, 0xCD, 0x97,
    0x6D, 0x04, 0x5C, 0xC7, 0xC5, 0xFC, 0xC2, 0x02, 0xCA, 0x7E, 0x5E, 0x7F, 0x5D, 0xF0, 0x6F, 0x0D,
    0xF0, 0xD0, 0x1A, 0x77, 0x91, 0x00, 0xE0, 0x72, 0x2B, 0xE9, 0x22, 0x80, 0xC2, 0xD2, 0xE2, 0xE2,
    0xDF, 0x75, 0x75, 0xAF, 0xFB, 0x9F, 0x17, 0x16, 0xE6, 0x69, 0x5C, 0xA6, 0xAE, 0x92, 0xFA, 0x26,
    0x18, 0xD2, 0x17, 0xE6, 0x84, 0x04, 0x7E, 0x30, 0x84, 0x00, 0x01, 0x70, 0xF5, 0xEA, 0x90, 0xB4,
    0x62, 0x6F, 0x5E, 0x08, 0x2C, 0x2E, 0x2E, 0x36, 0x74, 0xC5, 0xC1, 0x0A, 0x1B, 0x63, 0x42, 0x44,
    0x8B, 0x5C, 0xEA, 0x3B, 0xDE, 0xD4, 0x4F, 0xAF, 0x98, 0xC6, 0xC1, 0xC2, 0xC2, 0x3C, 0x00, 0xF0,
    0xA5, 0xC5, 0xC5, 0xBF, 0x93, 0x1D, 0x70, 0x8A, 0x12, 0x76, 0xDF, 0xEC, 0xBD, 0x6D, 0x3C, 0x5C,
    0x1F, 0x1E, 0x06, 0x25, 0x04, 0x84, 0xD0, 0x15, 0xF1, 0xE0, 0x38, 0x0E, 0xAE, 0x0E, 0x0D, 0x35,
    0xFD, 0x6E, 0x66, 0x76, 0x16, 0x33, 0xB3, 0xB3, 0xEF, 0x27, 0x1E, 0x5A, 0x03, 0x77, 0x57, 0x57,
    0x60, 0xE1, 0xF7, 0x06, 0x70, 0x6C, 0xDB, 0x4D, 0x24, 0x93, 0x3D, 0x94, 0x6A, 0x9B, 0x98, 0xCB,
    0x90, 0x48, 0x26, 0xA3, 0x6D, 0xBF, 0x7C, 0x77, 0xB6, 0xAE, 0x1F, 0x1E, 0x69, 0xA8, 0x0E, 0xC4,
    0x9D, 0xDA, 0x0D, 0x33, 0xA2, 0xE5, 0xB8, 0x92, 0xE0, 0xE2, 0x9B, 0xB7, 0x8C, 0x33, 0x45, 0xE3,
    0x79, 0x75, 0xF0, 0x0B, 0xF3, 0x73, 0xB0, 0xAC, 0x1A, 0x6A, 0x35, 0xF3, 0x27, 0x8B, 0xF3, 0xF3,
    0xDF, 0x06, 0x30, 0x01, 0x60, 0x56, 0x9A, 0xBF, 0xBC, 0x85, 0x87, 0x08, 0x1E, 0x5A, 0xE3, 0x2E,
    0x14, 0x00, 0xFE, 0xDF, 0xC4, 0x2C, 0xD3, 0x9C, 0x4C, 0x67, 0xDA, 0x0E, 0xB9, 0xAE, 0xDB, 0x46,
    0x29, 0x45, 0x2C, 0x16, 0x8B, 0x10, 0x3E, 0x40, 0x6E, 0x48, 0xEC, 0x02, 0xB8, 0xF3, 0x3D, 0xF1,
    0x7D, 0xCD, 0xA6, 0x1C, 0x59, 0x9D, 0xB9, 0xCB, 0x18, 0x43, 0xA9, 0x58, 0x40, 0xB1, 0x58, 0x00,
    0x63, 0x6C, 0x72, 0x76, 0x6A, 0xF2, 0xAF, 0x38, 0xE7, 0xA3, 0x00, 0xA6, 0x00, 0x2C, 0xD6, 0x75,
    0xC0, 0x69, 0xE1, 0xA1, 0x35, 0xEE, 0xDA, 0x7D, 0x01, 0xB8, 0x5F, 0x1D, 0xC8, 0x39, 0xA7, 0xAE,
    0xE3, 0x8E, 0xA7, 0xD2, 0xE9, 0x07, 0x6A, 0x35, 0xCB, 0xD0, 0x35, 0x5D, 0x66, 0xF9, 0x91, 0x68,
    0xC8, 0x5F, 0x34, 0x12, 0xFD, 0x1D, 0xDF, 0x10, 0x83, 0xD7, 0x45, 0xE4, 0x15, 0xF3, 0x96, 0x71,
    0x06, 0xE6, 0x46, 0xB5, 0x5E, 0xB9, 0x54, 0xF6, 0x76, 0xC8, 0x15, 0xC2, 0x9C, 0x9F, 0x99, 0xFD,
    0xCF, 0x96, 0x55, 0xBB, 0x04, 0x60, 0x12, 0xC0, 0xDC, 0x32, 0x5A, 0xAF, 0x85, 0x87, 0xD6, 0xB8,
    0x2B, 0x05, 0x80, 0x50, 0x88, 0x40, 0x73, 0x1C, 0xDB, 0x62, 0x9C, 0x4D, 0x27, 0x93, 0x89, 0x43,
    0xA6, 0x59, 0xD3, 0x08, 0x21, 0x30, 0x8C, 0x58, 0x43, 0x27, 0x60, 0x35, 0x20, 0x17, 0x69, 0x40,
    0xE1, 0xE7, 0x9C, 0xAF, 0xF5, 0xF4, 0x7B, 0xDB, 0x45, 0xB4, 0x5D, 0xB8, 0xB6, 0xCD, 0x98, 0xD7,
    0x06, 0x8B, 0x31, 0x86, 0x62, 0xB1, 0x80, 0xC5, 0x85, 0x05, 0x08, 0xC1, 0xEC, 0x85, 0xF9, 0xF9,
    0x2F, 0x55, 0xCA, 0xA5, 0x13, 0x92, 0xE8, 0xA7, 0xA5, 0xEF, 0xEB, 0xB4, 0xF0, 0xB0, 0x2C, 0x1E,
    0x5A, 0xE3, 0x2E, 0xDC, 0x1B, 0x50, 0x2D, 0x8C, 0xA1, 0xB6, 0x65, 0x95, 0x18, 0xE7, 0x93, 0xC9,
    0x64, 0x72, 0xBF, 0x55, 0xAB, 0x19, 0xAE, 0xEB, 0x22, 0x16, 0x8F, 0xC9, 0xF6, 0xD7, 0x62, 0xD9,
    0xC6, 0x93, 0x41, 0xE9, 0xE9, 0x32, 0xC1, 0xA8, 0xDB, 0x9A, 0x52, 0xAB, 0xF1, 0x3A, 0xF3, 0x36,
    0xEC, 0x99, 0x27, 0x03, 0x5D, 0xF3, 0xF3, 0x28, 0x15, 0x0B, 0x10, 0x42, 0x98, 0x0B, 0xF3, 0xF3,
    0x5F, 0x2E, 0x17, 0x8B, 0x6F, 0x49, 0x7F, 0x77, 0x0A, 0xC0, 0x02, 0xC2, 0xE4, 0x9F, 0x16, 0x1E,
    0x5A, 0xA3, 0x25, 0x00, 0x94, 0xC1, 0x94, 0x6D, 0xA3, 0x85, 0x6D, 0x59, 0x45, 0xDB, 0xB2, 0xAF,
    0x26, 0x92, 0xC9, 0xED, 0x2E, 0x73, 0x33, 0x95, 0x4A, 0x05, 0x1A, 0xD5, 0xA0, 0x69, 0x5A, 0x73,
    0x9F, 0x34, 0x92, 0x71, 0x76, 0x07, 0x66, 0x13, 0xDF, 0x56, 0x25, 0xFC, 0x4A, 0xB9, 0x8C, 0xD9,
    0xD9, 0x19, 0x58, 0x56, 0x0D, 0xCC, 0x65, 0x53, 0x73, 0x33, 0x33, 0x5F, 0xAC, 0x56, 0xCA, 0x27,
    0x00, 0x8C, 0x4B, 0xA2, 0x9F, 0x83, 0xB7, 0xE4, 0x25, 0x5A, 0x78, 0xB8, 0x29, 0x3C, 0xB4, 0xC6,
    0xCF, 0xE9, 0x20, 0xB7, 0x29, 0x3C, 0x32, 0x00, 0xBA, 0x00, 0xF4, 0x02, 0xE8, 0xD3, 0x75, 0x7D,
    0x20, 0xBF, 0x6E, 0xDD, 0x27, 0x13, 0x89, 0xE4, 0x83, 0x00, 0x68, 0x3C, 0x9E, 0x40, 0x5B, 0x5B,
    0x16, 0xA9, 0x74, 0xCA, 0x6B, 0x99, 0x4D, 0xA9, 0x5C, 0xFA, 0x22, 0xD1, 0xF4, 0xD9, 0xB5, 0x0F,
    0x7E, 0x47, 0xB7, 0xC6, 0x96, 0x26, 0x6F, 0xB5, 0x52, 0x45, 0xA9, 0x54, 0x84, 0x65, 0xD5, 0x00,
    0x80, 0xD7, 0x6A, 0xE6, 0x1B, 0xF3, 0x33, 0x33, 0xFF, 0xE8, 0xBA, 0xEE, 0x98, 0x34, 0x77, 0xA7,
    0x14, 0x7F, 0x97, 0xB5, 0xF0, 0xB0, 0x2A, 0x3C, 0xB4, 0xC6, 0x5D, 0x26, 0x00, 0x7C, 0xE2, 0x4F,
    0x01, 0xC8, 0x03, 0x58, 0x27, 0x67, 0x77, 0x3A, 0x93, 0xD9, 0x9D, 0xEB, 0xEC, 0x7C, 0xDE, 0xD0,
    0x8D, 0xCD, 0x5E, 0x47, 0x59, 0x0D, 0x89, 0x64, 0x0A, 0xC9, 0x64, 0x12, 0xF1, 0x78, 0x1C, 0xBA,
    0x6E, 0xAC, 0xB8, 0x5B, 0xD0, 0x1A, 0x90, 0xBE, 0xEC, 0xA2, 0xEB, 0xC0, 0xB2, 0x2C, 0x98, 0xA6,
    0x89, 0x9A, 0x59, 0x0D, 0xCA, 0x70, 0x1D, 0xD7, 0x19, 0x2A, 0x2C, 0x2C, 0x7C, 0xB3, 0x52, 0x2E,
    0x9F, 0x83, 0xB7, 0xBC, 0x35, 0x23, 0xE7, 0xBC, 0xD4, 0x78, 0xAC, 0x85, 0x87, 0x5B, 0xC2, 0x43,
    0x6B, 0xDC, 0x65, 0x02, 0x40, 0xDD, 0x36, 0x2C, 0x27, 0xB5, 0x60, 0x97, 0x64, 0x84, 0xCE, 0x54,
    0x26, 0xB3, 0xAD, 0x2D, 0x9B, 0x7D, 0x24, 0x1E, 0x8B, 0xEF, 0x27, 0x94, 0xC6, 0xD4, 0x02, 0x20,
    0x4D, 0xD3, 0xA0, 0x69, 0xFA, 0x1D, 0x01, 0xCA, 0x5F, 0xCF, 0x56, 0x53, 0x6F, 0x05, 0xE7, 0xB6,
    0x65, 0x5B, 0x27, 0x4B, 0xC5, 0xE2, 0x4F, 0xAA, 0xE5, 0xF2, 0x65, 0xE9, 0xDB, 0xCE, 0x4B, 0x4D,
    0x37, 0x27, 0x03, 0x5D, 0xB7, 0x93, 0xE8, 0xD2, 0xC2, 0x43, 0x6B, 0xDC, 0x95, 0x02, 0x40, 0xDD,
    0x3B, 0x20, 0x03, 0xA0, 0x1D, 0x40, 0x07, 0x80, 0x4E, 0xC9, 0x0C, 0x59, 0x4A, 0x69, 0x7B, 0xBA,
    0xAD, 0x6D, 0x7B, 0x22, 0x99, 0xDC, 0xAA, 0xEB, 0xC6, 0x7A, 0x4D, 0xD3, 0xF2, 0x94, 0x90, 0xAC,
    0xCA, 0x0C, 0x6B, 0xAA, 0xF7, 0x38, 0xB7, 0xB9, 0x10, 0x45, 0xC6, 0xD8, 0xBC, 0xEB, 0x3A, 0xE3,
    0x35, 0xD3, 0xBC, 0x52, 0x29, 0x95, 0x2E, 0xC9, 0x82, 0x96, 0xA2, 0x24, 0xF2, 0x05, 0x78, 0x6B,
    0xDB, 0x4B, 0xD2, 0xD4, 0xB5, 0xD7, 0xC0, 0xD7, 0x6D, 0xE1, 0xA1, 0x35, 0xEE, 0x4A, 0x01, 0xA0,
    0x9A, 0xC2, 0x09, 0xC9, 0x00, 0x59, 0x65, 0x66, 0xA4, 0x89, 0x9C, 0x44, 0xB4, 0xB7, 0xFC, 0x9D,
    0xB3, 0x7D, 0x3D, 0xF3, 0xD5, 0x6F, 0xE4, 0x61, 0xFA, 0x45, 0x3C, 0x92, 0xF0, 0xFD, 0x59, 0x86,
    0x17, 0xE1, 0x66, 0x2D, 0x3C, 0xDC, 0x11, 0x3C, 0xB4, 0xC6, 0x5D, 0x26, 0x00, 0xD4, 0x36, 0xE2,
    0x71, 0x49, 0xE8, 0x69, 0x49, 0xF4, 0x29, 0x65, 0x87, 0x9D, 0x3B, 0xDD, 0x5F, 0x9E, 0xC3, 0x8B,
    0xCE, 0xFB, 0x84, 0x5F, 0x93, 0x84, 0x5F, 0x85, 0xB7, 0xC5, 0xB5, 0xA9, 0xEC, 0x75, 0x2F, 0xEE,
    0x20, 0x6E, 0x5B, 0x78, 0x68, 0x8D, 0xBB, 0x4E, 0x00, 0xD4, 0x6B, 0x42, 0x5D, 0x9A, 0xC5, 0xEA,
    0xF4, 0xFB, 0xCB, 0xDF, 0x49, 0xC2, 0xF7, 0x97, 0xE8, 0xEC, 0xBA, 0xE9, 0xBE, 0x0F, 0x9A, 0xAE,
    0x85, 0x87, 0xD6, 0xB8, 0x2B, 0x05, 0x40, 0x7D, 0xD3, 0x1B, 0xAA, 0x10, 0x3C, 0xB9, 0xC3, 0xA6,
    0xAF, 0x50, 0x18, 0xE0, 0x83, 0xD2, 0xCD, 0xB6, 0x85, 0x87, 0xD6, 0x68, 0x8D, 0xD6, 0x68, 0x8D,
    0xD6, 0x68, 0x8D, 0xD6, 0x68, 0x8D, 0xD6, 0x68, 0x8D, 0xD6, 0x68, 0x8D, 0xD6, 0x68, 0x8D, 0xD6,
    0x68, 0x8D, 0xD6, 0x68, 0x8D, 0xD6, 0x68, 0x8D, 0xD6, 0x68, 0x8D, 0xD6, 0x68, 0x8D, 0xD6, 0x68,
    0x8D, 0xD6, 0x68, 0x8D, 0xD6, 0xB8, 0x93, 0xE3, 0xFF, 0x07, 0x32, 0xA8, 0x15, 0xF3, 0xE6, 0x41,
    0x14, 0xDB, 0x00, 0x00, 0x00, 0x00, 0x49, 0x45, 0x4E, 0x44, 0xAE, 0x42, 0x60, 0x82,
};

#endif
