// GENERATED by tools/make_bold_font.py - do not edit by hand; re-run the
// script. Media/Fonts/selawkb.ttf (Selawik Bold, SIL Open Font License),
// byte for byte. See the script for why it is compiled in.

#ifndef SELAWIK_BOLD_H
#define SELAWIK_BOLD_H

static const unsigned long kSelawikBoldTtfSize = 44068;

static const unsigned char kSelawikBoldTtf[44068] =
{
    0x00, 0x01, 0x00, 0x00, 0x00, 0x0F, 0x00, 0x80, 0x00, 0x03, 0x00, 0x70, 0x44, 0x53, 0x49, 0x47,
    0x46, 0x78, 0xBD, 0x84, 0x00, 0x00, 0x91, 0x48, 0x00, 0x00, 0x1A, 0xDC, 0x47, 0x44, 0x45, 0x46,
    0x04, 0x00, 0x03, 0xBF, 0x00, 0x00, 0x7B, 0x0C, 0x00, 0x00, 0x00, 0x4A, 0x47, 0x50, 0x4F, 0x53,
    0x1F, 0xFF, 0x44, 0x73, 0x00, 0x00, 0x7B, 0x58, 0x00, 0x00, 0x11, 0x1C, 0x47, 0x53, 0x55, 0x42,
    0x73, 0x74, 0x8A, 0xD1, 0x00, 0x00, 0x8C, 0x74, 0x00, 0x00, 0x04, 0xD4, 0x4F, 0x53, 0x2F, 0x32,
    0x49, 0x79, 0xBC, 0xE9, 0x00, 0x00, 0x01, 0x78, 0x00, 0x00, 0x00, 0x60, 0x63, 0x6D, 0x61, 0x70,
    0x22, 0xF2, 0xF7, 0x4C, 0x00, 0x00, 0x07, 0x58, 0x00, 0x00, 0x06, 0x06, 0x67, 0x61, 0x73, 0x70,
    0x00, 0x01, 0x00, 0x0C, 0x00, 0x00, 0x7B, 0x00, 0x00, 0x00, 0x00, 0x0C, 0x67, 0x6C, 0x79, 0x66,
    0xA3, 0xD8, 0xDB, 0x2B, 0x00, 0x00, 0x10, 0x24, 0x00, 0x00, 0x64, 0x50, 0x68, 0x65, 0x61, 0x64,
    0x07, 0xF6, 0xDE, 0x95, 0x00, 0x00, 0x00, 0xFC, 0x00, 0x00, 0x00, 0x36, 0x68, 0x68, 0x65, 0x61,
    0x0E, 0x37, 0x03, 0x9E, 0x00, 0x00, 0x01, 0x34, 0x00, 0x00, 0x00, 0x24, 0x68, 0x6D, 0x74, 0x78,
    0xE9, 0x5E, 0x48, 0xA8, 0x00, 0x00, 0x01, 0xD8, 0x00, 0x00, 0x05, 0x80, 0x6C, 0x6F, 0x63, 0x61,
    0xC0, 0xC8, 0xA7, 0x66, 0x00, 0x00, 0x0D, 0x60, 0x00, 0x00, 0x02, 0xC2, 0x6D, 0x61, 0x78, 0x70,
    0x01, 0x70, 0x00, 0xA3, 0x00, 0x00, 0x01, 0x58, 0x00, 0x00, 0x00, 0x20, 0x6E, 0x61, 0x6D, 0x65,
    0xEF, 0xE3, 0x23, 0x33, 0x00, 0x00, 0x74, 0x74, 0x00, 0x00, 0x06, 0x69, 0x70, 0x6F, 0x73, 0x74,
    0xFF, 0xB8, 0x00, 0x32, 0x00, 0x00, 0x7A, 0xE0, 0x00, 0x00, 0x00, 0x20, 0x00, 0x01, 0x00, 0x00,
    0x00, 0x01, 0x02, 0x8F, 0xE4, 0xCC, 0x84, 0x8C, 0x5F, 0x0F, 0x3C, 0xF5, 0x00, 0x01, 0x08, 0x00,
    0x00, 0x00, 0x00, 0x00, 0xD1, 0x44, 0xBC, 0x53, 0x00, 0x00, 0x00, 0x00, 0xD1, 0x52, 0xD5, 0x7C,
    0xFC, 0x95, 0xFD, 0x5E, 0x09, 0xB4, 0x07, 0xDD, 0x00, 0x01, 0x00, 0x07, 0x00, 0x02, 0x00, 0x00,
    0x00, 0x00, 0x00, 0x00, 0x00, 0x01, 0x00, 0x00, 0x07, 0xEB, 0xFE, 0x51, 0x00, 0x00, 0x0A, 0x0D,
    0xFC, 0x95, 0xF9, 0xDF, 0x09, 0xB4, 0x00, 0x01, 0x00, 0x00, 0x00, 0x00, 0x00, 0x00, 0x00, 0x00,
    0x00, 0x00, 0x00, 0x00, 0x00, 0x00, 0x01, 0x60, 0x00, 0x01, 0x00, 0x00, 0x01, 0x60, 0x00, 0x58,
    0x00, 0x07, 0x00, 0x4A, 0x00, 0x04, 0x00, 0x00, 0x00, 0x00, 0x00, 0x00, 0x00, 0x01, 0x00, 0x00,
    0x00, 0x00, 0x00, 0x00, 0x00, 0x03, 0x00, 0x01, 0x00, 0x04, 0x04, 0xB8, 0x02, 0xBC, 0x00, 0x05,
    0x00, 0x00, 0x05, 0x33, 0x04, 0xCC, 0x00, 0x00, 0x00, 0x99, 0x05, 0x33, 0x04, 0xCC, 0x00, 0x00,
    0x02, 0xCC, 0x00, 0x32, 0x02, 0x48, 0x08, 0x05, 0x02, 0x0B, 0x08, 0x02, 0x04, 0x02, 0x04, 0x02,
    0x02, 0x03, 0x00, 0x00, 0x00, 0x07, 0x00, 0x00, 0x00, 0x00, 0x00, 0x00, 0x00, 0x00, 0x00, 0x00,
    0x00, 0x00, 0x4D, 0x53, 0x20, 0x20, 0x00, 0x20, 0x00, 0x0D, 0x21, 0x22, 0x05, 0xD3, 0xFE, 0x51,
    0x01, 0x0D, 0x08, 0xA2, 0x02, 0x02, 0x20, 0x00, 0x00, 0x93, 0x00, 0x00, 0x00, 0x00, 0x04, 0x00,
    0x05, 0x9A, 0x00, 0x00, 0x00, 0x20, 0x00, 0x03, 0x05, 0x2A, 0x00, 0x00, 0x02, 0x35, 0x00, 0x00,
    0x05, 0xA0, 0x00, 0x0A, 0x05, 0xA0, 0x00, 0x0A, 0x05, 0xA0, 0x00, 0x0A, 0x05, 0xA0, 0x00, 0x0A,
    0x05, 0xA0, 0x00, 0x0A, 0x05, 0xA0, 0x00, 0x0A, 0x05, 0xA0, 0x00, 0x0A, 0x05, 0xA0, 0x00, 0x0A,
    0x05, 0xA0, 0x00, 0x0A, 0x05, 0xA0, 0x00, 0x0A, 0x07, 0x7B, 0xFF, 0xFE, 0x05, 0x21, 0x00, 0xA4,
    0x04, 0xFE, 0x00, 0x4A, 0x04, 0xFE, 0x00, 0x4A, 0x04, 0xFE, 0x00, 0x4A, 0x04, 0xFE, 0x00, 0x4A,
    0x04, 0xFE, 0x00, 0x4A, 0x05, 0xE6, 0x00, 0xA4, 0x05, 0xE6, 0x00, 0x2A, 0x05, 0xE6, 0x00, 0xA4,
    0x05, 0xE6, 0x00, 0x2A, 0x04, 0x42, 0x00, 0xA4, 0x04, 0x42, 0x00, 0xA4, 0x04, 0x42, 0x00, 0x9A,
    0x04, 0x42, 0x00, 0xA3, 0x04, 0x42, 0x00, 0xA4, 0x04, 0x42, 0x00, 0xA4, 0x04, 0x42, 0x00, 0xA4,
    0x04, 0x42, 0x00, 0xA4, 0x04, 0x42, 0x00, 0xA4, 0x04, 0x29, 0x00, 0xA4, 0x05, 0xB0, 0x00, 0x4A,
    0x05, 0xB0, 0x00, 0x4A, 0x05, 0xB0, 0x00, 0x4A, 0x05, 0xB0, 0x00, 0x4A, 0x06, 0x21, 0x00, 0xA3,
    0x06, 0x21, 0x00, 0x00, 0x02, 0x89, 0x00, 0xA9, 0x06, 0x19, 0x00, 0xA9, 0x02, 0x89, 0x00, 0xA1,
    0x02, 0x89, 0xFF, 0xA9, 0x02, 0x89, 0xFF, 0xB7, 0x02, 0x89, 0x00, 0x8C, 0x02, 0x89, 0xFF, 0xBE,
    0x02, 0x89, 0xFF, 0xD8, 0x02, 0x89, 0x00, 0x50, 0x03, 0x90, 0x00, 0x31, 0x05, 0x31, 0x00, 0xA4,
    0x05, 0x31, 0x00, 0xA4, 0x04, 0x17, 0x00, 0xA4, 0x04, 0x17, 0x00, 0xA0, 0x04, 0x17, 0x00, 0xA4,
    0x04, 0x17, 0x00, 0xA4, 0x04, 0x17, 0x00, 0xA4, 0x04, 0x17, 0x00, 0x02, 0x07, 0xA8, 0x00, 0xA5,
    0x06, 0x52, 0x00, 0xA4, 0x06, 0x52, 0x00, 0xA4, 0x06, 0x52, 0x00, 0xA4, 0x06, 0x52, 0x00, 0xA4,
    0x06, 0x52, 0x00, 0xA4, 0x06, 0x52, 0x00, 0xA4, 0x06, 0x11, 0x00, 0x4A, 0x06, 0x10, 0x00, 0x4A,
    0x06, 0x10, 0x00, 0x4A, 0x06, 0x10, 0x00, 0x4A, 0x06, 0x10, 0x00, 0x4A, 0x06, 0x11, 0x00, 0x4A,
    0x06, 0x11, 0x00, 0x4A, 0x06, 0x11, 0x00, 0x4A, 0x06, 0x10, 0x00, 0x4A, 0x07, 0x85, 0x00, 0x48,
    0x04, 0xEA, 0x00, 0xA4, 0x04, 0xEA, 0x00, 0xA4, 0x06, 0x11, 0x00, 0x4A, 0x05, 0x39, 0x00, 0xA4,
    0x05, 0x39, 0x00, 0xA4, 0x05, 0x39, 0x00, 0xA4, 0x05, 0x39, 0x00, 0xA4, 0x04, 0x7C, 0x00, 0x50,
    0x04, 0x7C, 0x00, 0x50, 0x04, 0x7C, 0x00, 0x50, 0x04, 0x7C, 0x00, 0x50, 0x04, 0x7C, 0x00, 0x50,
    0x04, 0xB0, 0x00, 0x1F, 0x04, 0xB0, 0x00, 0x1F, 0x04, 0xB0, 0x00, 0x1F, 0x04, 0xB0, 0x00, 0x1F,
    0x04, 0xB0, 0x00, 0x1F, 0x05, 0xC9, 0x00, 0x93, 0x05, 0xC9, 0x00, 0x93, 0x05, 0xC9, 0x00, 0x93,
    0x05, 0xC9, 0x00, 0x93, 0x05, 0xC9, 0x00, 0x93, 0x05, 0xC9, 0x00, 0x93, 0x05, 0xC9, 0x00, 0x93,
    0x05, 0xC9, 0x00, 0x93, 0x05, 0xC9, 0x00, 0x93, 0x05, 0x56, 0x00, 0x0A, 0x08, 0x0A, 0x00, 0x12,
    0x08, 0x0A, 0x00, 0x12, 0x08, 0x0A, 0x00, 0x12, 0x08, 0x0A, 0x00, 0x12, 0x08, 0x0A, 0x00, 0x12,
    0x05, 0x3E, 0x00, 0x06, 0x04, 0xDB, 0x00, 0x00, 0x04, 0xDB, 0x00, 0x00, 0x04, 0xDB, 0x00, 0x00,
    0x04, 0xDB, 0x00, 0x00, 0x04, 0xDB, 0x00, 0x00, 0x04, 0xDB, 0x00, 0x2B, 0x04, 0xDB, 0x00, 0x2B,
    0x04, 0xDB, 0x00, 0x2B, 0x04, 0xDB, 0x00, 0x2B, 0x04, 0x4E, 0x00, 0x38, 0x04, 0x4E, 0x00, 0x38,
    0x04, 0x4E, 0x00, 0x38, 0x04, 0x4E, 0x00, 0x38, 0x04, 0x4E, 0x00, 0x38, 0x04, 0x4E, 0x00, 0x38,
    0x04, 0x4E, 0x00, 0x38, 0x04, 0x4E, 0x00, 0x38, 0x04, 0x4E, 0x00, 0x38, 0x04, 0x4E, 0x00, 0x38,
    0x06, 0xA0, 0x00, 0x37, 0x04, 0xF6, 0x00, 0x85, 0x03, 0xD7, 0x00, 0x4A, 0x03, 0xD7, 0x00, 0x4A,
    0x03, 0xD7, 0x00, 0x4A, 0x03, 0xD7, 0x00, 0x4A, 0x03, 0xD7, 0x00, 0x4A, 0x04, 0xF4, 0x00, 0x48,
    0x04, 0xBF, 0x00, 0x48, 0x05, 0x89, 0x00, 0x48, 0x05, 0x0F, 0x00, 0x48, 0x04, 0x54, 0x00, 0x48,
    0x04, 0x54, 0x00, 0x48, 0x04, 0x54, 0x00, 0x48, 0x04, 0x54, 0x00, 0x48, 0x04, 0x54, 0x00, 0x48,
    0x04, 0x54, 0x00, 0x48, 0x04, 0x54, 0x00, 0x48, 0x04, 0x54, 0x00, 0x48, 0x04, 0x54, 0x00, 0x48,
    0x03, 0x11, 0x00, 0x30, 0x04, 0xF4, 0x00, 0x45, 0x04, 0xF4, 0x00, 0x45, 0x04, 0xF4, 0x00, 0x45,
    0x04, 0xF4, 0x00, 0x45, 0x04, 0xD1, 0x00, 0x85, 0x04, 0xEE, 0x00, 0x1B, 0x02, 0x46, 0x00, 0x78,
    0x02, 0x46, 0x00, 0x85, 0x02, 0x46, 0x00, 0x7F, 0x02, 0x46, 0xFF, 0xBB, 0x02, 0x46, 0xFF, 0x95,
    0x02, 0x46, 0x00, 0x6A, 0x02, 0x46, 0xFF, 0xE2, 0x04, 0xD6, 0x00, 0x78, 0x02, 0x46, 0xFF, 0x7A,
    0x02, 0x46, 0x00, 0x52, 0x02, 0x46, 0xFF, 0x7B, 0x02, 0x46, 0xFF, 0x7B, 0x04, 0x79, 0x00, 0x85,
    0x04, 0x79, 0x00, 0x85, 0x02, 0x46, 0x00, 0x85, 0x02, 0x46, 0x00, 0x83, 0x02, 0xEA, 0x00, 0x85,
    0x02, 0x46, 0x00, 0x48, 0x03, 0x77, 0x00, 0x85, 0x02, 0x83, 0x00, 0x1D, 0x07, 0x54, 0x00, 0x85,
    0x04, 0xD7, 0x00, 0x85, 0x04, 0xD7, 0x00, 0x85, 0x04, 0xD7, 0x00, 0x85, 0x04, 0xD7, 0x00, 0x85,
    0x04, 0xD7, 0x00, 0x85, 0x04, 0xD7, 0x00, 0x85, 0x04, 0xE4, 0x00, 0x49, 0x04, 0xE3, 0x00, 0x49,
    0x04, 0xE3, 0x00, 0x49, 0x04, 0xE2, 0x00, 0x49, 0x04, 0xE3, 0x00, 0x49, 0x04, 0xE4, 0x00, 0x49,
    0x04, 0xE4, 0x00, 0x49, 0x04, 0xE4, 0xFF, 0xEE, 0x04, 0xE3, 0x00, 0x49, 0x07, 0x65, 0x00, 0x44,
    0x04, 0xF6, 0x00, 0x85, 0x04, 0xF6, 0x00, 0x85, 0x04, 0xF4, 0x00, 0x48, 0x03, 0x2F, 0x00, 0x85,
    0x03, 0x2F, 0x00, 0x85, 0x03, 0x2F, 0x00, 0x61, 0x03, 0x2F, 0x00, 0x4A, 0x03, 0x85, 0x00, 0x42,
    0x03, 0x85, 0x00, 0x42, 0x03, 0x85, 0x00, 0x42, 0x03, 0x85, 0x00, 0x42, 0x03, 0x85, 0x00, 0x42,
    0x05, 0x06, 0x00, 0x85, 0x03, 0x1D, 0x00, 0x29, 0x03, 0x1D, 0x00, 0x29, 0x04, 0x1A, 0x00, 0x29,
    0x03, 0x1D, 0x00, 0x29, 0x03, 0x1D, 0x00, 0x29, 0x04, 0xD7, 0x00, 0x75, 0x04, 0xD7, 0x00, 0x75,
    0x04, 0xD7, 0x00, 0x75, 0x04, 0xD7, 0x00, 0x75, 0x04, 0xD7, 0x00, 0x75, 0x04, 0xD7, 0x00, 0x75,
    0x04, 0xD7, 0x00, 0x75, 0x04, 0xD7, 0x00, 0x75, 0x04, 0xD7, 0x00, 0x75, 0x04, 0x56, 0x00, 0x04,
    0x06, 0x61, 0x00, 0x10, 0x06, 0x61, 0x00, 0x10, 0x06, 0x61, 0x00, 0x10, 0x06, 0x61, 0x00, 0x10,
    0x06, 0x61, 0x00, 0x10, 0x04, 0x6B, 0x00, 0x11, 0x04, 0x4E, 0xFF, 0xFC, 0x04, 0x4E, 0xFF, 0xFC,
    0x04, 0x4E, 0xFF, 0xFC, 0x04, 0x4E, 0xFF, 0xFC, 0x04, 0x4E, 0xFF, 0xFC, 0x03, 0xD5, 0x00, 0x21,
    0x03, 0xD5, 0x00, 0x21, 0x03, 0xD5, 0x00, 0x21, 0x03, 0xD5, 0x00, 0x21, 0x04, 0x9A, 0x00, 0x62,
    0x04, 0x9A, 0x00, 0xA5, 0x04, 0x9A, 0x00, 0x76, 0x04, 0x9A, 0x00, 0x9F, 0x04, 0x9A, 0x00, 0x2F,
    0x04, 0x9A, 0x00, 0x96, 0x04, 0x9A, 0x00, 0x6B, 0x04, 0x9A, 0x00, 0x94, 0x04, 0x9A, 0x00, 0x64,
    0x04, 0x9A, 0x00, 0x60, 0x07, 0xB9, 0x00, 0x23, 0x07, 0x9E, 0x00, 0x23, 0x07, 0xD5, 0x00, 0x79,
    0x03, 0x27, 0x00, 0x2D, 0x03, 0x3C, 0x00, 0x62, 0x03, 0x3C, 0x00, 0x83, 0x03, 0xA4, 0x00, 0x7C,
    0x03, 0x7D, 0xFF, 0xF7, 0x02, 0x2B, 0x00, 0x63, 0x03, 0x61, 0x00, 0x9D, 0x02, 0x2B, 0x00, 0x5C,
    0x02, 0x2B, 0x00, 0x1D, 0x07, 0x4C, 0x00, 0x94, 0x02, 0x9E, 0x00, 0xAA, 0x02, 0x9E, 0x00, 0xAB,
    0x04, 0xBD, 0x00, 0x27, 0x02, 0x2B, 0x00, 0x7B, 0x03, 0x81, 0x00, 0x7C, 0x03, 0x81, 0x00, 0x62,
    0x03, 0xF2, 0x00, 0xBF, 0x02, 0x58, 0x00, 0xAF, 0x02, 0x2B, 0x00, 0x45, 0x03, 0x8C, 0xFF, 0xF4,
    0x03, 0x52, 0x00, 0x00, 0x02, 0xF4, 0x00, 0x68, 0x02, 0xF4, 0x00, 0x4A, 0x02, 0xF4, 0x00, 0xD9,
    0x02, 0xF4, 0x00, 0x46, 0x02, 0xF4, 0x00, 0x9E, 0x02, 0xF4, 0x00, 0x5F, 0x08, 0x00, 0x00, 0x00,
    0x04, 0x00, 0x00, 0x00, 0x03, 0x3C, 0x00, 0x8F, 0x03, 0x3C, 0x00, 0x8F, 0x04, 0xA6, 0x00, 0x21,
    0x04, 0xA6, 0x00, 0x35, 0x02, 0xC1, 0x00, 0x35, 0x02, 0xC1, 0x00, 0x0D, 0x03, 0xF2, 0x00, 0x31,
    0x03, 0xF2, 0x00, 0x64, 0x03, 0xF2, 0x00, 0x53, 0x02, 0x52, 0x00, 0x65, 0x02, 0x52, 0x00, 0x8C,
    0x02, 0x52, 0x00, 0x3B, 0x00, 0xC7, 0x00, 0x00, 0x04, 0x9A, 0x00, 0xA9, 0x04, 0x73, 0x00, 0x33,
    0x04, 0x9A, 0x00, 0x5F, 0x04, 0x9A, 0x00, 0x6D, 0x04, 0x9A, 0x00, 0x4E, 0x04, 0x9A, 0x00, 0x94,
    0x04, 0x9A, 0x00, 0x28, 0x05, 0xA8, 0x00, 0xC3, 0x05, 0xA8, 0x00, 0xEE, 0x05, 0xA8, 0x00, 0xEE,
    0x05, 0xA8, 0x01, 0x02, 0x05, 0xA8, 0x01, 0x02, 0x05, 0xA8, 0x00, 0xEE, 0x04, 0xE7, 0x00, 0x83,
    0x05, 0xA8, 0x00, 0xDE, 0x06, 0xF0, 0x00, 0x5A, 0x0A, 0x0D, 0x00, 0x5A, 0x05, 0xA8, 0x00, 0xDA,
    0x05, 0xA8, 0x00, 0xDA, 0x02, 0x9C, 0x00, 0xC7, 0x02, 0x9C, 0x00, 0xC7, 0x07, 0xA2, 0x00, 0x87,
    0x06, 0xCC, 0x00, 0x72, 0x04, 0x13, 0x00, 0x48, 0x06, 0xFE, 0x00, 0x83, 0x06, 0xFE, 0x00, 0x83,
    0x03, 0xE2, 0x00, 0x5A, 0x06, 0x2B, 0x00, 0x51, 0x03, 0x0A, 0x00, 0x73, 0x05, 0xA8, 0x00, 0xCB,
    0x03, 0x40, 0x00, 0x21, 0x03, 0x40, 0x00, 0x21, 0x00, 0x00, 0xFD, 0xE0, 0x00, 0x00, 0xFD, 0x4D,
    0x00, 0x00, 0xFD, 0x10, 0x00, 0x00, 0xFE, 0x75, 0x00, 0x00, 0xFD, 0x0E, 0x00, 0x00, 0xFE, 0x2F,
    0x00, 0x00, 0xFE, 0x75, 0x00, 0x00, 0xFC, 0x95, 0x00, 0x00, 0xFE, 0x44, 0x00, 0x00, 0xFD, 0xF4,
    0x00, 0x00, 0xFC, 0xE1, 0x00, 0x00, 0xFC, 0xAE, 0x00, 0x00, 0xFE, 0x12, 0x00, 0x00, 0xFD, 0xFC,
    0x00, 0x00, 0x00, 0x00, 0x00, 0x00, 0x00, 0x2A, 0x00, 0x00, 0xFD, 0x1C, 0x00, 0x00, 0xFE, 0xA1,
    0x02, 0x6D, 0x00, 0x23, 0x02, 0xC5, 0x00, 0x12, 0x03, 0x11, 0x00, 0x21, 0x01, 0xB9, 0x00, 0x33,
    0x03, 0x11, 0x00, 0x1F, 0x03, 0xB2, 0x00, 0x47, 0x02, 0x06, 0x00, 0x4A, 0x02, 0x83, 0x00, 0xA5,
    0x03, 0x40, 0x00, 0x21, 0x03, 0x52, 0x00, 0x00, 0x02, 0x21, 0x00, 0x33, 0x02, 0x2B, 0x00, 0x27,
    0x03, 0x11, 0x00, 0x2D, 0x02, 0x41, 0x00, 0x50, 0x00, 0x00, 0x00, 0x03, 0x00, 0x00, 0x00, 0x03,
    0x00, 0x00, 0x02, 0x14, 0x00, 0x01, 0x00, 0x00, 0x00, 0x00, 0x00, 0x1C, 0x00, 0x03, 0x00, 0x01,
    0x00, 0x00, 0x02, 0x14, 0x00, 0x06, 0x01, 0xF8, 0x00, 0x00, 0x00, 0x09, 0x00, 0xF7, 0x00, 0x01,
    0x00, 0x00, 0x00, 0x00, 0x00, 0x00, 0x00, 0x01, 0x00, 0x00, 0x00, 0x00, 0x00, 0x00, 0x00, 0x00,
    0x00, 0x00, 0x00, 0x00, 0x00, 0x00, 0x00, 0x00, 0x00, 0x00, 0x00, 0x00, 0x00, 0x00, 0x00, 0x00,
    0x00, 0x00, 0x00, 0x00, 0x00, 0x00, 0x00, 0x00, 0x00, 0x00, 0x00, 0x00, 0x00, 0x01, 0x01, 0x00,
    0x01, 0x06, 0x01, 0x02, 0x01, 0x22, 0x01, 0x2F, 0x01, 0x36, 0x01, 0x07, 0x01, 0x0F, 0x01, 0x10,
    0x00, 0xF9, 0x01, 0x31, 0x00, 0xFE, 0x01, 0x13, 0x01, 0x03, 0x01, 0x09, 0x00, 0xE9, 0x00, 0xEA,
    0x00, 0xEB, 0x00, 0xEC, 0x00, 0xED, 0x00, 0xEE, 0x00, 0xEF, 0x00, 0xF0, 0x00, 0xF1, 0x00, 0xF2,
    0x00, 0xFD, 0x01, 0x08, 0x01, 0x2B, 0x01, 0x29, 0x01, 0x2A, 0x01, 0x04, 0x01, 0x35, 0x00, 0x02,
    0x00, 0x0D, 0x00, 0x0E, 0x00, 0x13, 0x00, 0x17, 0x00, 0x20, 0x00, 0x21, 0x00, 0x25, 0x00, 0x27,
    0x00, 0x30, 0x00, 0x31, 0x00, 0x33, 0x00, 0x39, 0x00, 0x3A, 0x00, 0x40, 0x00, 0x4A, 0x00, 0x4C,
    0x00, 0x4D, 0x00, 0x51, 0x00, 0x56, 0x00, 0x5B, 0x00, 0x64, 0x00, 0x65, 0x00, 0x6A, 0x00, 0x6B,
    0x00, 0x70, 0x01, 0x0D, 0x00, 0xFA, 0x01, 0x0E, 0x01, 0x3D, 0x01, 0x0A, 0x01, 0x59, 0x00, 0x74,
    0x00, 0x7F, 0x00, 0x80, 0x00, 0x85, 0x00, 0x89, 0x00, 0x92, 0x00, 0x93, 0x00, 0x97, 0x00, 0x99,
    0x00, 0xA3, 0x00, 0xA5, 0x00, 0xA7, 0x00, 0xAD, 0x00, 0xAE, 0x00, 0xB4, 0x00, 0xBE, 0x00, 0xC0,
    0x00, 0xC1, 0x00, 0xC5, 0x00, 0xCB, 0x00, 0xD0, 0x00, 0xD9, 0x00, 0xDA, 0x00, 0xDF, 0x00, 0xE0,
    0x00, 0xE5, 0x01, 0x0B, 0x01, 0x33, 0x01, 0x0C, 0x01, 0x27, 0x00, 0x00, 0x00, 0x06, 0x00, 0x0A,
    0x00, 0x11, 0x00, 0x18, 0x00, 0x3F, 0x00, 0x43, 0x00, 0x5E, 0x00, 0x75, 0x00, 0x79, 0x00, 0x77,
    0x00, 0x78, 0x00, 0x7D, 0x00, 0x7C, 0x00, 0x83, 0x00, 0x8A, 0x00, 0x8F, 0x00, 0x8C, 0x00, 0x8D,
    0x00, 0x9B, 0x00, 0x9F, 0x00, 0x9C, 0x00, 0x9D, 0x00, 0xB3, 0x00, 0xB5, 0x00, 0xB8, 0x00, 0xB6,
    0x00, 0xB7, 0x00, 0xBC, 0x00, 0xD1, 0x00, 0xD4, 0x00, 0xD2, 0x00, 0xD3, 0x01, 0x3E, 0x01, 0x3C,
    0x01, 0x20, 0x01, 0x25, 0x01, 0x3A, 0x00, 0xFC, 0x01, 0x37, 0x00, 0xCA, 0x01, 0x39, 0x01, 0x38,
    0x01, 0x3B, 0x01, 0x52, 0x01, 0x57, 0x00, 0x00, 0x00, 0x0C, 0x00, 0x47, 0x00, 0x00, 0x01, 0x32,
    0x00, 0x00, 0x00, 0x00, 0x01, 0x26, 0x01, 0x2D, 0x00, 0x00, 0x00, 0x00, 0x00, 0x00, 0x00, 0x00,
    0x00, 0x00, 0x00, 0x00, 0x00, 0x00, 0x00, 0x00, 0x00, 0x7E, 0x00, 0xBB, 0x01, 0x05, 0x01, 0x01,
    0x01, 0x2C, 0x00, 0x00, 0x01, 0x24, 0x00, 0x00, 0x00, 0x00, 0x01, 0x15, 0x01, 0x16, 0x00, 0xFF,
    0x00, 0x00, 0x00, 0x07, 0x00, 0x0B, 0x00, 0x48, 0x00, 0x49, 0x00, 0xBD, 0x01, 0x12, 0x01, 0x11,
    0x01, 0x1A, 0x01, 0x1B, 0x01, 0x1C, 0x01, 0x1D, 0x01, 0x28, 0x00, 0x00, 0x00, 0xE3, 0x00, 0x6E,
    0x00, 0x00, 0x01, 0x23, 0x01, 0x17, 0x01, 0x18, 0x00, 0x00, 0x00, 0x00, 0x01, 0x3F, 0x00, 0xFB,
    0x01, 0x1E, 0x01, 0x19, 0x01, 0x30, 0x00, 0x05, 0x00, 0x1A, 0x00, 0x03, 0x00, 0x1B, 0x00, 0x1D,
    0x00, 0x29, 0x00, 0x2A, 0x00, 0x2B, 0x00, 0x2D, 0x00, 0x41, 0x00, 0x42, 0x00, 0x00, 0x00, 0x44,
    0x00, 0x5C, 0x00, 0x5D, 0x00, 0x5F, 0x00, 0x9A, 0x01, 0x56, 0x01, 0x5E, 0x01, 0x5B, 0x01, 0x53,
    0x01, 0x58, 0x01, 0x5D, 0x01, 0x55, 0x01, 0x5A, 0x01, 0x5C, 0x01, 0x54, 0x00, 0x04, 0x03, 0xF2,
    0x00, 0x00, 0x00, 0x56, 0x00, 0x40, 0x00, 0x05, 0x00, 0x16, 0x00, 0x0D, 0x00, 0x2F, 0x00, 0x39,
    0x00, 0x7E, 0x00, 0xA9, 0x00, 0xB9, 0x01, 0x07, 0x01, 0x13, 0x01, 0x1B, 0x01, 0x23, 0x01, 0x27,
    0x01, 0x2B, 0x01, 0x33, 0x01, 0x37, 0x01, 0x48, 0x01, 0x4D, 0x01, 0x5B, 0x01, 0x67, 0x01, 0x6B,
    0x01, 0x7E, 0x01, 0x92, 0x02, 0x1B, 0x02, 0x37, 0x02, 0xC7, 0x02, 0xDD, 0x03, 0x04, 0x03, 0x08,
    0x03, 0x0C, 0x03, 0x12, 0x03, 0x28, 0x03, 0x36, 0x1E, 0x85, 0x1E, 0xF3, 0x20, 0x14, 0x20, 0x1A,
    0x20, 0x1E, 0x20, 0x22, 0x20, 0x26, 0x20, 0x30, 0x20, 0x3A, 0x20, 0xAC, 0x21, 0x22, 0xFF, 0xFF,
    0x00, 0x00, 0x00, 0x0D, 0x00, 0x20, 0x00, 0x30, 0x00, 0x3A, 0x00, 0xA1, 0x00, 0xAB, 0x00, 0xBB,
    0x01, 0x0A, 0x01, 0x16, 0x01, 0x1E, 0x01, 0x26, 0x01, 0x2A, 0x01, 0x2E, 0x01, 0x36, 0x01, 0x39,
    0x01, 0x4A, 0x01, 0x50, 0x01, 0x5E, 0x01, 0x6A, 0x01, 0x6E, 0x01, 0x92, 0x02, 0x18, 0x02, 0x37,
    0x02, 0xC6, 0x02, 0xD8, 0x03, 0x00, 0x03, 0x06, 0x03, 0x0A, 0x03, 0x12, 0x03, 0x26, 0x03, 0x35,
    0x1E, 0x80, 0x1E, 0xF2, 0x20, 0x13, 0x20, 0x18, 0x20, 0x1C, 0x20, 0x20, 0x20, 0x26, 0x20, 0x30,
    0x20, 0x39, 0x20, 0xAC, 0x21, 0x22, 0xFF, 0xFF, 0x01, 0x12, 0x00, 0x00, 0x00, 0xB9, 0x00, 0x00,
    0x00, 0x00, 0x00, 0x00, 0x00, 0x00, 0x00, 0x00, 0x00, 0x00, 0x00, 0x00, 0x00, 0x00, 0x00, 0x00,
    0x00, 0x00, 0x00, 0x00, 0x00, 0x00, 0x00, 0x00, 0x00, 0x00, 0x00, 0x00, 0x00, 0x00, 0x00, 0x00,
    0xFF, 0x92, 0x00, 0x00, 0xFE, 0x6D, 0x00, 0x00, 0x00, 0x00, 0x00, 0x00, 0x00, 0x00, 0x00, 0x00,
    0xFE, 0x34, 0x00, 0x00, 0x00, 0x00, 0x00, 0x00, 0x00, 0x00, 0x00, 0x00, 0xE1, 0x04, 0x00, 0x00,
    0x00, 0x00, 0xE0, 0xD9, 0xE1, 0x00, 0xE0, 0xDE, 0xE0, 0x77, 0xE0, 0x19, 0x00, 0x01, 0x00, 0x00,
    0x00, 0x54, 0x00, 0x00, 0x00, 0x70, 0x00, 0xF8, 0x01, 0x08, 0x01, 0x24, 0x01, 0xBC, 0x01, 0xCE,
    0x01, 0xD8, 0x01, 0xE2, 0x01, 0xE4, 0x01, 0xE6, 0x01, 0xF0, 0x01, 0xF2, 0x02, 0x10, 0x02, 0x16,
    0x02, 0x2C, 0x02, 0x3E, 0x02, 0x40, 0x00, 0x00, 0x02, 0x5E, 0x00, 0x00, 0x02, 0x62, 0x02, 0x64,
    0x02, 0x6E, 0x02, 0x76, 0x02, 0x7A, 0x00, 0x00, 0x02, 0x7C, 0x02, 0x80, 0x02, 0x82, 0x02, 0x8C,
    0x02, 0x8E, 0x00, 0x00, 0x02, 0x8E, 0x02, 0x92, 0x00, 0x00, 0x00, 0x00, 0x00, 0x00, 0x00, 0x00,
    0x00, 0x00, 0x00, 0x00, 0x00, 0x01, 0x01, 0x00, 0x01, 0x06, 0x01, 0x02, 0x01, 0x22, 0x01, 0x2F,
    0x01, 0x36, 0x01, 0x07, 0x01, 0x0F, 0x01, 0x10, 0x00, 0xF9, 0x01, 0x31, 0x00, 0xFE, 0x01, 0x13,
    0x01, 0x03, 0x01, 0x09, 0x00, 0xFD, 0x01, 0x08, 0x01, 0x2B, 0x01, 0x29, 0x01, 0x2A, 0x01, 0x04,
    0x01, 0x35, 0x00, 0x02, 0x00, 0x0D, 0x00, 0x0E, 0x00, 0x13, 0x00, 0x17, 0x00, 0x20, 0x00, 0x21,
    0x00, 0x25, 0x00, 0x27, 0x00, 0x30, 0x00, 0x31, 0x00, 0x33, 0x00, 0x39, 0x00, 0x3A, 0x00, 0x40,
    0x00, 0x4A, 0x00, 0x4C, 0x00, 0x4D, 0x00, 0x51, 0x00, 0x56, 0x00, 0x5B, 0x00, 0x64, 0x00, 0x65,
    0x00, 0x6A, 0x00, 0x6B, 0x00, 0x70, 0x01, 0x0D, 0x00, 0xFA, 0x01, 0x0E, 0x01, 0x3D, 0x01, 0x0A,
    0x01, 0x59, 0x00, 0x74, 0x00, 0x7F, 0x00, 0x80, 0x00, 0x85, 0x00, 0x89, 0x00, 0x92, 0x00, 0x93,
    0x00, 0x97, 0x00, 0x99, 0x00, 0xA3, 0x00, 0xA5, 0x00, 0xA7, 0x00, 0xAD, 0x00, 0xAE, 0x00, 0xB4,
    0x00, 0xBE, 0x00, 0xC0, 0x00, 0xC1, 0x00, 0xC5, 0x00, 0xCB, 0x00, 0xD0, 0x00, 0xD9, 0x00, 0xDA,
    0x00, 0xDF, 0x00, 0xE0, 0x00, 0xE5, 0x01, 0x0B, 0x01, 0x33, 0x01, 0x0C, 0x01, 0x27, 0x01, 0x01,
    0x01, 0x20, 0x01, 0x25, 0x01, 0x21, 0x01, 0x26, 0x01, 0x34, 0x01, 0x3A, 0x01, 0x57, 0x01, 0x38,
    0x01, 0x15, 0x01, 0x2C, 0x01, 0x14, 0x01, 0x39, 0x01, 0x5B, 0x01, 0x3C, 0x01, 0x32, 0x00, 0xF7,
    0x00, 0xF8, 0x01, 0x52, 0x01, 0x2D, 0x01, 0x37, 0x00, 0xFB, 0x01, 0x55, 0x00, 0xF6, 0x01, 0x16,
    0x00, 0xF4, 0x00, 0xF3, 0x00, 0xF5, 0x01, 0x05, 0x00, 0x07, 0x00, 0x03, 0x00, 0x05, 0x00, 0x0B,
    0x00, 0x06, 0x00, 0x0A, 0x00, 0x0C, 0x00, 0x11, 0x00, 0x1D, 0x00, 0x18, 0x00, 0x1A, 0x00, 0x1B,
    0x00, 0x2D, 0x00, 0x29, 0x00, 0x2A, 0x00, 0x2B, 0x00, 0x14, 0x00, 0x3F, 0x00, 0x44, 0x00, 0x41,
    0x00, 0x42, 0x00, 0x48, 0x00, 0x43, 0x01, 0x2E, 0x00, 0x47, 0x00, 0x5F, 0x00, 0x5C, 0x00, 0x5D,
    0x00, 0x5E, 0x00, 0x6C, 0x00, 0x4B, 0x00, 0xCA, 0x00, 0x79, 0x00, 0x75, 0x00, 0x77, 0x00, 0x7D,
    0x00, 0x78, 0x00, 0x7C, 0x00, 0x7E, 0x00, 0x83, 0x00, 0x8F, 0x00, 0x8A, 0x00, 0x8C, 0x00, 0x8D,
    0x00, 0x9F, 0x00, 0x9B, 0x00, 0x9C, 0x00, 0x9D, 0x00, 0x86, 0x00, 0xB3, 0x00, 0xB8, 0x00, 0xB5,
    0x00, 0xB6, 0x00, 0xBC, 0x00, 0xB7, 0x01, 0x28, 0x00, 0xBB, 0x00, 0xD4, 0x00, 0xD1, 0x00, 0xD2,
    0x00, 0xD3, 0x00, 0xE1, 0x00, 0xBF, 0x00, 0xE3, 0x00, 0x08, 0x00, 0x7A, 0x00, 0x04, 0x00, 0x76,
    0x00, 0x09, 0x00, 0x7B, 0x00, 0x0F, 0x00, 0x81, 0x00, 0x12, 0x00, 0x84, 0x00, 0x10, 0x00, 0x82,
    0x00, 0x15, 0x00, 0x87, 0x00, 0x16, 0x00, 0x88, 0x00, 0x1E, 0x00, 0x90, 0x00, 0x1C, 0x00, 0x8E,
    0x00, 0x1F, 0x00, 0x91, 0x00, 0x19, 0x00, 0x8B, 0x00, 0x22, 0x00, 0x94, 0x00, 0x24, 0x00, 0x96,
    0x00, 0x23, 0x00, 0x95, 0x00, 0x26, 0x00, 0x98, 0x00, 0x2E, 0x00, 0xA1, 0x00, 0x2F, 0x00, 0xA2,
    0x00, 0x2C, 0x00, 0x9A, 0x00, 0x28, 0x00, 0xA0, 0x00, 0x32, 0x00, 0xA6, 0x00, 0x34, 0x00, 0xA8,
    0x00, 0x36, 0x00, 0xAA, 0x00, 0x35, 0x00, 0xA9, 0x00, 0x37, 0x00, 0xAB, 0x00, 0x38, 0x00, 0xAC,
    0x00, 0x3B, 0x00, 0xAF, 0x00, 0x3D, 0x00, 0xB1, 0x00, 0x3C, 0x00, 0xB0, 0x00, 0x3E, 0x00, 0xB2,
    0x00, 0x46, 0x00, 0xBA, 0x00, 0x45, 0x00, 0xB9, 0x00, 0x49, 0x00, 0xBD, 0x00, 0x4E, 0x00, 0xC2,
    0x00, 0x50, 0x00, 0xC4, 0x00, 0x4F, 0x00, 0xC3, 0x00, 0x52, 0x00, 0xC6, 0x00, 0x54, 0x00, 0xC8,
    0x00, 0x53, 0x00, 0xC7, 0x00, 0x59, 0x00, 0xCE, 0x00, 0x58, 0x00, 0xCD, 0x00, 0x57, 0x00, 0xCC,
    0x00, 0x61, 0x00, 0xD6, 0x00, 0x63, 0x00, 0xD8, 0x00, 0x60, 0x00, 0xD5, 0x00, 0x62, 0x00, 0xD7,
    0x00, 0x67, 0x00, 0xDC, 0x00, 0x6D, 0x00, 0xE2, 0x00, 0x6E, 0x00, 0x71, 0x00, 0xE6, 0x00, 0x73,
    0x00, 0xE8, 0x00, 0x72, 0x00, 0xE7, 0x00, 0x55, 0x00, 0xC9, 0x00, 0x5A, 0x00, 0xCF, 0x01, 0x56,
    0x01, 0x54, 0x01, 0x53, 0x01, 0x58, 0x01, 0x5D, 0x01, 0x5C, 0x01, 0x5E, 0x01, 0x5A, 0x01, 0x49,
    0x01, 0x40, 0x01, 0x44, 0x01, 0x50, 0x01, 0x4B, 0x01, 0x41, 0x01, 0x48, 0x01, 0x47, 0x01, 0x4D,
    0x01, 0x4A, 0x01, 0x42, 0x01, 0x45, 0x01, 0x43, 0x01, 0x4C, 0x01, 0x4F, 0x01, 0x4E, 0x00, 0x69,
    0x00, 0xDE, 0x00, 0x66, 0x00, 0xDB, 0x00, 0x68, 0x00, 0xDD, 0x00, 0x6F, 0x00, 0xE4, 0x01, 0x12,
    0x01, 0x11, 0x01, 0x1A, 0x01, 0x1B, 0x01, 0x19, 0x01, 0x3E, 0x01, 0x3F, 0x00, 0xFC, 0x00, 0x00,
    0x00, 0x00, 0x00, 0x00, 0x00, 0x00, 0x00, 0x28, 0x00, 0x58, 0x00, 0x92, 0x00, 0xC8, 0x01, 0x10,
    0x01, 0x40, 0x01, 0x70, 0x01, 0xAE, 0x01, 0xFC, 0x02, 0x44, 0x02, 0x6C, 0x02, 0xA6, 0x02, 0xD8,
    0x03, 0x12, 0x03, 0x50, 0x03, 0x96, 0x03, 0xDE, 0x04, 0x06, 0x04, 0x12, 0x04, 0x48, 0x04, 0x54,
    0x04, 0x6E, 0x04, 0x90, 0x04, 0xB6, 0x04, 0xDC, 0x05, 0x16, 0x05, 0x46, 0x05, 0x66, 0x05, 0x86,
    0x05, 0xB2, 0x05, 0xC8, 0x06, 0x00, 0x06, 0x4A, 0x06, 0x90, 0x06, 0xDE, 0x06, 0xF8, 0x07, 0x22,
    0x07, 0x30, 0x07, 0x3C, 0x07, 0x52, 0x07, 0x6C, 0x07, 0x9A, 0x07, 0xBE, 0x07, 0xD4, 0x07, 0xE8,
    0x08, 0x0A, 0x08, 0x22, 0x08, 0x44, 0x08, 0x74, 0x08, 0x86, 0x08, 0xA0, 0x08, 0xAC, 0x08, 0xCA,
    0x08, 0xD6, 0x08, 0xF4, 0x09, 0x28, 0x09, 0x54, 0x09, 0x8A, 0x09, 0xC4, 0x09, 0xFE, 0x0A, 0x36,
    0x0A, 0x84, 0x0A, 0xBC, 0x0A, 0xFC, 0x0B, 0x40, 0x0B, 0x98, 0x0B, 0xD8, 0x0C, 0x1E, 0x0C, 0x5C,
    0x0C, 0xAA, 0x0D, 0x02, 0x0D, 0x42, 0x0D, 0x68, 0x0D, 0x92, 0x0D, 0xD4, 0x0E, 0x00, 0x0E, 0x34,
    0x0E, 0x6E, 0x0E, 0xA6, 0x0E, 0xEA, 0x0F, 0x36, 0x0F, 0x86, 0x0F, 0xE0, 0x10, 0x32, 0x10, 0x46,
    0x10, 0x64, 0x10, 0x84, 0x10, 0xAC, 0x10, 0xCE, 0x10, 0xEE, 0x11, 0x16, 0x11, 0x42, 0x11, 0x82,
    0x11, 0xAA, 0x11, 0xD8, 0x12, 0x00, 0x12, 0x32, 0x12, 0x78, 0x12, 0x96, 0x12, 0xD0, 0x13, 0x12,
    0x13, 0x5A, 0x13, 0xB4, 0x13, 0xF6, 0x14, 0x28, 0x14, 0x4A, 0x14, 0x74, 0x14, 0xA2, 0x14, 0xE4,
    0x15, 0x0C, 0x15, 0x24, 0x15, 0x46, 0x15, 0x6C, 0x15, 0x9C, 0x15, 0xE2, 0x15, 0xEE, 0x15, 0xFA,
    0x16, 0x06, 0x16, 0x12, 0x16, 0x1E, 0x16, 0x2A, 0x16, 0x86, 0x16, 0x92, 0x16, 0x9E, 0x17, 0x0A,
    0x17, 0x3E, 0x17, 0x6A, 0x17, 0x76, 0x17, 0x82, 0x17, 0xBE, 0x17, 0xCA, 0x18, 0x00, 0x18, 0x48,
    0x18, 0x54, 0x18, 0x94, 0x18, 0xCC, 0x18, 0xD8, 0x18, 0xE4, 0x18, 0xF0, 0x18, 0xFC, 0x19, 0x08,
    0x19, 0x14, 0x19, 0x20, 0x19, 0x6E, 0x19, 0x96, 0x19, 0xD4, 0x19, 0xE0, 0x19, 0xEC, 0x19, 0xF8,
    0x1A, 0x1A, 0x1A, 0x44, 0x1A, 0x68, 0x1A, 0x76, 0x1A, 0x82, 0x1A, 0x8E, 0x1A, 0x9A, 0x1A, 0xA6,
    0x1A, 0xB2, 0x1A, 0xBE, 0x1A, 0xCA, 0x1A, 0xDA, 0x1B, 0x08, 0x1B, 0x20, 0x1B, 0x40, 0x1B, 0x4C,
    0x1B, 0x5A, 0x1B, 0x66, 0x1B, 0x72, 0x1B, 0x7E, 0x1B, 0x8A, 0x1B, 0xA4, 0x1B, 0xE2, 0x1C, 0x06,
    0x1C, 0x12, 0x1C, 0x1E, 0x1C, 0x2A, 0x1C, 0x58, 0x1C, 0x64, 0x1C, 0x98, 0x1C, 0xA4, 0x1C, 0xB0,
    0x1C, 0xBC, 0x1C, 0xC8, 0x1C, 0xD4, 0x1C, 0xE0, 0x1D, 0x1E, 0x1D, 0x2A, 0x1D, 0x88, 0x1D, 0xBC,
    0x1D, 0xF2, 0x1E, 0x24, 0x1E, 0x42, 0x1E, 0x4E, 0x1E, 0x5A, 0x1E, 0x66, 0x1E, 0x9E, 0x1E, 0xAA,
    0x1E, 0xB6, 0x1F, 0x02, 0x1F, 0x0E, 0x1F, 0x62, 0x1F, 0x86, 0x1F, 0xB2, 0x1F, 0xBE, 0x1F, 0xF6,
    0x20, 0x02, 0x20, 0x30, 0x20, 0x3C, 0x20, 0x48, 0x20, 0x54, 0x20, 0x60, 0x20, 0x6C, 0x20, 0x78,
    0x20, 0xBC, 0x20, 0xC8, 0x20, 0xE6, 0x21, 0x22, 0x21, 0x2E, 0x21, 0x3A, 0x21, 0x46, 0x21, 0x52,
    0x21, 0x74, 0x21, 0x9A, 0x21, 0xA6, 0x21, 0xB2, 0x21, 0xBE, 0x21, 0xCA, 0x21, 0xE2, 0x21, 0xEE,
    0x21, 0xFA, 0x22, 0x06, 0x22, 0x38, 0x22, 0x4C, 0x22, 0x84, 0x22, 0xC4, 0x22, 0xE4, 0x23, 0x18,
    0x23, 0x56, 0x23, 0x6A, 0x23, 0xBA, 0x23, 0xF6, 0x24, 0x3E, 0x24, 0x70, 0x24, 0xC0, 0x24, 0xD4,
    0x25, 0x04, 0x25, 0x34, 0x25, 0x56, 0x25, 0x66, 0x25, 0x7C, 0x25, 0x98, 0x25, 0xCA, 0x25, 0xDE,
    0x25, 0xEE, 0x26, 0x0C, 0x26, 0x16, 0x26, 0x4C, 0x26, 0x62, 0x26, 0xA2, 0x26, 0xAC, 0x26, 0xC0,
    0x26, 0xCE, 0x26, 0xF8, 0x27, 0x04, 0x27, 0x0E, 0x27, 0x38, 0x27, 0x44, 0x27, 0x56, 0x27, 0x62,
    0x27, 0x80, 0x27, 0x8C, 0x27, 0x9A, 0x27, 0xA8, 0x27, 0xB6, 0x27, 0xBE, 0x27, 0xE0, 0x28, 0x02,
    0x28, 0x16, 0x28, 0x22, 0x28, 0x2E, 0x28, 0x52, 0x28, 0x74, 0x28, 0x8A, 0x28, 0x94, 0x28, 0x9C,
    0x28, 0x9C, 0x28, 0xCE, 0x29, 0x12, 0x29, 0x5C, 0x29, 0xA0, 0x29, 0xD4, 0x2A, 0x04, 0x2A, 0x34,
    0x2A, 0x60, 0x2A, 0x96, 0x2A, 0xAA, 0x2A, 0xC0, 0x2A, 0xCC, 0x2A, 0xDE, 0x2B, 0x0C, 0x2B, 0x2E,
    0x2B, 0x8A, 0x2C, 0x0C, 0x2C, 0x26, 0x2C, 0x48, 0x2C, 0x56, 0x2C, 0x6C, 0x2C, 0xEC, 0x2D, 0x42,
    0x2D, 0x5E, 0x2D, 0xBC, 0x2E, 0x18, 0x2E, 0x6E, 0x2E, 0x98, 0x2E, 0xC4, 0x2E, 0xDA, 0x2E, 0xF6,
    0x2F, 0x22, 0x2F, 0x32, 0x2F, 0x4C, 0x2F, 0x5E, 0x2F, 0x7A, 0x2F, 0x8C, 0x2F, 0xA2, 0x2F, 0xB6,
    0x2F, 0xDC, 0x2F, 0xFA, 0x30, 0x0A, 0x30, 0x20, 0x30, 0x2E, 0x30, 0x4A, 0x30, 0x76, 0x30, 0x84,
    0x30, 0x92, 0x30, 0xBA, 0x30, 0xC8, 0x30, 0xD8, 0x30, 0xF2, 0x31, 0x04, 0x31, 0x20, 0x31, 0x32,
    0x31, 0x58, 0x31, 0x74, 0x31, 0x82, 0x31, 0x98, 0x31, 0xA6, 0x31, 0xC0, 0x31, 0xEC, 0x32, 0x14,
    0x32, 0x28, 0x00, 0x00, 0x00, 0x02, 0x00, 0x0A, 0x00, 0x00, 0x05, 0x91, 0x05, 0x9A, 0x00, 0x07,
    0x00, 0x11, 0x00, 0x00, 0x01, 0x21, 0x03, 0x21, 0x01, 0x21, 0x01, 0x21, 0x03, 0x03, 0x26, 0x26,
    0x27, 0x23, 0x06, 0x06, 0x07, 0x03, 0x03, 0xE5, 0xFD, 0xC9, 0x52, 0xFE, 0xAE, 0x02, 0x0A, 0x01,
    0x7E, 0x01, 0xFF, 0xFE, 0xA7, 0x9E, 0xB7, 0x04, 0x0E, 0x05, 0x04, 0x02, 0x12, 0x04, 0xB7, 0x01,
    0x04, 0xFE, 0xFC, 0x05, 0x9A, 0xFA, 0x66, 0x01, 0xF0, 0x02, 0x41, 0x10, 0x39, 0x17, 0x0F, 0x48,
    0x09, 0xFD, 0xBF, 0x00, 0x00, 0x03, 0x00, 0x0A, 0x00, 0x00, 0x05, 0x91, 0x07, 0x25, 0x00, 0x03,
    0x00, 0x0B, 0x00, 0x15, 0x00, 0x00, 0x01, 0x21, 0x37, 0x21, 0x03, 0x21, 0x03, 0x21, 0x01, 0x21,
    0x01, 0x21, 0x03, 0x03, 0x26, 0x26, 0x27, 0x23, 0x06, 0x06, 0x07, 0x03, 0x03, 0x6A, 0xFE, 0xC2,
    0xE6, 0x01, 0x73, 0xA0, 0xFD, 0xC9, 0x52, 0xFE, 0xAE, 0x02, 0x0A, 0x01, 0x7E, 0x01, 0xFF, 0xFE,
    0xA7, 0x9E, 0xB7, 0x04, 0x0E, 0x05, 0x04, 0x02, 0x12, 0x04, 0xB7, 0x06, 0x3C, 0xE9, 0xF9, 0xDF,
    0xFE, 0xFC, 0x05, 0x9A, 0xFA, 0x66, 0x01, 0xF0, 0x02, 0x41, 0x10, 0x39, 0x17, 0x0F, 0x48, 0x09,
    0xFD, 0xBF, 0x00, 0x00, 0x00, 0x03, 0x00, 0x0A, 0x00, 0x00, 0x05, 0x91, 0x07, 0x3D, 0x00, 0x0B,
    0x00, 0x13, 0x00, 0x1D, 0x00, 0x00, 0x00, 0x26, 0x27, 0x33, 0x16, 0x33, 0x32, 0x37, 0x33, 0x06,
    0x06, 0x23, 0x01, 0x21, 0x03, 0x21, 0x01, 0x21, 0x01, 0x21, 0x03, 0x03, 0x26, 0x26, 0x27, 0x23,
    0x06, 0x06, 0x07, 0x03, 0x02, 0x20, 0xB1, 0x04, 0xD1, 0x0F, 0x86, 0x7F, 0x13, 0xD2, 0x0E, 0xB3,
    0xA7, 0x01, 0x18, 0xFD, 0xC9, 0x52, 0xFE, 0xAE, 0x02, 0x0A, 0x01, 0x7E, 0x01, 0xFF, 0xFE, 0xA7,
    0x9E, 0xB7, 0x04, 0x0E, 0x05, 0x04, 0x02, 0x12, 0x04, 0xB7, 0x06, 0x32, 0x85, 0x86, 0x55, 0x55,
    0x86, 0x85, 0xFA, 0xD2, 0xFE, 0xFC, 0x05, 0x9A, 0xFA, 0x66, 0x01, 0xF0, 0x02, 0x41, 0x10, 0x39,
    0x17, 0x0F, 0x48, 0x09, 0xFD, 0xBF, 0x00, 0x00, 0x00, 0x03, 0x00, 0x0A, 0x00, 0x00, 0x05, 0x91,
    0x07, 0x45, 0x00, 0x06, 0x00, 0x0E, 0x00, 0x18, 0x00, 0x00, 0x01, 0x21, 0x01, 0x33, 0x01, 0x21,
    0x27, 0x01, 0x21, 0x03, 0x21, 0x01, 0x21, 0x01, 0x21, 0x03, 0x03, 0x26, 0x26, 0x27, 0x23, 0x06,
    0x06, 0x07, 0x03, 0x02, 0x35, 0xFE, 0xFF, 0x01, 0x1D, 0xF8, 0x01, 0x28, 0xFE, 0xFF, 0xA8, 0x01,
    0x1D, 0xFD, 0xC9, 0x52, 0xFE, 0xAE, 0x02, 0x0A, 0x01, 0x7E, 0x01, 0xFF, 0xFE, 0xA7, 0x9E, 0xB7,
    0x04, 0x0E, 0x05, 0x04, 0x02, 0x12, 0x04, 0xB7, 0x06, 0x3C, 0x01, 0x09, 0xFE, 0xF7, 0x8A, 0xFA,
    0x3E, 0xFE, 0xFC, 0x05, 0x9A, 0xFA, 0x66, 0x01, 0xF0, 0x02, 0x41, 0x10, 0x39, 0x17, 0x0F, 0x48,
    0x09, 0xFD, 0xBF, 0x00, 0x00, 0x04, 0x00, 0x0A, 0x00, 0x00, 0x05, 0x91, 0x07, 0x5C, 0x00, 0x0B,
    0x00, 0x17, 0x00, 0x1F, 0x00, 0x29, 0x00, 0x00, 0x00, 0x26, 0x35, 0x34, 0x36, 0x33, 0x32, 0x16,
    0x15, 0x14, 0x06, 0x23, 0x20, 0x26, 0x35, 0x34, 0x36, 0x33, 0x32, 0x16, 0x15, 0x14, 0x06, 0x23,
    0x13, 0x21, 0x03, 0x21, 0x01, 0x21, 0x01, 0x21, 0x03, 0x03, 0x26, 0x26, 0x27, 0x23, 0x06, 0x06,
    0x07, 0x03, 0x01, 0x9B, 0x59, 0x59, 0x50, 0x50, 0x58, 0x58, 0x50, 0x01, 0x7A, 0x58, 0x58, 0x50,
    0x50, 0x59, 0x59, 0x50, 0x30, 0xFD, 0xC9, 0x52, 0xFE, 0xAE, 0x02, 0x0A, 0x01, 0x7E, 0x01, 0xFF,
    0xFE, 0xA7, 0x9E, 0xB7, 0x04, 0x0E, 0x05, 0x04, 0x02, 0x12, 0x04, 0xB7, 0x06, 0x2E, 0x4F, 0x48,
    0x48, 0x4F, 0x4F, 0x48, 0x48, 0x4F, 0x4F, 0x48, 0x48, 0x4F, 0x4F, 0x48, 0x48, 0x4F, 0xFA, 0xD6,
    0xFE, 0xFC, 0x05, 0x9A, 0xFA, 0x66, 0x01, 0xF0, 0x02, 0x41, 0x10, 0x39, 0x17, 0x0F, 0x48, 0x09,
    0xFD, 0xBF, 0x00, 0x00, 0x00, 0x03, 0x00, 0x0A, 0x00, 0x00, 0x05, 0x91, 0x07, 0x1B, 0x00, 0x03,
    0x00, 0x0B, 0x00, 0x15, 0x00, 0x00, 0x01, 0x27, 0x21, 0x17, 0x13, 0x21, 0x03, 0x21, 0x01, 0x21,
    0x01, 0x21, 0x03, 0x03, 0x26, 0x26, 0x27, 0x23, 0x06, 0x06, 0x07, 0x03, 0x02, 0x29, 0xE0, 0x01,
    0x5F, 0xBE, 0x7F, 0xFD, 0xC9, 0x52, 0xFE, 0xAE, 0x02, 0x0A, 0x01, 0x7E, 0x01, 0xFF, 0xFE, 0xA7,
    0x9E, 0xB7, 0x04, 0x0E, 0x05, 0x04, 0x02, 0x12, 0x04, 0xB7, 0x06, 0x3C, 0xDF, 0xDF, 0xFA, 0xC8,
    0xFE, 0xFC, 0x05, 0x9A, 0xFA, 0x66, 0x01, 0xF0, 0x02, 0x41, 0x10, 0x39, 0x17, 0x0F, 0x48, 0x09,
    0xFD, 0xBF, 0x00, 0x00, 0x00, 0x03, 0x00, 0x0A, 0x00, 0x00, 0x05, 0x91, 0x07, 0x1B, 0x00, 0x03,
    0x00, 0x0B, 0x00, 0x15, 0x00, 0x00, 0x01, 0x21, 0x35, 0x21, 0x03, 0x21, 0x03, 0x21, 0x01, 0x21,
    0x01, 0x21, 0x03, 0x03, 0x26, 0x26, 0x27, 0x23, 0x06, 0x06, 0x07, 0x03, 0x04, 0x3D, 0xFD, 0x26,
    0x02, 0xDA, 0x58, 0xFD, 0xC9, 0x52, 0xFE, 0xAE, 0x02, 0x0A, 0x01, 0x7E, 0x01, 0xFF, 0xFE, 0xA7,
    0x9E, 0xB7, 0x04, 0x0E, 0x05, 0x04, 0x02, 0x12, 0x04, 0xB7, 0x06, 0x3F, 0xDC, 0xF9, 0xE9, 0xFE,
    0xFC, 0x05, 0x9A, 0xFA, 0x66, 0x01, 0xF0, 0x02, 0x41, 0x10, 0x39, 0x17, 0x0F, 0x48, 0x09, 0xFD,
    0xBF, 0x00, 0x00, 0x00, 0x00, 0x02, 0x00, 0x0A, 0xFE, 0x5D, 0x05, 0x91, 0x05, 0x9A, 0x00, 0x17,
    0x00, 0x21, 0x00, 0x00, 0x04, 0x37, 0x17, 0x06, 0x23, 0x22, 0x26, 0x35, 0x34, 0x36, 0x37, 0x03,
    0x21, 0x03, 0x21, 0x01, 0x21, 0x01, 0x06, 0x06, 0x15, 0x14, 0x16, 0x33, 0x01, 0x03, 0x26, 0x26,
    0x27, 0x23, 0x06, 0x06, 0x07, 0x03, 0x05, 0x29, 0x1F, 0x1E, 0x62, 0x76, 0x5E, 0x67, 0x3A, 0x35,
    0x53, 0xFD, 0xC9, 0x52, 0xFE, 0xAE, 0x02, 0x0A, 0x01, 0x7E, 0x01, 0xFF, 0x6D, 0x77, 0x31, 0x2C,
    0xFE, 0x90, 0xB7, 0x04, 0x0E, 0x05, 0x04, 0x02, 0x12, 0x04, 0xB7, 0xE0, 0x0C, 0xBC, 0x13, 0x60,
    0x58, 0x44, 0x7C, 0x2B, 0x01, 0x04, 0xFE, 0xFC, 0x05, 0x9A, 0xFA, 0x66, 0x21, 0x4D, 0x26, 0x24,
    0x28, 0x02, 0xD0, 0x02, 0x41, 0x10, 0x39, 0x17, 0x0F, 0x48, 0x09, 0xFD, 0xBF, 0x00, 0x00, 0x00,
    0x00, 0x04, 0x00, 0x0A, 0x00, 0x00, 0x05, 0x91, 0x07, 0xDD, 0x00, 0x0F, 0x00, 0x1B, 0x00, 0x23,
    0x00, 0x2D, 0x00, 0x00, 0x00, 0x26, 0x26, 0x35, 0x34, 0x36, 0x36, 0x33, 0x32, 0x16, 0x16, 0x15,
    0x14, 0x06, 0x06, 0x23, 0x02, 0x06, 0x15, 0x14, 0x16, 0x33, 0x32, 0x36, 0x35, 0x34, 0x26, 0x23,
    0x01, 0x21, 0x03, 0x21, 0x01, 0x21, 0x01, 0x21, 0x03, 0x03, 0x26, 0x26, 0x27, 0x23, 0x06, 0x06,
    0x07, 0x03, 0x02, 0x89, 0x6C, 0x3D, 0x3F, 0x6D, 0x44, 0x43, 0x6D, 0x3F, 0x40, 0x6F, 0x45, 0x1D,
    0x2F, 0x2F, 0x23, 0x21, 0x2C, 0x2C, 0x21, 0x01, 0x14, 0xFD, 0xC9, 0x52, 0xFE, 0xAE, 0x02, 0x0A,
    0x01, 0x7E, 0x01, 0xFF, 0xFE, 0xA7, 0x9E, 0xB7, 0x04, 0x0E, 0x05, 0x04, 0x02, 0x12, 0x04, 0xB7,
    0x06, 0x29, 0x38, 0x62, 0x3D, 0x3E, 0x65, 0x3A, 0x38, 0x62, 0x3D, 0x3E, 0x65, 0x3A, 0x01, 0x25,
    0x2A, 0x20, 0x20, 0x2A, 0x2A, 0x20, 0x20, 0x2A, 0xF9, 0xB6, 0xFE, 0xFC, 0x05, 0x9A, 0xFA, 0x66,
    0x01, 0xF0, 0x02, 0x41, 0x10, 0x39, 0x17, 0x0F, 0x48, 0x09, 0xFD, 0xBF, 0x00, 0x03, 0x00, 0x0A,
    0x00, 0x00, 0x05, 0x91, 0x07, 0x61, 0x00, 0x18, 0x00, 0x20, 0x00, 0x2A, 0x00, 0x00, 0x00, 0x15,
    0x23, 0x34, 0x36, 0x33, 0x32, 0x16, 0x17, 0x16, 0x16, 0x33, 0x32, 0x35, 0x33, 0x14, 0x06, 0x23,
    0x22, 0x26, 0x27, 0x2E, 0x02, 0x23, 0x01, 0x21, 0x03, 0x21, 0x01, 0x21, 0x01, 0x21, 0x03, 0x03,
    0x26, 0x26, 0x27, 0x23, 0x06, 0x06, 0x07, 0x03, 0x02, 0x27, 0xB5, 0x6E, 0x63, 0x23, 0x47, 0x30,
    0x2C, 0x2F, 0x17, 0x44, 0xAE, 0x6E, 0x61, 0x1F, 0x47, 0x33, 0x06, 0x30, 0x21, 0x0B, 0x01, 0x6E,
    0xFD, 0xC9, 0x52, 0xFE, 0xAE, 0x02, 0x0A, 0x01, 0x7E, 0x01, 0xFF, 0xFE, 0xA7, 0x9E, 0xB7, 0x04,
    0x0E, 0x05, 0x04, 0x02, 0x12, 0x04, 0xB7, 0x06, 0x94, 0x58, 0x8B, 0x9A, 0x1B, 0x19, 0x16, 0x13,
    0x5B, 0x8B, 0x9A, 0x1C, 0x19, 0x03, 0x17, 0x0B, 0xFA, 0x70, 0xFE, 0xFC, 0x05, 0x9A, 0xFA, 0x66,
    0x01, 0xF0, 0x02, 0x41, 0x10, 0x39, 0x17, 0x0F, 0x48, 0x09, 0xFD, 0xBF, 0x00, 0x02, 0xFF, 0xFE,
    0x00, 0x00, 0x07, 0x39, 0x05, 0x9A, 0x00, 0x0F, 0x00, 0x12, 0x00, 0x00, 0x25, 0x15, 0x21, 0x11,
    0x21, 0x03, 0x21, 0x01, 0x21, 0x15, 0x21, 0x11, 0x21, 0x11, 0x21, 0x11, 0x01, 0x11, 0x01, 0x07,
    0x39, 0xFC, 0xA4, 0xFE, 0x13, 0xA0, 0xFE, 0xAE, 0x03, 0x3F, 0x03, 0xDC, 0xFD, 0xFE, 0x01, 0xC4,
    0xFE, 0x3C, 0xFE, 0xC6, 0xFE, 0x96, 0xFC, 0xFC, 0x01, 0x22, 0xFE, 0xDE, 0x05, 0x9A, 0xFD, 0xFE,
    0xB8, 0xFF, 0x00, 0xFE, 0xA7, 0x01, 0x12, 0x02, 0x8F, 0xFD, 0x71, 0x00, 0x00, 0x03, 0x00, 0xA4,
    0x00, 0x00, 0x04, 0xD9, 0x05, 0x9B, 0x00, 0x12, 0x00, 0x1B, 0x00, 0x24, 0x00, 0x00, 0x37, 0x11,
    0x21, 0x32, 0x16, 0x16, 0x15, 0x14, 0x06, 0x07, 0x15, 0x1E, 0x02, 0x15, 0x14, 0x06, 0x06, 0x23,
    0x03, 0x32, 0x36, 0x35, 0x34, 0x26, 0x23, 0x23, 0x11, 0x13, 0x32, 0x36, 0x35, 0x34, 0x26, 0x23,
    0x23, 0x11, 0xA4, 0x02, 0x32, 0x83, 0xCE, 0x75, 0x9D, 0x8D, 0x6E, 0xA2, 0x57, 0x85, 0xE6, 0x8E,
    0x75, 0x6D, 0x7A, 0x6F, 0x64, 0xA2, 0xC7, 0x70, 0x7C, 0x8E, 0x82, 0xA2, 0x01, 0x05, 0x9A, 0x4E,
    0x94, 0x66, 0x7B, 0xB3, 0x26, 0x04, 0x0B, 0x5D, 0x97, 0x60, 0x7C, 0xBB, 0x65, 0x03, 0x4F, 0x5E,
    0x55, 0x56, 0x5E, 0xFE, 0x99, 0xFD, 0x96, 0x6A, 0x61, 0x5D, 0x66, 0xFE, 0x72, 0x00, 0x00, 0x00,
    0x00, 0x01, 0x00, 0x4A, 0xFF, 0xEC, 0x04, 0xA7, 0x05, 0xB4, 0x00, 0x1C, 0x00, 0x00, 0x04, 0x24,
    0x02, 0x35, 0x34, 0x12, 0x24, 0x33, 0x32, 0x16, 0x17, 0x03, 0x26, 0x26, 0x23, 0x22, 0x06, 0x06,
    0x15, 0x14, 0x16, 0x16, 0x33, 0x32, 0x36, 0x37, 0x13, 0x06, 0x23, 0x02, 0x1F, 0xFE, 0xCC, 0xA1,
    0xB8, 0x01, 0x5F, 0xF7, 0x48, 0xAA, 0x52, 0x4F, 0x2F, 0x81, 0x47, 0x90, 0xCD, 0x6B, 0x5A, 0xAD,
    0x7A, 0x41, 0xB3, 0x62, 0x42, 0xC2, 0xED, 0x14, 0xAC, 0x01, 0x49, 0xE8, 0xEC, 0x01, 0x50, 0xAF,
    0x17, 0x15, 0xFE, 0xE3, 0x11, 0x13, 0x69, 0xC8, 0x8D, 0x8D, 0xC7, 0x68, 0x22, 0x20, 0xFE, 0xE0,
    0x4B, 0x00, 0x00, 0x00, 0x00, 0x02, 0x00, 0x4A, 0xFF, 0xEC, 0x04, 0xA7, 0x07, 0x25, 0x00, 0x03,
    0x00, 0x20, 0x00, 0x00, 0x01, 0x21, 0x05, 0x21, 0x02, 0x24, 0x02, 0x35, 0x34, 0x12, 0x24, 0x33,
    0x32, 0x16, 0x17, 0x03, 0x26, 0x26, 0x23, 0x22, 0x06, 0x06, 0x15, 0x14, 0x16, 0x16, 0x33, 0x32,
    0x36, 0x37, 0x13, 0x06, 0x23, 0x03, 0x11, 0x01, 0x73, 0xFE, 0xE5, 0xFE, 0xC2, 0x0C, 0xFE, 0xCC,
    0xA1, 0xB8, 0x01, 0x5F, 0xF7, 0x48, 0xAA, 0x52, 0x4F, 0x2F, 0x81, 0x47, 0x90, 0xCD, 0x6B, 0x5A,
    0xAD, 0x7A, 0x41, 0xB3, 0x62, 0x42, 0xC2, 0xED, 0x07, 0x25, 0xE9, 0xF9, 0xB0, 0xAC, 0x01, 0x49,
    0xE8, 0xEC, 0x01, 0x50, 0xAF, 0x17, 0x15, 0xFE, 0xE3, 0x11, 0x13, 0x69, 0xC8, 0x8D, 0x8D, 0xC7,
    0x68, 0x22, 0x20, 0xFE, 0xE0, 0x4B, 0x00, 0x00, 0x00, 0x02, 0x00, 0x4A, 0xFF, 0xEC, 0x04, 0xA7,
    0x07, 0x27, 0x00, 0x06, 0x00, 0x23, 0x00, 0x00, 0x01, 0x21, 0x17, 0x37, 0x21, 0x05, 0x23, 0x02,
    0x24, 0x02, 0x35, 0x34, 0x12, 0x24, 0x33, 0x32, 0x16, 0x17, 0x03, 0x26, 0x26, 0x23, 0x22, 0x06,
    0x06, 0x15, 0x14, 0x16, 0x16, 0x33, 0x32, 0x36, 0x37, 0x13, 0x06, 0x23, 0x01, 0x2A, 0x01, 0x09,
    0x9B, 0x9C, 0x00, 0xFF, 0xFE, 0xE0, 0xF8, 0x32, 0xFE, 0xCC, 0xA1, 0xB8, 0x01, 0x5F, 0xF7, 0x48,
    0xAA, 0x52, 0x4F, 0x2F, 0x81, 0x47, 0x90, 0xCD, 0x6B, 0x5A, 0xAD, 0x7A, 0x41, 0xB3, 0x62, 0x42,
    0xC2, 0xED, 0x07, 0x27, 0x62, 0x62, 0xEB, 0xF9, 0xB0, 0xAC, 0x01, 0x49, 0xE8, 0xEC, 0x01, 0x50,
    0xAF, 0x17, 0x15, 0xFE, 0xE3, 0x11, 0x13, 0x69, 0xC8, 0x8D, 0x8D, 0xC7, 0x68, 0x22, 0x20, 0xFE,
    0xE0, 0x4B, 0x00, 0x00, 0x00, 0x01, 0x00, 0x4A, 0xFE, 0x39, 0x04, 0xA7, 0x05, 0xB4, 0x00, 0x2E,
    0x00, 0x00, 0x04, 0x15, 0x14, 0x21, 0x22, 0x27, 0x35, 0x16, 0x33, 0x32, 0x36, 0x35, 0x34, 0x23,
    0x07, 0x35, 0x26, 0x00, 0x11, 0x34, 0x12, 0x24, 0x33, 0x32, 0x16, 0x17, 0x03, 0x26, 0x26, 0x23,
    0x22, 0x06, 0x06, 0x15, 0x14, 0x16, 0x16, 0x33, 0x32, 0x36, 0x37, 0x13, 0x06, 0x23, 0x22, 0x27,
    0x15, 0x03, 0xB9, 0xFE, 0x9A, 0x33, 0x25, 0x23, 0x25, 0x32, 0x35, 0x5B, 0x15, 0xEF, 0xFE, 0xFF,
    0xB8, 0x01, 0x5F, 0xF7, 0x48, 0xAA, 0x52, 0x4F, 0x2F, 0x81, 0x47, 0x90, 0xCD, 0x6B, 0x5A, 0xAD,
    0x7A, 0x41, 0xB3, 0x62, 0x42, 0xC2, 0xED, 0x20, 0x0F, 0x47, 0xB1, 0xCF, 0x04, 0xB2, 0x06, 0x1E,
    0x17, 0x42, 0x02, 0xA1, 0x34, 0x01, 0x70, 0x01, 0x26, 0xEC, 0x01, 0x50, 0xAF, 0x17, 0x15, 0xFE,
    0xE3, 0x11, 0x13, 0x69, 0xC8, 0x8D, 0x8D, 0xC7, 0x68, 0x22, 0x20, 0xFE, 0xE0, 0x4B, 0x01, 0x2B,
    0x00, 0x02, 0x00, 0x4A, 0xFF, 0xEC, 0x04, 0xA7, 0x07, 0x69, 0x00, 0x0F, 0x00, 0x2C, 0x00, 0x00,
    0x00, 0x26, 0x26, 0x35, 0x34, 0x36, 0x36, 0x33, 0x32, 0x16, 0x16, 0x15, 0x14, 0x06, 0x06, 0x23,
    0x02, 0x24, 0x02, 0x35, 0x34, 0x12, 0x24, 0x33, 0x32, 0x16, 0x17, 0x03, 0x26, 0x26, 0x23, 0x22,
    0x06, 0x06, 0x15, 0x14, 0x16, 0x16, 0x33, 0x32, 0x36, 0x37, 0x13, 0x06, 0x23, 0x02, 0x9C, 0x56,
    0x30, 0x31, 0x54, 0x35, 0x35, 0x54, 0x2F, 0x2F, 0x54, 0x35, 0xB1, 0xFE, 0xCC, 0xA1, 0xB8, 0x01,
    0x5F, 0xF7, 0x48, 0xAA, 0x52, 0x4F, 0x2F, 0x81, 0x47, 0x90, 0xCD, 0x6B, 0x5A, 0xAD, 0x7A, 0x41,
    0xB3, 0x62, 0x42, 0xC2, 0xED, 0x06, 0x1F, 0x2C, 0x4C, 0x2E, 0x30, 0x4A, 0x2A, 0x2A, 0x4B, 0x2F,
    0x2F, 0x4C, 0x2B, 0xF9, 0xCD, 0xAC, 0x01, 0x49, 0xE8, 0xEC, 0x01, 0x50, 0xAF, 0x17, 0x15, 0xFE,
    0xE3, 0x11, 0x13, 0x69, 0xC8, 0x8D, 0x8D, 0xC7, 0x68, 0x22, 0x20, 0xFE, 0xE0, 0x4B, 0x00, 0x00,
    0x00, 0x02, 0x00, 0xA4, 0xFF, 0xFE, 0x05, 0x9B, 0x05, 0x9A, 0x00, 0x09, 0x00, 0x13, 0x00, 0x00,
    0x13, 0x21, 0x20, 0x00, 0x11, 0x14, 0x02, 0x04, 0x07, 0x05, 0x01, 0x32, 0x36, 0x36, 0x35, 0x34,
    0x26, 0x07, 0x07, 0x11, 0xA4, 0x02, 0x27, 0x01, 0x65, 0x01, 0x6B, 0xB7, 0xFE, 0xB3, 0xDB, 0xFD,
    0xE8, 0x02, 0x1A, 0x82, 0xBA, 0x61, 0xCD, 0xC7, 0xE9, 0x05, 0x9A, 0xFE, 0xA7, 0xFE, 0x9D, 0xE0,
    0xFE, 0xB5, 0xB2, 0x01, 0x02, 0x01, 0x09, 0x6D, 0xD1, 0x93, 0xE1, 0xDE, 0x02, 0x02, 0xFC, 0x74,
    0xFF, 0xFF, 0x00, 0x2A, 0xFF, 0xFE, 0x05, 0x9B, 0x05, 0x9A, 0x00, 0x22, 0x00, 0x13, 0x00, 0x00,
    0x00, 0x02, 0x01, 0x4F, 0x00, 0x00, 0x00, 0x00, 0x00, 0x03, 0x00, 0xA4, 0xFF, 0xFE, 0x05, 0x9B,
    0x07, 0x27, 0x00, 0x06, 0x00, 0x10, 0x00, 0x1A, 0x00, 0x00, 0x01, 0x21, 0x17, 0x37, 0x21, 0x05,
    0x23, 0x05, 0x21, 0x20, 0x00, 0x11, 0x14, 0x02, 0x04, 0x07, 0x05, 0x01, 0x32, 0x36, 0x36, 0x35,
    0x34, 0x26, 0x07, 0x07, 0x11, 0x01, 0x30, 0x01, 0x09, 0x9B, 0x9C, 0x00, 0xFF, 0xFE, 0xE0, 0xF8,
    0xFE, 0x4D, 0x02, 0x27, 0x01, 0x65, 0x01, 0x6B, 0xB7, 0xFE, 0xB3, 0xDB, 0xFD, 0xE8, 0x02, 0x1A,
    0x82, 0xBA, 0x61, 0xCD, 0xC7, 0xE9, 0x07, 0x27, 0x62, 0x62, 0xEB, 0xA2, 0xFE, 0xA7, 0xFE, 0x9D,
    0xE0, 0xFE, 0xB5, 0xB2, 0x01, 0x02, 0x01, 0x09, 0x6D, 0xD1, 0x93, 0xE1, 0xDE, 0x02, 0x02, 0xFC,
    0x74, 0x00, 0x00, 0x00, 0xFF, 0xFF, 0x00, 0x2A, 0xFF, 0xFE, 0x05, 0x9B, 0x05, 0x9A, 0x00, 0x22,
    0x00, 0x13, 0x00, 0x00, 0x00, 0x02, 0x01, 0x4F, 0x00, 0x00, 0x00, 0x00, 0x00, 0x01, 0x00, 0xA4,
    0x00, 0x00, 0x04, 0x00, 0x05, 0x9A, 0x00, 0x0B, 0x00, 0x00, 0x13, 0x21, 0x15, 0x21, 0x11, 0x21,
    0x11, 0x21, 0x11, 0x21, 0x15, 0x21, 0xA4, 0x03, 0x3C, 0xFD, 0xFE, 0x01, 0xC4, 0xFE, 0x3C, 0x02,
    0x22, 0xFC, 0xA4, 0x05, 0x9A, 0xFD, 0xFE, 0xB8, 0xFF, 0x00, 0xFE, 0xA7, 0xFC, 0x00, 0x00, 0x00,
    0x00, 0x02, 0x00, 0xA4, 0x00, 0x00, 0x04, 0x00, 0x07, 0x25, 0x00, 0x03, 0x00, 0x0F, 0x00, 0x00,
    0x01, 0x21, 0x05, 0x21, 0x07, 0x21, 0x15, 0x21, 0x11, 0x21, 0x11, 0x21, 0x11, 0x21, 0x15, 0x21,
    0x02, 0x81, 0x01, 0x73, 0xFE, 0xE5, 0xFE, 0xC2, 0xF7, 0x03, 0x3C, 0xFD, 0xFE, 0x01, 0xC4, 0xFE,
    0x3C, 0x02, 0x22, 0xFC, 0xA4, 0x07, 0x25, 0xE9, 0xA2, 0xFD, 0xFE, 0xB8, 0xFF, 0x00, 0xFE, 0xA7,
    0xFC, 0x00, 0x00, 0x00, 0x00, 0x02, 0x00, 0x9A, 0x00, 0x00, 0x04, 0x00, 0x07, 0x27, 0x00, 0x06,
    0x00, 0x12, 0x00, 0x00, 0x13, 0x21, 0x17, 0x37, 0x21, 0x05, 0x23, 0x05, 0x21, 0x15, 0x21, 0x11,
    0x21, 0x11, 0x21, 0x11, 0x21, 0x15, 0x21, 0x9A, 0x01, 0x09, 0x9B, 0x9C, 0x00, 0xFF, 0xFE, 0xE0,
    0xF8, 0xFE, 0xE3, 0x03, 0x3C, 0xFD, 0xFE, 0x01, 0xC4, 0xFE, 0x3C, 0x02, 0x22, 0xFC, 0xA4, 0x07,
    0x27, 0x62, 0x62, 0xEB, 0xA2, 0xFD, 0xFE, 0xB8, 0xFF, 0x00, 0xFE, 0xA7, 0xFC, 0x00, 0x00, 0x00,
    0x00, 0x02, 0x00, 0xA3, 0x00, 0x00, 0x04, 0x00, 0x07, 0x45, 0x00, 0x06, 0x00, 0x12, 0x00, 0x00,
    0x01, 0x33, 0x01, 0x21, 0x27, 0x07, 0x21, 0x17, 0x21, 0x15, 0x21, 0x11, 0x21, 0x11, 0x21, 0x11,
    0x21, 0x15, 0x21, 0x01, 0xC0, 0xF8, 0x01, 0x28, 0xFE, 0xFF, 0xA8, 0x93, 0xFE, 0xFF, 0x01, 0x03,
    0x3C, 0xFD, 0xFE, 0x01, 0xC4, 0xFE, 0x3C, 0x02, 0x22, 0xFC, 0xA4, 0x07, 0x45, 0xFE, 0xF7, 0x8A,
    0x8A, 0xA2, 0xFD, 0xFE, 0xB8, 0xFF, 0x00, 0xFE, 0xA7, 0xFC, 0x00, 0x00, 0x00, 0x03, 0x00, 0xA4,
    0x00, 0x00, 0x04, 0x00, 0x07, 0x5C, 0x00, 0x0B, 0x00, 0x17, 0x00, 0x23, 0x00, 0x00, 0x00, 0x26,
    0x35, 0x34, 0x36, 0x33, 0x32, 0x16, 0x15, 0x14, 0x06, 0x23, 0x20, 0x26, 0x35, 0x34, 0x36, 0x33,
    0x32, 0x16, 0x15, 0x14, 0x06, 0x23, 0x05, 0x21, 0x15, 0x21, 0x11, 0x21, 0x11, 0x21, 0x11, 0x21,
    0x15, 0x21, 0x01, 0x0A, 0x59, 0x59, 0x50, 0x50, 0x58, 0x58, 0x50, 0x01, 0x7A, 0x58, 0x58, 0x50,
    0x50, 0x59, 0x59, 0x50, 0xFD, 0x80, 0x03, 0x3C, 0xFD, 0xFE, 0x01, 0xC4, 0xFE, 0x3C, 0x02, 0x22,
    0xFC, 0xA4, 0x06, 0x2E, 0x4F, 0x48, 0x48, 0x4F, 0x4F, 0x48, 0x48, 0x4F, 0x4F, 0x48, 0x48, 0x4F,
    0x4F, 0x48, 0x48, 0x4F, 0x94, 0xFD, 0xFE, 0xB8, 0xFF, 0x00, 0xFE, 0xA7, 0xFC, 0x00, 0x00, 0x00,
    0x00, 0x02, 0x00, 0xA4, 0x00, 0x00, 0x04, 0x00, 0x07, 0x69, 0x00, 0x0F, 0x00, 0x1B, 0x00, 0x00,
    0x00, 0x26, 0x26, 0x35, 0x34, 0x36, 0x36, 0x33, 0x32, 0x16, 0x16, 0x15, 0x14, 0x06, 0x06, 0x23,
    0x05, 0x21, 0x15, 0x21, 0x11, 0x21, 0x11, 0x21, 0x11, 0x21, 0x15, 0x21, 0x02, 0x0C, 0x56, 0x30,
    0x31, 0x54, 0x35, 0x35, 0x54, 0x2F, 0x2F, 0x54, 0x35, 0xFE, 0x64, 0x03, 0x3C, 0xFD, 0xFE, 0x01,
    0xC4, 0xFE, 0x3C, 0x02, 0x22, 0xFC, 0xA4, 0x06, 0x1F, 0x2C, 0x4C, 0x2E, 0x30, 0x4A, 0x2A, 0x2A,
    0x4B, 0x2F, 0x2F, 0x4C, 0x2B, 0x85, 0xFD, 0xFE, 0xB8, 0xFF, 0x00, 0xFE, 0xA7, 0xFC, 0x00, 0x00,
    0x00, 0x02, 0x00, 0xA4, 0x00, 0x00, 0x04, 0x00, 0x07, 0x1B, 0x00, 0x03, 0x00, 0x0F, 0x00, 0x00,
    0x13, 0x21, 0x17, 0x21, 0x07, 0x21, 0x15, 0x21, 0x11, 0x21, 0x11, 0x21, 0x11, 0x21, 0x15, 0x21,
    0xB8, 0x01, 0x5F, 0xBE, 0xFE, 0xC3, 0xF4, 0x03, 0x3C, 0xFD, 0xFE, 0x01, 0xC4, 0xFE, 0x3C, 0x02,
    0x22, 0xFC, 0xA4, 0x07, 0x1B, 0xDF, 0xA2, 0xFD, 0xFE, 0xB8, 0xFF, 0x00, 0xFE, 0xA7, 0xFC, 0x00,
    0x00, 0x02, 0x00, 0xA4, 0x00, 0x00, 0x04, 0x00, 0x07, 0x1B, 0x00, 0x03, 0x00, 0x0F, 0x00, 0x00,
    0x13, 0x21, 0x15, 0x21, 0x07, 0x21, 0x15, 0x21, 0x11, 0x21, 0x11, 0x21, 0x11, 0x21, 0x15, 0x21,
    0xD2, 0x02, 0xDA, 0xFD, 0x26, 0x2E, 0x03, 0x3C, 0xFD, 0xFE, 0x01, 0xC4, 0xFE, 0x3C, 0x02, 0x22,
    0xFC, 0xA4, 0x07, 0x1B, 0xDC, 0xA5, 0xFD, 0xFE, 0xB8, 0xFF, 0x00, 0xFE, 0xA7, 0xFC, 0x00, 0x00,
    0x00, 0x01, 0x00, 0xA4, 0xFE, 0x5D, 0x04, 0x06, 0x05, 0x9A, 0x00, 0x1A, 0x00, 0x00, 0x01, 0x06,
    0x23, 0x22, 0x35, 0x34, 0x36, 0x37, 0x21, 0x11, 0x21, 0x15, 0x21, 0x11, 0x21, 0x11, 0x21, 0x11,
    0x21, 0x15, 0x06, 0x15, 0x14, 0x16, 0x33, 0x32, 0x37, 0x04, 0x06, 0x62, 0x76, 0xC5, 0x52, 0x4F,
    0xFD, 0x9A, 0x03, 0x3C, 0xFD, 0xFE, 0x01, 0xC4, 0xFE, 0x3C, 0x02, 0x22, 0xB3, 0x2D, 0x30, 0x1D,
    0x21, 0xFE, 0x70, 0x13, 0xB8, 0x4F, 0x6F, 0x2D, 0x05, 0x9A, 0xFD, 0xFE, 0xB8, 0xFF, 0x00, 0xFE,
    0xA7, 0xFC, 0x54, 0x40, 0x27, 0x25, 0x0C, 0x00, 0x00, 0x01, 0x00, 0xA4, 0x00, 0x00, 0x03, 0xE1,
    0x05, 0x9A, 0x00, 0x09, 0x00, 0x00, 0x13, 0x21, 0x15, 0x21, 0x11, 0x21, 0x11, 0x21, 0x11, 0x21,
    0xA4, 0x03, 0x3D, 0xFD, 0xFC, 0x01, 0xC6, 0xFE, 0x3A, 0xFE, 0xC7, 0x05, 0x9A, 0xFD, 0xFE, 0x97,
    0xFE, 0xFE, 0xFD, 0xCE, 0x00, 0x01, 0x00, 0x4A, 0xFF, 0xEA, 0x05, 0x3C, 0x05, 0xB3, 0x00, 0x21,
    0x00, 0x00, 0x04, 0x24, 0x02, 0x35, 0x34, 0x12, 0x24, 0x33, 0x32, 0x16, 0x17, 0x03, 0x26, 0x26,
    0x23, 0x22, 0x06, 0x06, 0x15, 0x14, 0x16, 0x16, 0x33, 0x32, 0x36, 0x37, 0x11, 0x23, 0x35, 0x21,
    0x13, 0x06, 0x04, 0x23, 0x02, 0x46, 0xFE, 0xBF, 0xBB, 0xD3, 0x01, 0x6D, 0xE3, 0x65, 0xE7, 0x66,
    0x55, 0x44, 0xB2, 0x51, 0x99, 0xDA, 0x72, 0x62, 0xBB, 0x82, 0x3D, 0x69, 0x23, 0xF3, 0x02, 0x28,
    0x01, 0x77, 0xFE, 0xDB, 0x94, 0x16, 0xAC, 0x01, 0x47, 0xDF, 0xEB, 0x01, 0x58, 0xB4, 0x1B, 0x13,
    0xFE, 0xEF, 0x0D, 0x18, 0x6E, 0xD1, 0x93, 0x8F, 0xD1, 0x70, 0x1D, 0x1C, 0x01, 0x09, 0xFA, 0xFD,
    0x31, 0x3A, 0x40, 0x00, 0x00, 0x02, 0x00, 0x4A, 0xFF, 0xEA, 0x05, 0x3C, 0x07, 0x3D, 0x00, 0x0B,
    0x00, 0x2D, 0x00, 0x00, 0x00, 0x26, 0x27, 0x33, 0x16, 0x33, 0x32, 0x37, 0x33, 0x06, 0x06, 0x23,
    0x02, 0x24, 0x02, 0x35, 0x34, 0x12, 0x24, 0x33, 0x32, 0x16, 0x17, 0x03, 0x26, 0x26, 0x23, 0x22,
    0x06, 0x06, 0x15, 0x14, 0x16, 0x16, 0x33, 0x32, 0x36, 0x37, 0x11, 0x23, 0x35, 0x21, 0x13, 0x06,
    0x04, 0x23, 0x02, 0x6E, 0xB1, 0x04, 0xD1, 0x0F, 0x86, 0x7F, 0x13, 0xD2, 0x0E, 0xB3, 0xA7, 0xD5,
    0xFE, 0xBF, 0xBB, 0xD3, 0x01, 0x6D, 0xE3, 0x65, 0xE7, 0x66, 0x55, 0x44, 0xB2, 0x51, 0x99, 0xDA,
    0x72, 0x62, 0xBB, 0x82, 0x3D, 0x69, 0x23, 0xF3, 0x02, 0x28, 0x01, 0x77, 0xFE, 0xDB, 0x94, 0x06,
    0x32, 0x85, 0x86, 0x55, 0x55, 0x86, 0x85, 0xF9, 0xB8, 0xAC, 0x01, 0x47, 0xDF, 0xEB, 0x01, 0x58,
    0xB4, 0x1B, 0x13, 0xFE, 0xEF, 0x0D, 0x18, 0x6E, 0xD1, 0x93, 0x8F, 0xD1, 0x70, 0x1D, 0x1C, 0x01,
    0x09, 0xFA, 0xFD, 0x31, 0x3A, 0x40, 0x00, 0x00, 0x00, 0x02, 0x00, 0x4A, 0xFD, 0xCC, 0x05, 0x3C,
    0x05, 0xB3, 0x00, 0x21, 0x00, 0x29, 0x00, 0x00, 0x04, 0x24, 0x02, 0x35, 0x34, 0x12, 0x24, 0x33,
    0x32, 0x16, 0x17, 0x03, 0x26, 0x26, 0x23, 0x22, 0x06, 0x06, 0x15, 0x14, 0x16, 0x16, 0x33, 0x32,
    0x36, 0x37, 0x11, 0x23, 0x35, 0x21, 0x13, 0x06, 0x04, 0x23, 0x01, 0x36, 0x36, 0x37, 0x21, 0x06,
    0x06, 0x07, 0x02, 0x46, 0xFE, 0xBF, 0xBB, 0xD3, 0x01, 0x6D, 0xE3, 0x65, 0xE7, 0x66, 0x55, 0x44,
    0xB2, 0x51, 0x99, 0xDA, 0x72, 0x62, 0xBB, 0x82, 0x3D, 0x69, 0x23, 0xF3, 0x02, 0x28, 0x01, 0x77,
    0xFE, 0xDB, 0x94, 0xFE, 0xE7, 0x29, 0x31, 0x07, 0x01, 0x0E, 0x01, 0x47, 0x44, 0x16, 0xAC, 0x01,
    0x47, 0xDF, 0xEB, 0x01, 0x58, 0xB4, 0x1B, 0x13, 0xFE, 0xEF, 0x0D, 0x18, 0x6E, 0xD1, 0x93, 0x8F,
    0xD1, 0x70, 0x1D, 0x1C, 0x01, 0x09, 0xFA, 0xFD, 0x31, 0x3A, 0x40, 0xFE, 0x5A, 0x4A, 0xA2, 0x4C,
    0x83, 0xE1, 0x4C, 0x00, 0x00, 0x02, 0x00, 0x4A, 0xFF, 0xEA, 0x05, 0x3C, 0x07, 0x69, 0x00, 0x0F,
    0x00, 0x31, 0x00, 0x00, 0x00, 0x26, 0x26, 0x35, 0x34, 0x36, 0x36, 0x33, 0x32, 0x16, 0x16, 0x15,
    0x14, 0x06, 0x06, 0x23, 0x02, 0x24, 0x02, 0x35, 0x34, 0x12, 0x24, 0x33, 0x32, 0x16, 0x17, 0x03,
    0x26, 0x26, 0x23, 0x22, 0x06, 0x06, 0x15, 0x14, 0x16, 0x16, 0x33, 0x32, 0x36, 0x37, 0x11, 0x23,
    0x35, 0x21, 0x13, 0x06, 0x04, 0x23, 0x02, 0xEB, 0x56, 0x30, 0x31, 0x54, 0x35, 0x35, 0x54, 0x2F,
    0x2F, 0x54, 0x35, 0xD9, 0xFE, 0xBF, 0xBB, 0xD3, 0x01, 0x6D, 0xE3, 0x65, 0xE7, 0x66, 0x55, 0x44,
    0xB2, 0x51, 0x99, 0xDA, 0x72, 0x62, 0xBB, 0x82, 0x3D, 0x69, 0x23, 0xF3, 0x02, 0x28, 0x01, 0x77,
    0xFE, 0xDB, 0x94, 0x06, 0x1F, 0x2C, 0x4C, 0x2E, 0x30, 0x4A, 0x2A, 0x2A, 0x4B, 0x2F, 0x2F, 0x4C,
    0x2B, 0xF9, 0xCB, 0xAC, 0x01, 0x47, 0xDF, 0xEB, 0x01, 0x58, 0xB4, 0x1B, 0x13, 0xFE, 0xEF, 0x0D,
    0x18, 0x6E, 0xD1, 0x93, 0x8F, 0xD1, 0x70, 0x1D, 0x1C, 0x01, 0x09, 0xFA, 0xFD, 0x31, 0x3A, 0x40,
    0x00, 0x01, 0x00, 0xA3, 0x00, 0x00, 0x05, 0x7D, 0x05, 0x9A, 0x00, 0x0B, 0x00, 0x00, 0x13, 0x21,
    0x11, 0x21, 0x11, 0x21, 0x11, 0x21, 0x11, 0x21, 0x11, 0x21, 0xA3, 0x01, 0x38, 0x02, 0x66, 0x01,
    0x3C, 0xFE, 0xC4, 0xFD, 0x9A, 0xFE, 0xC8, 0x05, 0x9A, 0xFD, 0xBA, 0x02, 0x46, 0xFA, 0x66, 0x02,
    0x48, 0xFD, 0xB8, 0x00, 0x00, 0x02, 0x00, 0x00, 0x00, 0x00, 0x06, 0x21, 0x05, 0x9A, 0x00, 0x13,
    0x00, 0x17, 0x00, 0x00, 0x01, 0x23, 0x11, 0x21, 0x11, 0x21, 0x11, 0x21, 0x11, 0x23, 0x35, 0x33,
    0x35, 0x21, 0x15, 0x21, 0x35, 0x21, 0x15, 0x33, 0x05, 0x21, 0x15, 0x21, 0x06, 0x21, 0xA4, 0xFE,
    0xC4, 0xFD, 0x9A, 0xFE, 0xC8, 0xA3, 0xA3, 0x01, 0x38, 0x02, 0x66, 0x01, 0x3C, 0xA4, 0xFE, 0x20,
    0xFD, 0x9A, 0x02, 0x66, 0x03, 0xFA, 0xFC, 0x06, 0x02, 0x48, 0xFD, 0xB8, 0x03, 0xFA, 0xCD, 0xD3,
    0xD3, 0xD3, 0xD3, 0xCD, 0xA6, 0x00, 0x00, 0x00, 0x00, 0x01, 0x00, 0xA9, 0x00, 0x00, 0x01, 0xE1,
    0x05, 0x9A, 0x00, 0x03, 0x00, 0x00, 0x13, 0x21, 0x11, 0x21, 0xA9, 0x01, 0x38, 0xFE, 0xC8, 0x05,
    0x9A, 0xFA, 0x66, 0x00, 0xFF, 0xFF, 0x00, 0xA9, 0xFE, 0x1E, 0x05, 0x83, 0x05, 0x9A, 0x00, 0x22,
    0x00, 0x27, 0x00, 0x00, 0x00, 0x03, 0x00, 0x30, 0x02, 0x89, 0x00, 0x00, 0x00, 0x02, 0x00, 0xA1,
    0x00, 0x00, 0x02, 0xFA, 0x07, 0x25, 0x00, 0x03, 0x00, 0x07, 0x00, 0x00, 0x01, 0x21, 0x05, 0x21,
    0x17, 0x21, 0x11, 0x21, 0x01, 0x87, 0x01, 0x73, 0xFE, 0xE5, 0xFE, 0xC2, 0x08, 0x01, 0x38, 0xFE,
    0xC8, 0x07, 0x25, 0xE9, 0xA2, 0xFA, 0x66, 0x00, 0x00, 0x02, 0xFF, 0xA9, 0x00, 0x00, 0x02, 0xE6,
    0x07, 0x45, 0x00, 0x06, 0x00, 0x0A, 0x00, 0x00, 0x13, 0x33, 0x01, 0x21, 0x27, 0x07, 0x21, 0x05,
    0x21, 0x11, 0x21, 0xC6, 0xF8, 0x01, 0x28, 0xFE, 0xFF, 0xA8, 0x93, 0xFE, 0xFF, 0x01, 0x00, 0x01,
    0x38, 0xFE, 0xC8, 0x07, 0x45, 0xFE, 0xF7, 0x8A, 0x8A, 0xA2, 0xFA, 0x66, 0x00, 0x03, 0xFF, 0xB7,
    0x00, 0x00, 0x02, 0xD3, 0x07, 0x5C, 0x00, 0x0B, 0x00, 0x17, 0x00, 0x1B, 0x00, 0x00, 0x12, 0x26,
    0x35, 0x34, 0x36, 0x33, 0x32, 0x16, 0x15, 0x14, 0x06, 0x23, 0x20, 0x26, 0x35, 0x34, 0x36, 0x33,
    0x32, 0x16, 0x15, 0x14, 0x06, 0x23, 0x05, 0x21, 0x11, 0x21, 0x10, 0x59, 0x59, 0x50, 0x50, 0x58,
    0x58, 0x50, 0x01, 0x7A, 0x58, 0x58, 0x50, 0x50, 0x59, 0x59, 0x50, 0xFE, 0x7F, 0x01, 0x38, 0xFE,
    0xC8, 0x06, 0x2E, 0x4F, 0x48, 0x48, 0x4F, 0x4F, 0x48, 0x48, 0x4F, 0x4F, 0x48, 0x48, 0x4F, 0x4F,
    0x48, 0x48, 0x4F, 0x94, 0xFA, 0x66, 0x00, 0x00, 0x00, 0x02, 0x00, 0x8C, 0x00, 0x00, 0x01, 0xFE,
    0x07, 0x69, 0x00, 0x0F, 0x00, 0x13, 0x00, 0x00, 0x00, 0x26, 0x26, 0x35, 0x34, 0x36, 0x36, 0x33,
    0x32, 0x16, 0x16, 0x15, 0x14, 0x06, 0x06, 0x23, 0x07, 0x21, 0x11, 0x21, 0x01, 0x12, 0x56, 0x30,
    0x31, 0x54, 0x35, 0x35, 0x54, 0x2F, 0x2F, 0x54, 0x35, 0x9D, 0x01, 0x38, 0xFE, 0xC8, 0x06, 0x1F,
    0x2C, 0x4C, 0x2E, 0x30, 0x4A, 0x2A, 0x2A, 0x4B, 0x2F, 0x2F, 0x4C, 0x2B, 0x85, 0xFA, 0x66, 0x00,
    0x00, 0x02, 0xFF, 0xBE, 0x00, 0x00, 0x01, 0xE1, 0x07, 0x1B, 0x00, 0x03, 0x00, 0x07, 0x00, 0x00,
    0x03, 0x21, 0x17, 0x21, 0x17, 0x21, 0x11, 0x21, 0x42, 0x01, 0x5F, 0xBE, 0xFE, 0xC3, 0x0B, 0x01,
    0x38, 0xFE, 0xC8, 0x07, 0x1B, 0xDF, 0xA2, 0xFA, 0x66, 0x00, 0x00, 0x00, 0x00, 0x02, 0xFF, 0xD8,
    0x00, 0x00, 0x02, 0xB2, 0x07, 0x1B, 0x00, 0x03, 0x00, 0x07, 0x00, 0x00, 0x03, 0x21, 0x15, 0x21,
    0x17, 0x21, 0x11, 0x21, 0x28, 0x02, 0xDA, 0xFD, 0x26, 0xD1, 0x01, 0x38, 0xFE, 0xC8, 0x07, 0x1B,
    0xDC, 0xA5, 0xFA, 0x66, 0x00, 0x01, 0x00, 0x50, 0xFE, 0x5D, 0x01, 0xED, 0x05, 0x9A, 0x00, 0x13,
    0x00, 0x00, 0x01, 0x06, 0x23, 0x22, 0x35, 0x34, 0x36, 0x37, 0x23, 0x11, 0x21, 0x11, 0x33, 0x06,
    0x15, 0x14, 0x16, 0x33, 0x32, 0x37, 0x01, 0xED, 0x62, 0x76, 0xC5, 0x52, 0x4F, 0x48, 0x01, 0x38,
    0x06, 0xB3, 0x2D, 0x30, 0x1D, 0x21, 0xFE, 0x70, 0x13, 0xB8, 0x4F, 0x6F, 0x2D, 0x05, 0x9A, 0xFA,
    0x66, 0x54, 0x40, 0x27, 0x25, 0x0C, 0x00, 0x00, 0x00, 0x01, 0x00, 0x31, 0xFE, 0x1E, 0x02, 0xFA,
    0x05, 0x9A, 0x00, 0x0A, 0x00, 0x00, 0x17, 0x3E, 0x02, 0x35, 0x11, 0x21, 0x11, 0x14, 0x04, 0x05,
    0x31, 0x8C, 0xA7, 0x61, 0x01, 0x35, 0xFE, 0x98, 0xFE, 0xC8, 0xC0, 0x0D, 0x31, 0x7C, 0x75, 0x05,
    0x2B, 0xFA, 0x52, 0xEE, 0xD5, 0x0B, 0x00, 0x00, 0x00, 0x01, 0x00, 0xA4, 0x00, 0x00, 0x05, 0x3D,
    0x05, 0xCC, 0x00, 0x0E, 0x00, 0x00, 0x01, 0x07, 0x11, 0x21, 0x11, 0x21, 0x11, 0x36, 0x36, 0x37,
    0x01, 0x05, 0x01, 0x01, 0x21, 0x02, 0x8D, 0xAF, 0xFE, 0xC6, 0x01, 0x3A, 0x0F, 0x26, 0x1C, 0x01,
    0xA1, 0x01, 0x59, 0xFE, 0x36, 0x01, 0xDE, 0xFE, 0x8D, 0x02, 0x8B, 0xD3, 0xFE, 0x48, 0x05, 0x9A,
    0xFD, 0xA8, 0x25, 0x3D, 0x22, 0x02, 0x06, 0x19, 0xFD, 0xD6, 0xFC, 0x77, 0x00, 0x02, 0x00, 0xA4,
    0xFD, 0xCC, 0x05, 0x3D, 0x05, 0xCC, 0x00, 0x0E, 0x00, 0x16, 0x00, 0x00, 0x21, 0x21, 0x01, 0x07,
    0x11, 0x21, 0x11, 0x21, 0x11, 0x36, 0x36, 0x37, 0x01, 0x05, 0x01, 0x00, 0x36, 0x37, 0x21, 0x06,
    0x06, 0x07, 0x27, 0x05, 0x3D, 0xFE, 0x8D, 0xFE, 0xC3, 0xAF, 0xFE, 0xC6, 0x01, 0x3A, 0x0F, 0x26,
    0x1C, 0x01, 0xA1, 0x01, 0x59, 0xFE, 0x36, 0xFE, 0x7E, 0x31, 0x07, 0x01, 0x0E, 0x01, 0x47, 0x44,
    0xE3, 0x02, 0x8B, 0xD3, 0xFE, 0x48, 0x05, 0x9A, 0xFD, 0xA8, 0x25, 0x3D, 0x22, 0x02, 0x06, 0x19,
    0xFD, 0xD6, 0xFB, 0x05, 0xA2, 0x4C, 0x83, 0xE1, 0x4C, 0x78, 0x00, 0x00, 0x00, 0x01, 0x00, 0xA4,
    0x00, 0x00, 0x03, 0xFA, 0x05, 0x9A, 0x00, 0x05, 0x00, 0x00, 0x13, 0x21, 0x11, 0x21, 0x11, 0x21,
    0xA4, 0x01, 0x3A, 0x02, 0x1C, 0xFC, 0xAA, 0x05, 0x9A, 0xFB, 0x8A, 0xFE, 0xDC, 0x00, 0x00, 0x00,
    0x00, 0x02, 0x00, 0xA0, 0x00, 0x00, 0x03, 0xFA, 0x07, 0x25, 0x00, 0x03, 0x00, 0x09, 0x00, 0x00,
    0x01, 0x21, 0x05, 0x21, 0x17, 0x21, 0x11, 0x21, 0x11, 0x21, 0x01, 0x86, 0x01, 0x73, 0xFE, 0xE5,
    0xFE, 0xC2, 0x04, 0x01, 0x3A, 0x02, 0x1C, 0xFC, 0xAA, 0x07, 0x25, 0xE9, 0xA2, 0xFB, 0x8A, 0xFE,
    0xDC, 0x00, 0x00, 0x00, 0xFF, 0xFF, 0x00, 0xA4, 0x00, 0x00, 0x04, 0x90, 0x07, 0xB8, 0x00, 0x22,
    0x00, 0x33, 0x00, 0x00, 0x00, 0x03, 0x01, 0x51, 0x04, 0xC6, 0x01, 0xCC, 0x00, 0x02, 0x00, 0xA4,
    0xFD, 0xCC, 0x03, 0xFA, 0x05, 0x9A, 0x00, 0x05, 0x00, 0x0D, 0x00, 0x00, 0x13, 0x21, 0x11, 0x21,
    0x11, 0x21, 0x13, 0x36, 0x36, 0x37, 0x21, 0x06, 0x06, 0x07, 0xA4, 0x01, 0x3A, 0x02, 0x1C, 0xFC,
    0xAA, 0x83, 0x29, 0x31, 0x07, 0x01, 0x0E, 0x01, 0x47, 0x44, 0x05, 0x9A, 0xFB, 0x8A, 0xFE, 0xDC,
    0xFE, 0x44, 0x4A, 0xA2, 0x4C, 0x83, 0xE1, 0x4C, 0xFF, 0xFF, 0x00, 0xA4, 0x00, 0x00, 0x03, 0xFA,
    0x05, 0x9A, 0x00, 0x22, 0x00, 0x33, 0x00, 0x00, 0x00, 0x03, 0x00, 0xFB, 0x02, 0x23, 0x00, 0xF6,
    0x00, 0x01, 0x00, 0x02, 0x00, 0x00, 0x03, 0xFA, 0x05, 0x9A, 0x00, 0x0D, 0x00, 0x00, 0x01, 0x11,
    0x21, 0x11, 0x07, 0x11, 0x37, 0x11, 0x21, 0x11, 0x25, 0x11, 0x05, 0x11, 0x03, 0xFA, 0xFC, 0xAA,
    0xA2, 0xA2, 0x01, 0x3A, 0x01, 0x24, 0xFE, 0xDC, 0x01, 0x24, 0xFE, 0xDC, 0x01, 0xCF, 0x52, 0x01,
    0x08, 0x52, 0x02, 0xC3, 0xFD, 0xDC, 0x94, 0xFE, 0xFA, 0x95, 0xFE, 0xB5, 0x00, 0x01, 0x00, 0xA5,
    0x00, 0x00, 0x07, 0x07, 0x05, 0x9A, 0x00, 0x1A, 0x00, 0x00, 0x13, 0x21, 0x13, 0x13, 0x33, 0x13,
    0x01, 0x21, 0x11, 0x21, 0x11, 0x34, 0x37, 0x23, 0x06, 0x06, 0x07, 0x01, 0x21, 0x01, 0x26, 0x27,
    0x23, 0x16, 0x11, 0x11, 0x21, 0xA5, 0x01, 0xEC, 0xFD, 0x45, 0x06, 0x42, 0x01, 0x0A, 0x01, 0xE2,
    0xFE, 0xD1, 0x01, 0x04, 0x09, 0x0D, 0x0C, 0xFE, 0x9B, 0xFE, 0xF7, 0xFE, 0x94, 0x0C, 0x11, 0x04,
    0x05, 0xFE, 0xE8, 0x05, 0x9A, 0xFC, 0xFB, 0xFE, 0xFC, 0x01, 0x06, 0x03, 0x03, 0xFA, 0x66, 0x03,
    0x41, 0xD9, 0x7B, 0x34, 0x3F, 0x22, 0xFC, 0x00, 0x03, 0xFF, 0x21, 0x6C, 0x35, 0xFE, 0xE9, 0xFC,
    0xC0, 0x00, 0x00, 0x00, 0x00, 0x01, 0x00, 0xA4, 0x00, 0x00, 0x05, 0xAE, 0x05, 0x9B, 0x00, 0x17,
    0x00, 0x00, 0x13, 0x21, 0x01, 0x16, 0x16, 0x17, 0x33, 0x26, 0x26, 0x35, 0x11, 0x21, 0x13, 0x21,
    0x01, 0x26, 0x26, 0x27, 0x23, 0x16, 0x16, 0x15, 0x11, 0x21, 0xA4, 0x01, 0x65, 0x02, 0x48, 0x0C,
    0x27, 0x0A, 0x04, 0x05, 0x06, 0x01, 0x26, 0x01, 0xFE, 0xA8, 0xFD, 0xA7, 0x0B, 0x1F, 0x0A, 0x06,
    0x04, 0x04, 0xFE, 0xD9, 0x05, 0x9B, 0xFC, 0x9F, 0x12, 0x4D, 0x15, 0x25, 0x86, 0x3B, 0x02, 0xEE,
    0xFA, 0x66, 0x03, 0x7F, 0x10, 0x44, 0x1A, 0x15, 0x87, 0x3E, 0xFC, 0xED, 0x00, 0x02, 0x00, 0xA4,
    0x00, 0x00, 0x05, 0xAE, 0x07, 0x25, 0x00, 0x03, 0x00, 0x1B, 0x00, 0x00, 0x01, 0x21, 0x05, 0x21,
    0x05, 0x21, 0x01, 0x16, 0x16, 0x17, 0x33, 0x26, 0x26, 0x35, 0x11, 0x21, 0x13, 0x21, 0x01, 0x26,
    0x26, 0x27, 0x23, 0x16, 0x16, 0x15, 0x11, 0x21, 0x03, 0x6B, 0x01, 0x73, 0xFE, 0xE5, 0xFE, 0xC2,
    0xFE, 0x1F, 0x01, 0x65, 0x02, 0x48, 0x0C, 0x27, 0x0A, 0x04, 0x05, 0x06, 0x01, 0x26, 0x01, 0xFE,
    0xA8, 0xFD, 0xA7, 0x0B, 0x1F, 0x0A, 0x06, 0x04, 0x04, 0xFE, 0xD9, 0x07, 0x25, 0xE9, 0xA1, 0xFC,
    0x9F, 0x12, 0x4D, 0x15, 0x25, 0x86, 0x3B, 0x02, 0xEE, 0xFA, 0x66, 0x03, 0x7F, 0x10, 0x44, 0x1A,
    0x15, 0x87, 0x3E, 0xFC, 0xED, 0x00, 0x00, 0x00, 0x00, 0x02, 0x00, 0xA4, 0x00, 0x00, 0x05, 0xAE,
    0x07, 0x27, 0x00, 0x06, 0x00, 0x1E, 0x00, 0x00, 0x01, 0x21, 0x17, 0x37, 0x21, 0x05, 0x23, 0x05,
    0x21, 0x01, 0x16, 0x16, 0x17, 0x33, 0x26, 0x26, 0x35, 0x11, 0x21, 0x13, 0x21, 0x01, 0x26, 0x26,
    0x27, 0x23, 0x16, 0x16, 0x15, 0x11, 0x21, 0x01, 0x84, 0x01, 0x09, 0x9B, 0x9C, 0x00, 0xFF, 0xFE,
    0xE0, 0xF8, 0xFD, 0xF9, 0x01, 0x65, 0x02, 0x48, 0x0C, 0x27, 0x0A, 0x04, 0x05, 0x06, 0x01, 0x26,
    0x01, 0xFE, 0xA8, 0xFD, 0xA7, 0x0B, 0x1F, 0x0A, 0x06, 0x04, 0x04, 0xFE, 0xD9, 0x07, 0x27, 0x62,
    0x62, 0xEB, 0xA1, 0xFC, 0x9F, 0x12, 0x4D, 0x15, 0x25, 0x86, 0x3B, 0x02, 0xEE, 0xFA, 0x66, 0x03,
    0x7F, 0x10, 0x44, 0x1A, 0x15, 0x87, 0x3E, 0xFC, 0xED, 0x00, 0x00, 0x00, 0x00, 0x02, 0x00, 0xA4,
    0xFD, 0xCC, 0x05, 0xAE, 0x05, 0x9B, 0x00, 0x17, 0x00, 0x1F, 0x00, 0x00, 0x13, 0x21, 0x01, 0x16,
    0x16, 0x17, 0x33, 0x26, 0x26, 0x35, 0x11, 0x21, 0x13, 0x21, 0x01, 0x26, 0x26, 0x27, 0x23, 0x16,
    0x16, 0x15, 0x11, 0x21, 0x01, 0x36, 0x36, 0x37, 0x21, 0x06, 0x06, 0x07, 0xA4, 0x01, 0x65, 0x02,
    0x48, 0x0C, 0x27, 0x0A, 0x04, 0x05, 0x06, 0x01, 0x26, 0x01, 0xFE, 0xA8, 0xFD, 0xA7, 0x0B, 0x1F,
    0x0A, 0x06, 0x04, 0x04, 0xFE, 0xD9, 0x01, 0xA0, 0x29, 0x31, 0x07, 0x01, 0x0E, 0x01, 0x47, 0x44,
    0x05, 0x9B, 0xFC, 0x9F, 0x12, 0x4D, 0x15, 0x25, 0x86, 0x3B, 0x02, 0xEE, 0xFA, 0x66, 0x03, 0x7F,
    0x10, 0x44, 0x1A, 0x15, 0x87, 0x3E, 0xFC, 0xED, 0xFE, 0x44, 0x4A, 0xA2, 0x4C, 0x83, 0xE1, 0x4C,
    0x00, 0x01, 0x00, 0xA4, 0xFE, 0x1E, 0x05, 0xAE, 0x05, 0x9B, 0x00, 0x1F, 0x00, 0x00, 0x21, 0x14,
    0x04, 0x07, 0x03, 0x3E, 0x02, 0x37, 0x01, 0x26, 0x26, 0x27, 0x23, 0x16, 0x16, 0x15, 0x11, 0x21,
    0x11, 0x21, 0x01, 0x16, 0x16, 0x17, 0x33, 0x26, 0x26, 0x35, 0x11, 0x21, 0x13, 0x05, 0xAE, 0xFE,
    0xE1, 0xF6, 0x33, 0x5E, 0x6E, 0x36, 0x07, 0xFD, 0x98, 0x0B, 0x1E, 0x0B, 0x06, 0x04, 0x04, 0xFE,
    0xCF, 0x01, 0x65, 0x02, 0x3E, 0x0C, 0x27, 0x0A, 0x04, 0x05, 0x06, 0x01, 0x30, 0x01, 0xF3, 0xE4,
    0x0B, 0x01, 0x22, 0x0A, 0x2E, 0x4F, 0x3F, 0x03, 0x65, 0x10, 0x42, 0x1C, 0x15, 0x87, 0x3E, 0xFD,
    0x01, 0x05, 0x9B, 0xFC, 0xDB, 0x12, 0x4D, 0x15, 0x25, 0x86, 0x3B, 0x02, 0xB2, 0xFA, 0xE2, 0x00,
    0x00, 0x02, 0x00, 0xA4, 0x00, 0x00, 0x05, 0xAE, 0x07, 0x61, 0x00, 0x18, 0x00, 0x30, 0x00, 0x00,
    0x00, 0x26, 0x27, 0x2E, 0x02, 0x23, 0x22, 0x15, 0x23, 0x34, 0x36, 0x33, 0x32, 0x16, 0x17, 0x16,
    0x16, 0x33, 0x32, 0x35, 0x33, 0x14, 0x06, 0x23, 0x05, 0x21, 0x01, 0x16, 0x16, 0x17, 0x33, 0x26,
    0x26, 0x35, 0x11, 0x21, 0x13, 0x21, 0x01, 0x26, 0x26, 0x27, 0x23, 0x16, 0x16, 0x15, 0x11, 0x21,
    0x03, 0xAC, 0x47, 0x33, 0x06, 0x30, 0x21, 0x0B, 0x50, 0xB5, 0x6E, 0x63, 0x23, 0x47, 0x30, 0x2C,
    0x2F, 0x17, 0x44, 0xAE, 0x6E, 0x61, 0xFC, 0xD9, 0x01, 0x65, 0x02, 0x48, 0x0C, 0x27, 0x0A, 0x04,
    0x05, 0x06, 0x01, 0x26, 0x01, 0xFE, 0xA8, 0xFD, 0xA7, 0x0B, 0x1F, 0x0A, 0x06, 0x04, 0x04, 0xFE,
    0xD9, 0x06, 0x3A, 0x1C, 0x19, 0x03, 0x17, 0x0B, 0x58, 0x8B, 0x9A, 0x1B, 0x19, 0x16, 0x13, 0x5B,
    0x8B, 0x9A, 0x9F, 0xFC, 0x9F, 0x12, 0x4D, 0x15, 0x25, 0x86, 0x3B, 0x02, 0xEE, 0xFA, 0x66, 0x03,
    0x7F, 0x10, 0x44, 0x1A, 0x15, 0x87, 0x3E, 0xFC, 0xED, 0x00, 0x00, 0x00, 0x00, 0x02, 0x00, 0x4A,
    0xFF, 0xE7, 0x05, 0xC8, 0x05, 0xB1, 0x00, 0x0F, 0x00, 0x1F, 0x00, 0x00, 0x04, 0x24, 0x02, 0x35,
    0x34, 0x12, 0x24, 0x33, 0x32, 0x04, 0x12, 0x07, 0x14, 0x02, 0x04, 0x23, 0x12, 0x36, 0x36, 0x35,
    0x34, 0x26, 0x26, 0x23, 0x22, 0x06, 0x06, 0x15, 0x14, 0x16, 0x16, 0x33, 0x02, 0x34, 0xFE, 0xC3,
    0xAD, 0xAD, 0x01, 0x3D, 0xD0, 0xD4, 0x01, 0x42, 0xAE, 0x01, 0xB0, 0xFE, 0xC0, 0xD3, 0x70, 0xA8,
    0x5C, 0x5B, 0xA8, 0x6F, 0x6C, 0xA5, 0x5B, 0x5B, 0xA5, 0x6C, 0x19, 0xB7, 0x01, 0x4E, 0xDC, 0xDE,
    0x01, 0x52, 0xB9, 0xB9, 0xFE, 0xAE, 0xDE, 0xDC, 0xFE, 0xB2, 0xB7, 0x01, 0x0E, 0x73, 0xD2, 0x8B,
    0x8E, 0xD8, 0x77, 0x76, 0xD6, 0x8E, 0x8C, 0xD3, 0x74, 0x00, 0x00, 0x00, 0x00, 0x03, 0x00, 0x4A,
    0xFF, 0xE7, 0x05, 0xC8, 0x07, 0x25, 0x00, 0x03, 0x00, 0x13, 0x00, 0x23, 0x00, 0x00, 0x01, 0x21,
    0x05, 0x21, 0x02, 0x24, 0x02, 0x35, 0x34, 0x12, 0x24, 0x33, 0x32, 0x04, 0x12, 0x07, 0x14, 0x02,
    0x04, 0x23, 0x12, 0x36, 0x36, 0x35, 0x34, 0x26, 0x26, 0x23, 0x22, 0x06, 0x06, 0x15, 0x14, 0x16,
    0x16, 0x33, 0x03, 0x4D, 0x01, 0x73, 0xFE, 0xE5, 0xFE, 0xC2, 0x33, 0xFE, 0xC3, 0xAD, 0xAD, 0x01,
    0x3D, 0xD0, 0xD4, 0x01, 0x42, 0xAE, 0x01, 0xB0, 0xFE, 0xC0, 0xD3, 0x70, 0xA8, 0x5C, 0x5B, 0xA8,
    0x6F, 0x6C, 0xA5, 0x5B, 0x5B, 0xA5, 0x6C, 0x07, 0x25, 0xE9, 0xF9, 0xAB, 0xB7, 0x01, 0x4E, 0xDC,
    0xDE, 0x01, 0x52, 0xB9, 0xB9, 0xFE, 0xAE, 0xDE, 0xDC, 0xFE, 0xB2, 0xB7, 0x01, 0x0E, 0x73, 0xD2,
    0x8B, 0x8E, 0xD8, 0x77, 0x76, 0xD6, 0x8E, 0x8C, 0xD3, 0x74, 0x00, 0x00, 0x00, 0x03, 0x00, 0x4A,
    0xFF, 0xE7, 0x05, 0xC8, 0x07, 0x45, 0x00, 0x06, 0x00, 0x16, 0x00, 0x26, 0x00, 0x00, 0x01, 0x33,
    0x01, 0x21, 0x27, 0x07, 0x21, 0x12, 0x24, 0x02, 0x35, 0x34, 0x12, 0x24, 0x33, 0x32, 0x04, 0x12,
    0x07, 0x14, 0x02, 0x04, 0x23, 0x12, 0x36, 0x36, 0x35, 0x34, 0x26, 0x26, 0x23, 0x22, 0x06, 0x06,
    0x15, 0x14, 0x16, 0x16, 0x33, 0x02, 0x8C, 0xF8, 0x01, 0x28, 0xFE, 0xFF, 0xA8, 0x93, 0xFE, 0xFF,
    0xC5, 0xFE, 0xC3, 0xAD, 0xAD, 0x01, 0x3D, 0xD0, 0xD4, 0x01, 0x42, 0xAE, 0x01, 0xB0, 0xFE, 0xC0,
    0xD3, 0x70, 0xA8, 0x5C, 0x5B, 0xA8, 0x6F, 0x6C, 0xA5, 0x5B, 0x5B, 0xA5, 0x6C, 0x07, 0x45, 0xFE,
    0xF7, 0x8A, 0x8A, 0xF9, 0xAB, 0xB7, 0x01, 0x4E, 0xDC, 0xDE, 0x01, 0x52, 0xB9, 0xB9, 0xFE, 0xAE,
    0xDE, 0xDC, 0xFE, 0xB2, 0xB7, 0x01, 0x0E, 0x73, 0xD2, 0x8B, 0x8E, 0xD8, 0x77, 0x76, 0xD6, 0x8E,
    0x8C, 0xD3, 0x74, 0x00, 0x00, 0x04, 0x00, 0x4A, 0xFF, 0xE7, 0x05, 0xC8, 0x07, 0x5C, 0x00, 0x0B,
    0x00, 0x17, 0x00, 0x27, 0x00, 0x37, 0x00, 0x00, 0x00, 0x26, 0x35, 0x34, 0x36, 0x33, 0x32, 0x16,
    0x15, 0x14, 0x06, 0x23, 0x20, 0x26, 0x35, 0x34, 0x36, 0x33, 0x32, 0x16, 0x15, 0x14, 0x06, 0x23,
    0x00, 0x24, 0x02, 0x35, 0x34, 0x12, 0x24, 0x33, 0x32, 0x04, 0x12, 0x07, 0x14, 0x02, 0x04, 0x23,
    0x12, 0x36, 0x36, 0x35, 0x34, 0x26, 0x26, 0x23, 0x22, 0x06, 0x06, 0x15, 0x14, 0x16, 0x16, 0x33,
    0x01, 0xD6, 0x59, 0x59, 0x50, 0x50, 0x58, 0x58, 0x50, 0x01, 0x7A, 0x58, 0x58, 0x50, 0x50, 0x59,
    0x59, 0x50, 0xFE, 0x44, 0xFE, 0xC3, 0xAD, 0xAD, 0x01, 0x3D, 0xD0, 0xD4, 0x01, 0x42, 0xAE, 0x01,
    0xB0, 0xFE, 0xC0, 0xD3, 0x70, 0xA8, 0x5C, 0x5B, 0xA8, 0x6F, 0x6C, 0xA5, 0x5B, 0x5B, 0xA5, 0x6C,
    0x06, 0x2E, 0x4F, 0x48, 0x48, 0x4F, 0x4F, 0x48, 0x48, 0x4F, 0x4F, 0x48, 0x48, 0x4F, 0x4F, 0x48,
    0x48, 0x4F, 0xF9, 0xB9, 0xB7, 0x01, 0x4E, 0xDC, 0xDE, 0x01, 0x52, 0xB9, 0xB9, 0xFE, 0xAE, 0xDE,
    0xDC, 0xFE, 0xB2, 0xB7, 0x01, 0x0E, 0x73, 0xD2, 0x8B, 0x8E, 0xD8, 0x77, 0x76, 0xD6, 0x8E, 0x8C,
    0xD3, 0x74, 0x00, 0x00, 0x00, 0x03, 0x00, 0x4A, 0xFF, 0xE7, 0x05, 0xC8, 0x07, 0x1B, 0x00, 0x03,
    0x00, 0x13, 0x00, 0x23, 0x00, 0x00, 0x01, 0x21, 0x17, 0x21, 0x02, 0x24, 0x02, 0x35, 0x34, 0x12,
    0x24, 0x33, 0x32, 0x04, 0x12, 0x07, 0x14, 0x02, 0x04, 0x23, 0x12, 0x36, 0x36, 0x35, 0x34, 0x26,
    0x26, 0x23, 0x22, 0x06, 0x06, 0x15, 0x14, 0x16, 0x16, 0x33, 0x01, 0x84, 0x01, 0x5F, 0xBE, 0xFE,
    0xC3, 0x30, 0xFE, 0xC3, 0xAD, 0xAD, 0x01, 0x3D, 0xD0, 0xD4, 0x01, 0x42, 0xAE, 0x01, 0xB0, 0xFE,
    0xC0, 0xD3, 0x70, 0xA8, 0x5C, 0x5B, 0xA8, 0x6F, 0x6C, 0xA5, 0x5B, 0x5B, 0xA5, 0x6C, 0x07, 0x1B,
    0xDF, 0xF9, 0xAB, 0xB7, 0x01, 0x4E, 0xDC, 0xDE, 0x01, 0x52, 0xB9, 0xB9, 0xFE, 0xAE, 0xDE, 0xDC,
    0xFE, 0xB2, 0xB7, 0x01, 0x0E, 0x73, 0xD2, 0x8B, 0x8E, 0xD8, 0x77, 0x76, 0xD6, 0x8E, 0x8C, 0xD3,
    0x74, 0x00, 0x00, 0x00, 0x00, 0x04, 0x00, 0x4A, 0xFF, 0xE7, 0x05, 0xC8, 0x07, 0x0D, 0x00, 0x03,
    0x00, 0x07, 0x00, 0x17, 0x00, 0x27, 0x00, 0x00, 0x01, 0x21, 0x07, 0x23, 0x25, 0x21, 0x07, 0x23,
    0x00, 0x24, 0x02, 0x35, 0x34, 0x12, 0x24, 0x33, 0x32, 0x04, 0x12, 0x07, 0x14, 0x02, 0x04, 0x23,
    0x12, 0x36, 0x36, 0x35, 0x34, 0x26, 0x26, 0x23, 0x22, 0x06, 0x06, 0x15, 0x14, 0x16, 0x16, 0x33,
    0x02, 0x72, 0x01, 0x16, 0xDA, 0xF1, 0x02, 0x42, 0x01, 0x17, 0xDE, 0xF0, 0xFE, 0xEC, 0xFE, 0xC3,
    0xAD, 0xAD, 0x01, 0x3D, 0xD0, 0xD4, 0x01, 0x42, 0xAE, 0x01, 0xB0, 0xFE, 0xC0, 0xD3, 0x70, 0xA8,
    0x5C, 0x5B, 0xA8, 0x6F, 0x6C, 0xA5, 0x5B, 0x5B, 0xA5, 0x6C, 0x07, 0x0D, 0xD1, 0xD1, 0xD1, 0xF9,
    0xAB, 0xB7, 0x01, 0x4E, 0xDC, 0xDE, 0x01, 0x52, 0xB9, 0xB9, 0xFE, 0xAE, 0xDE, 0xDC, 0xFE, 0xB2,
    0xB7, 0x01, 0x0E, 0x73, 0xD2, 0x8B, 0x8E, 0xD8, 0x77, 0x76, 0xD6, 0x8E, 0x8C, 0xD3, 0x74, 0x00,
    0x00, 0x03, 0x00, 0x4A, 0xFF, 0xE7, 0x05, 0xC8, 0x07, 0x1B, 0x00, 0x03, 0x00, 0x13, 0x00, 0x23,
    0x00, 0x00, 0x01, 0x21, 0x15, 0x21, 0x12, 0x24, 0x02, 0x35, 0x34, 0x12, 0x24, 0x33, 0x32, 0x04,
    0x12, 0x07, 0x14, 0x02, 0x04, 0x23, 0x12, 0x36, 0x36, 0x35, 0x34, 0x26, 0x26, 0x23, 0x22, 0x06,
    0x06, 0x15, 0x14, 0x16, 0x16, 0x33, 0x01, 0x9E, 0x02, 0xDA, 0xFD, 0x26, 0x96, 0xFE, 0xC3, 0xAD,
    0xAD, 0x01, 0x3D, 0xD0, 0xD4, 0x01, 0x42, 0xAE, 0x01, 0xB0, 0xFE, 0xC0, 0xD3, 0x70, 0xA8, 0x5C,
    0x5B, 0xA8, 0x6F, 0x6C, 0xA5, 0x5B, 0x5B, 0xA5, 0x6C, 0x07, 0x1B, 0xDC, 0xF9, 0xA8, 0xB7, 0x01,
    0x4E, 0xDC, 0xDE, 0x01, 0x52, 0xB9, 0xB9, 0xFE, 0xAE, 0xDE, 0xDC, 0xFE, 0xB2, 0xB7, 0x01, 0x0E,
    0x73, 0xD2, 0x8B, 0x8E, 0xD8, 0x77, 0x76, 0xD6, 0x8E, 0x8C, 0xD3, 0x74, 0x00, 0x03, 0x00, 0x4A,
    0xFF, 0xC3, 0x05, 0xC8, 0x05, 0xD1, 0x00, 0x19, 0x00, 0x22, 0x00, 0x2C, 0x00, 0x00, 0x00, 0x12,
    0x07, 0x14, 0x02, 0x04, 0x23, 0x22, 0x26, 0x27, 0x07, 0x27, 0x37, 0x26, 0x26, 0x35, 0x34, 0x12,
    0x24, 0x33, 0x32, 0x16, 0x17, 0x37, 0x17, 0x07, 0x00, 0x17, 0x01, 0x26, 0x23, 0x22, 0x06, 0x06,
    0x15, 0x00, 0x36, 0x36, 0x35, 0x34, 0x27, 0x01, 0x16, 0x16, 0x33, 0x05, 0x72, 0x56, 0x01, 0xB0,
    0xFE, 0xC0, 0xD3, 0x7C, 0xD7, 0x56, 0x8E, 0x7D, 0x96, 0x4C, 0x50, 0xAD, 0x01, 0x3D, 0xD0, 0x7A,
    0xD3, 0x56, 0x84, 0x7D, 0x89, 0xFC, 0x7B, 0x2A, 0x02, 0x1F, 0x5D, 0x80, 0x6C, 0xA5, 0x5B, 0x01,
    0xDA, 0xA8, 0x5C, 0x33, 0xFD, 0xDC, 0x2E, 0x74, 0x43, 0x04, 0x69, 0xFE, 0xFB, 0x9C, 0xDC, 0xFE,
    0xB2, 0xB7, 0x42, 0x40, 0xA6, 0x68, 0xAE, 0x60, 0xFB, 0x94, 0xDE, 0x01, 0x52, 0xB9, 0x3E, 0x3B,
    0x99, 0x67, 0x9F, 0xFD, 0x7A, 0x6A, 0x02, 0x78, 0x4F, 0x76, 0xD6, 0x8E, 0xFE, 0x2D, 0x73, 0xD2,
    0x8B, 0x96, 0x72, 0xFD, 0x81, 0x2B, 0x2E, 0x00, 0x00, 0x03, 0x00, 0x4A, 0xFF, 0xE7, 0x05, 0xC8,
    0x07, 0x61, 0x00, 0x18, 0x00, 0x28, 0x00, 0x38, 0x00, 0x00, 0x00, 0x26, 0x27, 0x2E, 0x02, 0x23,
    0x22, 0x15, 0x23, 0x34, 0x36, 0x33, 0x32, 0x16, 0x17, 0x16, 0x16, 0x33, 0x32, 0x35, 0x33, 0x14,
    0x06, 0x23, 0x00, 0x24, 0x02, 0x35, 0x34, 0x12, 0x24, 0x33, 0x32, 0x04, 0x12, 0x07, 0x14, 0x02,
    0x04, 0x23, 0x12, 0x36, 0x36, 0x35, 0x34, 0x26, 0x26, 0x23, 0x22, 0x06, 0x06, 0x15, 0x14, 0x16,
    0x16, 0x33, 0x03, 0x8E, 0x47, 0x33, 0x06, 0x30, 0x21, 0x0B, 0x50, 0xB5, 0x6E, 0x63, 0x23, 0x47,
    0x30, 0x2C, 0x2F, 0x17, 0x44, 0xAE, 0x6E, 0x61, 0xFE, 0x87, 0xFE, 0xC3, 0xAD, 0xAD, 0x01, 0x3D,
    0xD0, 0xD4, 0x01, 0x42, 0xAE, 0x01, 0xB0, 0xFE, 0xC0, 0xD3, 0x70, 0xA8, 0x5C, 0x5B, 0xA8, 0x6F,
    0x6C, 0xA5, 0x5B, 0x5B, 0xA5, 0x6C, 0x06, 0x3A, 0x1C, 0x19, 0x03, 0x17, 0x0B, 0x58, 0x8B, 0x9A,
    0x1B, 0x19, 0x16, 0x13, 0x5B, 0x8B, 0x9A, 0xF9, 0xAD, 0xB7, 0x01, 0x4E, 0xDC, 0xDE, 0x01, 0x52,
    0xB9, 0xB9, 0xFE, 0xAE, 0xDE, 0xDC, 0xFE, 0xB2, 0xB7, 0x01, 0x0E, 0x73, 0xD2, 0x8B, 0x8E, 0xD8,
    0x77, 0x76, 0xD6, 0x8E, 0x8C, 0xD3, 0x74, 0x00, 0x00, 0x02, 0x00, 0x48, 0xFF, 0xE7, 0x07, 0x3B,
    0x05, 0xB1, 0x00, 0x1A, 0x00, 0x27, 0x00, 0x00, 0x25, 0x15, 0x21, 0x22, 0x07, 0x06, 0x23, 0x22,
    0x24, 0x02, 0x35, 0x34, 0x12, 0x24, 0x33, 0x32, 0x17, 0x16, 0x33, 0x21, 0x15, 0x21, 0x11, 0x21,
    0x11, 0x21, 0x11, 0x00, 0x16, 0x16, 0x33, 0x32, 0x37, 0x11, 0x26, 0x23, 0x22, 0x06, 0x06, 0x15,
    0x07, 0x3B, 0xFC, 0xFA, 0x2C, 0x5C, 0x78, 0x47, 0xCA, 0xFE, 0xCC, 0xA8, 0xB7, 0x01, 0x4F, 0xDC,
    0x3E, 0x57, 0x54, 0x22, 0x02, 0xE6, 0xFD, 0xFE, 0x01, 0xC4, 0xFE, 0x3C, 0xFC, 0x89, 0x53, 0x97,
    0x64, 0x91, 0x5E, 0x49, 0x6A, 0x75, 0xB3, 0x62, 0xFC, 0xFC, 0x0B, 0x0E, 0xB7, 0x01, 0x4E, 0xDC,
    0xDE, 0x01, 0x52, 0xB9, 0x0D, 0x0A, 0xFD, 0xFE, 0xB8, 0xFF, 0x00, 0xFE, 0xA7, 0x01, 0x43, 0xCF,
    0x71, 0x0F, 0x03, 0x72, 0x18, 0x73, 0xD2, 0x8B, 0x00, 0x02, 0x00, 0xA4, 0x00, 0x00, 0x04, 0xBC,
    0x05, 0x9A, 0x00, 0x0C, 0x00, 0x14, 0x00, 0x00, 0x13, 0x21, 0x32, 0x16, 0x16, 0x15, 0x14, 0x06,
    0x06, 0x23, 0x23, 0x11, 0x21, 0x01, 0x32, 0x36, 0x35, 0x34, 0x23, 0x07, 0x11, 0xA4, 0x02, 0x25,
    0x9A, 0xE0, 0x79, 0x87, 0xEF, 0x9A, 0xCF, 0xFE, 0xC7, 0x01, 0xFC, 0x62, 0x6E, 0xBA, 0xDA, 0x05,
    0x9A, 0x6D, 0xD5, 0x99, 0x8E, 0xD2, 0x71, 0xFE, 0x12, 0x02, 0xE3, 0x6B, 0x69, 0xEC, 0x01, 0xFE,
    0x41, 0x00, 0x00, 0x00, 0x00, 0x02, 0x00, 0xA4, 0x00, 0x00, 0x04, 0xBC, 0x05, 0x9A, 0x00, 0x10,
    0x00, 0x18, 0x00, 0x00, 0x00, 0x16, 0x16, 0x15, 0x14, 0x06, 0x06, 0x23, 0x23, 0x11, 0x21, 0x11,
    0x33, 0x35, 0x21, 0x15, 0x33, 0x12, 0x36, 0x35, 0x34, 0x23, 0x07, 0x11, 0x33, 0x03, 0x63, 0xE0,
    0x79, 0x89, 0xF4, 0x9D, 0xC5, 0xFE, 0xC7, 0x01, 0x01, 0x37, 0xED, 0x33, 0x74, 0xC4, 0xD0, 0xBA,
    0x04, 0xBD, 0x6D, 0xD5, 0x99, 0x8E, 0xD2, 0x71, 0xFE, 0xEF, 0x04, 0xBD, 0xDD, 0xDD, 0xFD, 0x49,
    0x6B, 0x69, 0xEC, 0x01, 0xFE, 0x41, 0x00, 0x00, 0x00, 0x02, 0x00, 0x4A, 0xFE, 0x8D, 0x06, 0x01,
    0x05, 0xB1, 0x00, 0x17, 0x00, 0x27, 0x00, 0x00, 0x24, 0x16, 0x17, 0x07, 0x26, 0x26, 0x27, 0x06,
    0x23, 0x22, 0x24, 0x02, 0x35, 0x34, 0x12, 0x24, 0x33, 0x32, 0x04, 0x12, 0x15, 0x14, 0x02, 0x07,
    0x00, 0x16, 0x16, 0x33, 0x32, 0x36, 0x36, 0x35, 0x34, 0x26, 0x26, 0x23, 0x22, 0x06, 0x06, 0x15,
    0x04, 0xF7, 0xA7, 0x63, 0x8D, 0x88, 0xEA, 0x4F, 0x53, 0x5C, 0xD0, 0xFE, 0xC3, 0xAD, 0xAD, 0x01,
    0x3D, 0xD0, 0xD3, 0x01, 0x41, 0xAF, 0x8A, 0x80, 0xFC, 0xDD, 0x5B, 0xA5, 0x6C, 0x6E, 0xA8, 0x5C,
    0x5B, 0xA8, 0x6F, 0x6C, 0xA5, 0x5B, 0x1F, 0x7A, 0x20, 0xF8, 0x26, 0xBE, 0x88, 0x12, 0xB7, 0x01,
    0x4E, 0xDC, 0xDE, 0x01, 0x52, 0xB9, 0xB7, 0xFE, 0xB1, 0xDC, 0xC6, 0xFE, 0xCA, 0x62, 0x01, 0xCB,
    0xD3, 0x74, 0x73, 0xD2, 0x8B, 0x8E, 0xD8, 0x77, 0x76, 0xD6, 0x8E, 0x00, 0x00, 0x02, 0x00, 0xA4,
    0x00, 0x00, 0x05, 0x57, 0x05, 0x9A, 0x00, 0x0E, 0x00, 0x17, 0x00, 0x00, 0x21, 0x01, 0x23, 0x11,
    0x21, 0x11, 0x21, 0x32, 0x16, 0x16, 0x15, 0x14, 0x06, 0x07, 0x01, 0x01, 0x32, 0x36, 0x35, 0x34,
    0x26, 0x07, 0x07, 0x11, 0x03, 0xE8, 0xFE, 0x79, 0x82, 0xFE, 0xC5, 0x02, 0x32, 0x8D, 0xD5, 0x76,
    0x8B, 0x78, 0x01, 0xAC, 0xFD, 0x04, 0x80, 0x8C, 0x81, 0x75, 0x93, 0x02, 0x64, 0xFD, 0x9C, 0x05,
    0x9A, 0x61, 0xBD, 0x87, 0x7B, 0xB8, 0x31, 0xFD, 0x6F, 0x03, 0x0F, 0x6D, 0x63, 0x68, 0x6E, 0x03,
    0x01, 0xFE, 0x5E, 0x00, 0x00, 0x03, 0x00, 0xA4, 0x00, 0x00, 0x05, 0x57, 0x07, 0x1B, 0x00, 0x03,
    0x00, 0x12, 0x00, 0x1B, 0x00, 0x00, 0x01, 0x21, 0x37, 0x21, 0x03, 0x01, 0x23, 0x11, 0x21, 0x11,
    0x21, 0x32, 0x16, 0x16, 0x15, 0x14, 0x06, 0x07, 0x01, 0x01, 0x32, 0x36, 0x35, 0x34, 0x26, 0x07,
    0x07, 0x11, 0x03, 0x19, 0xFE, 0xC2, 0xE6, 0x01, 0x73, 0x4C, 0xFE, 0x79, 0x82, 0xFE, 0xC5, 0x02,
    0x32, 0x8D, 0xD5, 0x76, 0x8B, 0x78, 0x01, 0xAC, 0xFD, 0x04, 0x80, 0x8C, 0x81, 0x75, 0x93, 0x06,
    0x32, 0xE9, 0xF8, 0xE5, 0x02, 0x64, 0xFD, 0x9C, 0x05, 0x9A, 0x61, 0xBD, 0x87, 0x7B, 0xB8, 0x31,
    0xFD, 0x6F, 0x03, 0x0F, 0x6D, 0x63, 0x68, 0x6E, 0x03, 0x01, 0xFE, 0x5E, 0x00, 0x03, 0x00, 0xA4,
    0x00, 0x00, 0x05, 0x57, 0x07, 0x1D, 0x00, 0x06, 0x00, 0x15, 0x00, 0x1E, 0x00, 0x00, 0x01, 0x25,
    0x21, 0x17, 0x37, 0x21, 0x05, 0x13, 0x01, 0x23, 0x11, 0x21, 0x11, 0x21, 0x32, 0x16, 0x16, 0x15,
    0x14, 0x06, 0x07, 0x01, 0x01, 0x32, 0x36, 0x35, 0x34, 0x26, 0x07, 0x07, 0x11, 0x02, 0x01, 0xFE,
    0xD9, 0x01, 0x09, 0x9B, 0x9C, 0x00, 0xFF, 0xFE, 0xE0, 0xEF, 0xFE, 0x79, 0x82, 0xFE, 0xC5, 0x02,
    0x32, 0x8D, 0xD5, 0x76, 0x8B, 0x78, 0x01, 0xAC, 0xFD, 0x04, 0x80, 0x8C, 0x81, 0x75, 0x93, 0x06,
    0x32, 0xEB, 0x62, 0x62, 0xEB, 0xF9, 0xCE, 0x02, 0x64, 0xFD, 0x9C, 0x05, 0x9A, 0x61, 0xBD, 0x87,
    0x7B, 0xB8, 0x31, 0xFD, 0x6F, 0x03, 0x0F, 0x6D, 0x63, 0x68, 0x6E, 0x03, 0x01, 0xFE, 0x5E, 0x00,
    0x00, 0x03, 0x00, 0xA4, 0xFD, 0xCC, 0x05, 0x57, 0x05, 0x9A, 0x00, 0x0E, 0x00, 0x17, 0x00, 0x1F,
    0x00, 0x00, 0x21, 0x21, 0x01, 0x23, 0x11, 0x21, 0x11, 0x21, 0x32, 0x16, 0x16, 0x15, 0x14, 0x06,
    0x07, 0x25, 0x32, 0x36, 0x35, 0x34, 0x26, 0x07, 0x07, 0x11, 0x12, 0x36, 0x37, 0x21, 0x06, 0x06,
    0x07, 0x27, 0x05, 0x57, 0xFE, 0x91, 0xFE, 0x79, 0x82, 0xFE, 0xC5, 0x02, 0x32, 0x8D, 0xD5, 0x76,
    0x8B, 0x78, 0xFE, 0xB0, 0x80, 0x8C, 0x81, 0x75, 0x93, 0x03, 0x31, 0x07, 0x01, 0x0E, 0x01, 0x47,
    0x44, 0xE3, 0x02, 0x64, 0xFD, 0x9C, 0x05, 0x9A, 0x61, 0xBD, 0x87, 0x7B, 0xB8, 0x31, 0x7E, 0x6D,
    0x63, 0x68, 0x6E, 0x03, 0x01, 0xFE, 0x5E, 0xFB, 0x7F, 0xA2, 0x4C, 0x83, 0xE1, 0x4C, 0x78, 0x00,
    0x00, 0x01, 0x00, 0x50, 0xFF, 0xEB, 0x04, 0x38, 0x05, 0xB1, 0x00, 0x2C, 0x00, 0x00, 0x04, 0x26,
    0x27, 0x13, 0x16, 0x16, 0x33, 0x32, 0x36, 0x35, 0x34, 0x26, 0x26, 0x27, 0x2E, 0x02, 0x35, 0x34,
    0x36, 0x36, 0x33, 0x32, 0x16, 0x17, 0x03, 0x27, 0x26, 0x26, 0x23, 0x22, 0x06, 0x15, 0x14, 0x16,
    0x16, 0x17, 0x1E, 0x02, 0x15, 0x14, 0x06, 0x06, 0x23, 0x01, 0xB2, 0xD7, 0x8B, 0x69, 0x78, 0x9E,
    0x58, 0x78, 0x6E, 0x3B, 0x5A, 0x54, 0x86, 0xAD, 0x7D, 0x96, 0xF2, 0x8D, 0x69, 0xB8, 0x5A, 0x5F,
    0x19, 0x3E, 0x6C, 0x4C, 0x53, 0x7B, 0x34, 0x50, 0x4B, 0x7E, 0xA8, 0x7B, 0x7C, 0xEC, 0xA6, 0x15,
    0x37, 0x40, 0x01, 0x17, 0x3B, 0x2C, 0x53, 0x45, 0x25, 0x36, 0x27, 0x1F, 0x30, 0x59, 0xA2, 0x7C,
    0x97, 0xC9, 0x5F, 0x28, 0x25, 0xFE, 0xF5, 0x09, 0x18, 0x1A, 0x45, 0x4A, 0x22, 0x32, 0x25, 0x1C,
    0x2E, 0x5C, 0xAC, 0x86, 0x8C, 0xCE, 0x6F, 0x00, 0x00, 0x02, 0x00, 0x50, 0xFF, 0xEB, 0x04, 0x38,
    0x07, 0x25, 0x00, 0x03, 0x00, 0x30, 0x00, 0x00, 0x01, 0x21, 0x05, 0x21, 0x12, 0x26, 0x27, 0x13,
    0x16, 0x16, 0x33, 0x32, 0x36, 0x35, 0x34, 0x26, 0x26, 0x27, 0x2E, 0x02, 0x35, 0x34, 0x36, 0x36,
    0x33, 0x32, 0x16, 0x17, 0x03, 0x27, 0x26, 0x26, 0x23, 0x22, 0x06, 0x15, 0x14, 0x16, 0x16, 0x17,
    0x1E, 0x02, 0x15, 0x14, 0x06, 0x06, 0x23, 0x02, 0x85, 0x01, 0x73, 0xFE, 0xE5, 0xFE, 0xC2, 0x13,
    0xD7, 0x8B, 0x69, 0x78, 0x9E, 0x58, 0x78, 0x6E, 0x3B, 0x5A, 0x54, 0x86, 0xAD, 0x7D, 0x96, 0xF2,
    0x8D, 0x69, 0xB8, 0x5A, 0x5F, 0x19, 0x3E, 0x6C, 0x4C, 0x53, 0x7B, 0x34, 0x50, 0x4B, 0x7E, 0xA8,
    0x7B, 0x7C, 0xEC, 0xA6, 0x07, 0x25, 0xE9, 0xF9, 0xAF, 0x37, 0x40, 0x01, 0x17, 0x3B, 0x2C, 0x53,
    0x45, 0x25, 0x36, 0x27, 0x1F, 0x30, 0x59, 0xA2, 0x7C, 0x97, 0xC9, 0x5F, 0x28, 0x25, 0xFE, 0xF5,
    0x09, 0x18, 0x1A, 0x45, 0x4A, 0x22, 0x32, 0x25, 0x1C, 0x2E, 0x5C, 0xAC, 0x86, 0x8C, 0xCE, 0x6F,
    0x00, 0x02, 0x00, 0x50, 0xFF, 0xEB, 0x04, 0x38, 0x07, 0x27, 0x00, 0x06, 0x00, 0x33, 0x00, 0x00,
    0x13, 0x21, 0x17, 0x37, 0x21, 0x05, 0x23, 0x02, 0x26, 0x27, 0x13, 0x16, 0x16, 0x33, 0x32, 0x36,
    0x35, 0x34, 0x26, 0x26, 0x27, 0x2E, 0x02, 0x35, 0x34, 0x36, 0x36, 0x33, 0x32, 0x16, 0x17, 0x03,
    0x27, 0x26, 0x26, 0x23, 0x22, 0x06, 0x15, 0x14, 0x16, 0x16, 0x17, 0x1E, 0x02, 0x15, 0x14, 0x06,
    0x06, 0x23, 0x9E, 0x01, 0x09, 0x9B, 0x9C, 0x00, 0xFF, 0xFE, 0xE0, 0xF8, 0x13, 0xD7, 0x8B, 0x69,
    0x78, 0x9E, 0x58, 0x78, 0x6E, 0x3B, 0x5A, 0x54, 0x86, 0xAD, 0x7D, 0x96, 0xF2, 0x8D, 0x69, 0xB8,
    0x5A, 0x5F, 0x19, 0x3E, 0x6C, 0x4C, 0x53, 0x7B, 0x34, 0x50, 0x4B, 0x7E, 0xA8, 0x7B, 0x7C, 0xEC,
    0xA6, 0x07, 0x27, 0x62, 0x62, 0xEB, 0xF9, 0xAF, 0x37, 0x40, 0x01, 0x17, 0x3B, 0x2C, 0x53, 0x45,
    0x25, 0x36, 0x27, 0x1F, 0x30, 0x59, 0xA2, 0x7C, 0x97, 0xC9, 0x5F, 0x28, 0x25, 0xFE, 0xF5, 0x09,
    0x18, 0x1A, 0x45, 0x4A, 0x22, 0x32, 0x25, 0x1C, 0x2E, 0x5C, 0xAC, 0x86, 0x8C, 0xCE, 0x6F, 0x00,
    0x00, 0x01, 0x00, 0x50, 0xFE, 0x39, 0x04, 0x38, 0x05, 0xB1, 0x00, 0x3D, 0x00, 0x00, 0x00, 0x16,
    0x16, 0x17, 0x1E, 0x02, 0x15, 0x14, 0x06, 0x06, 0x07, 0x15, 0x16, 0x15, 0x14, 0x21, 0x22, 0x27,
    0x35, 0x16, 0x33, 0x32, 0x36, 0x35, 0x34, 0x23, 0x07, 0x35, 0x26, 0x26, 0x27, 0x13, 0x16, 0x16,
    0x33, 0x32, 0x36, 0x35, 0x34, 0x26, 0x26, 0x27, 0x2E, 0x02, 0x35, 0x34, 0x36, 0x36, 0x33, 0x32,
    0x16, 0x17, 0x03, 0x27, 0x26, 0x26, 0x23, 0x22, 0x06, 0x15, 0x01, 0xC8, 0x34, 0x50, 0x4B, 0x7E,
    0xA8, 0x7B, 0x65, 0xC2, 0x89, 0xF0, 0xFE, 0x9A, 0x33, 0x25, 0x23, 0x25, 0x32, 0x35, 0x5B, 0x15,
    0x67, 0xC5, 0x7D, 0x69, 0x78, 0x9E, 0x58, 0x78, 0x6E, 0x3B, 0x5A, 0x54, 0x86, 0xAD, 0x7D, 0x96,
    0xF2, 0x8D, 0x69, 0xB8, 0x5A, 0x5F, 0x19, 0x3E, 0x6C, 0x4C, 0x53, 0x7B, 0x03, 0xE3, 0x32, 0x25,
    0x1C, 0x2E, 0x5C, 0xAC, 0x86, 0x7E, 0xC2, 0x76, 0x0E, 0x2E, 0x09, 0xB1, 0xCF, 0x04, 0xB2, 0x06,
    0x1E, 0x17, 0x42, 0x02, 0x8E, 0x05, 0x38, 0x39, 0x01, 0x17, 0x3B, 0x2C, 0x53, 0x45, 0x25, 0x36,
    0x27, 0x1F, 0x30, 0x59, 0xA2, 0x7C, 0x97, 0xC9, 0x5F, 0x28, 0x25, 0xFE, 0xF5, 0x09, 0x18, 0x1A,
    0x45, 0x4A, 0x00, 0x00, 0x00, 0x02, 0x00, 0x50, 0xFD, 0xCC, 0x04, 0x38, 0x05, 0xB1, 0x00, 0x2C,
    0x00, 0x34, 0x00, 0x00, 0x04, 0x26, 0x27, 0x13, 0x16, 0x16, 0x33, 0x32, 0x36, 0x35, 0x34, 0x26,
    0x26, 0x27, 0x2E, 0x02, 0x35, 0x34, 0x36, 0x36, 0x33, 0x32, 0x16, 0x17, 0x03, 0x27, 0x26, 0x26,
    0x23, 0x22, 0x06, 0x15, 0x14, 0x16, 0x16, 0x17, 0x1E, 0x02, 0x15, 0x14, 0x06, 0x06, 0x23, 0x03,
    0x36, 0x36, 0x37, 0x21, 0x06, 0x06, 0x07, 0x01, 0xB2, 0xD7, 0x8B, 0x69, 0x78, 0x9E, 0x58, 0x78,
    0x6E, 0x3B, 0x5A, 0x54, 0x86, 0xAD, 0x7D, 0x96, 0xF2, 0x8D, 0x69, 0xB8, 0x5A, 0x5F, 0x19, 0x3E,
    0x6C, 0x4C, 0x53, 0x7B, 0x34, 0x50, 0x4B, 0x7E, 0xA8, 0x7B, 0x7C, 0xEC, 0xA6, 0xD1, 0x29, 0x31,
    0x07, 0x01, 0x0E, 0x01, 0x47, 0x44, 0x15, 0x37, 0x40, 0x01, 0x17, 0x3B, 0x2C, 0x53, 0x45, 0x25,
    0x36, 0x27, 0x1F, 0x30, 0x59, 0xA2, 0x7C, 0x97, 0xC9, 0x5F, 0x28, 0x25, 0xFE, 0xF5, 0x09, 0x18,
    0x1A, 0x45, 0x4A, 0x22, 0x32, 0x25, 0x1C, 0x2E, 0x5C, 0xAC, 0x86, 0x8C, 0xCE, 0x6F, 0xFE, 0x59,
    0x4A, 0xA2, 0x4C, 0x83, 0xE1, 0x4C, 0x00, 0x00, 0x00, 0x01, 0x00, 0x1F, 0x00, 0x00, 0x04, 0x93,
    0x05, 0x9A, 0x00, 0x07, 0x00, 0x00, 0x01, 0x21, 0x11, 0x21, 0x11, 0x21, 0x11, 0x21, 0x01, 0xBC,
    0xFE, 0x63, 0x04, 0x74, 0xFE, 0x62, 0xFE, 0xC7, 0x04, 0x98, 0x01, 0x02, 0xFE, 0xFE, 0xFB, 0x68,
    0x00, 0x01, 0x00, 0x1F, 0x00, 0x00, 0x04, 0x93, 0x05, 0x9A, 0x00, 0x0F, 0x00, 0x00, 0x01, 0x11,
    0x33, 0x15, 0x23, 0x11, 0x21, 0x11, 0x23, 0x35, 0x33, 0x11, 0x21, 0x11, 0x21, 0x11, 0x02, 0xF5,
    0xC2, 0xC2, 0xFE, 0xC7, 0xC9, 0xC9, 0xFE, 0x63, 0x04, 0x74, 0x04, 0x98, 0xFE, 0xBC, 0xE8, 0xFD,
    0x94, 0x02, 0x6C, 0xE8, 0x01, 0x44, 0x01, 0x02, 0xFE, 0xFE, 0x00, 0x00, 0x00, 0x02, 0x00, 0x1F,
    0x00, 0x00, 0x04, 0x93, 0x07, 0x27, 0x00, 0x06, 0x00, 0x0E, 0x00, 0x00, 0x13, 0x21, 0x17, 0x37,
    0x21, 0x05, 0x23, 0x03, 0x21, 0x11, 0x21, 0x11, 0x21, 0x11, 0x21, 0xB3, 0x01, 0x09, 0x9B, 0x9C,
    0x00, 0xFF, 0xFE, 0xE0, 0xF8, 0x1E, 0xFE, 0x63, 0x04, 0x74, 0xFE, 0x62, 0xFE, 0xC7, 0x07, 0x27,
    0x62, 0x62, 0xEB, 0xFE, 0x5C, 0x01, 0x02, 0xFE, 0xFE, 0xFB, 0x68, 0x00, 0x00, 0x01, 0x00, 0x1F,
    0xFE, 0x39, 0x04, 0x93, 0x05, 0x9A, 0x00, 0x19, 0x00, 0x00, 0x21, 0x15, 0x16, 0x15, 0x14, 0x21,
    0x22, 0x27, 0x35, 0x16, 0x33, 0x32, 0x36, 0x35, 0x34, 0x23, 0x07, 0x35, 0x23, 0x11, 0x21, 0x11,
    0x21, 0x11, 0x21, 0x11, 0x02, 0xA5, 0xF0, 0xFE, 0x9A, 0x33, 0x25, 0x23, 0x25, 0x32, 0x35, 0x5B,
    0x15, 0x5A, 0xFE, 0x63, 0x04, 0x74, 0xFE, 0x62, 0x3E, 0x09, 0xB1, 0xCF, 0x04, 0xB2, 0x06, 0x1E,
    0x17, 0x42, 0x02, 0xA2, 0x04, 0x98, 0x01, 0x02, 0xFE, 0xFE, 0xFB, 0x68, 0x00, 0x02, 0x00, 0x1F,
    0xFD, 0xCC, 0x04, 0x93, 0x05, 0x9A, 0x00, 0x07, 0x00, 0x0F, 0x00, 0x00, 0x01, 0x21, 0x11, 0x21,
    0x11, 0x21, 0x11, 0x21, 0x03, 0x36, 0x36, 0x37, 0x21, 0x06, 0x06, 0x07, 0x01, 0xBC, 0xFE, 0x63,
    0x04, 0x74, 0xFE, 0x62, 0xFE, 0xC7, 0x46, 0x29, 0x31, 0x07, 0x01, 0x0E, 0x01, 0x47, 0x44, 0x04,
    0x98, 0x01, 0x02, 0xFE, 0xFE, 0xFB, 0x68, 0xFE, 0x44, 0x4A, 0xA2, 0x4C, 0x83, 0xE1, 0x4C, 0x00,
    0x00, 0x01, 0x00, 0x93, 0xFF, 0xE8, 0x05, 0x35, 0x05, 0x9A, 0x00, 0x0E, 0x00, 0x00, 0x04, 0x00,
    0x11, 0x11, 0x21, 0x11, 0x10, 0x21, 0x20, 0x11, 0x11, 0x21, 0x11, 0x10, 0x21, 0x01, 0xB2, 0xFE,
    0xE1, 0x01, 0x3A, 0x01, 0x20, 0x01, 0x0F, 0x01, 0x39, 0xFD, 0xA7, 0x18, 0x01, 0x2A, 0x01, 0x1B,
    0x03, 0x6D, 0xFC, 0xA8, 0xFE, 0xBE, 0x01, 0x33, 0x03, 0x67, 0xFC, 0xAA, 0xFD, 0xA4, 0x00, 0x00,
    0x00, 0x02, 0x00, 0x93, 0xFF, 0xE8, 0x05, 0x35, 0x07, 0x25, 0x00, 0x03, 0x00, 0x12, 0x00, 0x00,
    0x01, 0x21, 0x05, 0x21, 0x02, 0x00, 0x11, 0x11, 0x21, 0x11, 0x10, 0x21, 0x20, 0x11, 0x11, 0x21,
    0x11, 0x10, 0x21, 0x03, 0x27, 0x01, 0x73, 0xFE, 0xE5, 0xFE, 0xC2, 0x8F, 0xFE, 0xE1, 0x01, 0x3A,
    0x01, 0x20, 0x01, 0x0F, 0x01, 0x39, 0xFD, 0xA7, 0x07, 0x25, 0xE9, 0xF9, 0xAC, 0x01, 0x2A, 0x01,
    0x1B, 0x03, 0x6D, 0xFC, 0xA8, 0xFE, 0xBE, 0x01, 0x33, 0x03, 0x67, 0xFC, 0xAA, 0xFD, 0xA4, 0x00,
    0x00, 0x02, 0x00, 0x93, 0xFF, 0xE8, 0x05, 0x35, 0x07, 0x45, 0x00, 0x06, 0x00, 0x15, 0x00, 0x00,
    0x01, 0x33, 0x01, 0x21, 0x27, 0x07, 0x21, 0x12, 0x00, 0x11, 0x11, 0x21, 0x11, 0x10, 0x21, 0x20,
    0x11, 0x11, 0x21, 0x11, 0x10, 0x21, 0x02, 0x66, 0xF8, 0x01, 0x28, 0xFE, 0xFF, 0xA8, 0x93, 0xFE,
    0xFF, 0x69, 0xFE, 0xE1, 0x01, 0x3A, 0x01, 0x20, 0x01, 0x0F, 0x01, 0x39, 0xFD, 0xA7, 0x07, 0x45,
    0xFE, 0xF7, 0x8A, 0x8A, 0xF9, 0xAC, 0x01, 0x2A, 0x01, 0x1B, 0x03, 0x6D, 0xFC, 0xA8, 0xFE, 0xBE,
    0x01, 0x33, 0x03, 0x67, 0xFC, 0xAA, 0xFD, 0xA4, 0x00, 0x03, 0x00, 0x93, 0xFF, 0xE8, 0x05, 0x35,
    0x07, 0x5C, 0x00, 0x0B, 0x00, 0x17, 0x00, 0x26, 0x00, 0x00, 0x00, 0x26, 0x35, 0x34, 0x36, 0x33,
    0x32, 0x16, 0x15, 0x14, 0x06, 0x23, 0x20, 0x26, 0x35, 0x34, 0x36, 0x33, 0x32, 0x16, 0x15, 0x14,
    0x06, 0x23, 0x00, 0x00, 0x11, 0x11, 0x21, 0x11, 0x10, 0x21, 0x20, 0x11, 0x11, 0x21, 0x11, 0x10,
    0x21, 0x01, 0xB0, 0x59, 0x59, 0x50, 0x50, 0x58, 0x58, 0x50, 0x01, 0x7A, 0x58, 0x58, 0x50, 0x50,
    0x59, 0x59, 0x50, 0xFD, 0xE8, 0xFE, 0xE1, 0x01, 0x3A, 0x01, 0x20, 0x01, 0x0F, 0x01, 0x39, 0xFD,
    0xA7, 0x06, 0x2E, 0x4F, 0x48, 0x48, 0x4F, 0x4F, 0x48, 0x48, 0x4F, 0x4F, 0x48, 0x48, 0x4F, 0x4F,
    0x48, 0x48, 0x4F, 0xF9, 0xBA, 0x01, 0x2A, 0x01, 0x1B, 0x03, 0x6D, 0xFC, 0xA8, 0xFE, 0xBE, 0x01,
    0x33, 0x03, 0x67, 0xFC, 0xAA, 0xFD, 0xA4, 0x00, 0x00, 0x02, 0x00, 0x93, 0xFF, 0xE8, 0x05, 0x35,
    0x07, 0x1B, 0x00, 0x03, 0x00, 0x12, 0x00, 0x00, 0x01, 0x21, 0x17, 0x21, 0x02, 0x00, 0x11, 0x11,
    0x21, 0x11, 0x10, 0x21, 0x20, 0x11, 0x11, 0x21, 0x11, 0x10, 0x21, 0x01, 0x5E, 0x01, 0x5F, 0xBE,
    0xFE, 0xC3, 0x8C, 0xFE, 0xE1, 0x01, 0x3A, 0x01, 0x20, 0x01, 0x0F, 0x01, 0x39, 0xFD, 0xA7, 0x07,
    0x1B, 0xDF, 0xF9, 0xAC, 0x01, 0x2A, 0x01, 0x1B, 0x03, 0x6D, 0xFC, 0xA8, 0xFE, 0xBE, 0x01, 0x33,
    0x03, 0x67, 0xFC, 0xAA, 0xFD, 0xA4, 0x00, 0x00, 0x00, 0x03, 0x00, 0x93, 0xFF, 0xE8, 0x05, 0x35,
    0x07, 0x0D, 0x00, 0x03, 0x00, 0x07, 0x00, 0x16, 0x00, 0x00, 0x01, 0x21, 0x07, 0x23, 0x25, 0x21,
    0x07, 0x23, 0x00, 0x00, 0x11, 0x11, 0x21, 0x11, 0x10, 0x21, 0x20, 0x11, 0x11, 0x21, 0x11, 0x10,
    0x21, 0x02, 0x4C, 0x01, 0x16, 0xDA, 0xF1, 0x02, 0x42, 0x01, 0x17, 0xDE, 0xF0, 0xFE, 0x90, 0xFE,
    0xE1, 0x01, 0x3A, 0x01, 0x20, 0x01, 0x0F, 0x01, 0x39, 0xFD, 0xA7, 0x07, 0x0D, 0xD1, 0xD1, 0xD1,
    0xF9, 0xAC, 0x01, 0x2A, 0x01, 0x1B, 0x03, 0x6D, 0xFC, 0xA8, 0xFE, 0xBE, 0x01, 0x33, 0x03, 0x67,
    0xFC, 0xAA, 0xFD, 0xA4, 0x00, 0x02, 0x00, 0x93, 0xFF, 0xE8, 0x05, 0x35, 0x07, 0x1B, 0x00, 0x03,
    0x00, 0x12, 0x00, 0x00, 0x01, 0x21, 0x15, 0x21, 0x12, 0x00, 0x11, 0x11, 0x21, 0x11, 0x10, 0x21,
    0x20, 0x11, 0x11, 0x21, 0x11, 0x10, 0x21, 0x01, 0x78, 0x02, 0xDA, 0xFD, 0x26, 0x3A, 0xFE, 0xE1,
    0x01, 0x3A, 0x01, 0x20, 0x01, 0x0F, 0x01, 0x39, 0xFD, 0xA7, 0x07, 0x1B, 0xDC, 0xF9, 0xA9, 0x01,
    0x2A, 0x01, 0x1B, 0x03, 0x6D, 0xFC, 0xA8, 0xFE, 0xBE, 0x01, 0x33, 0x03, 0x67, 0xFC, 0xAA, 0xFD,
    0xA4, 0x00, 0x00, 0x00, 0x00, 0x01, 0x00, 0x93, 0xFE, 0x5D, 0x05, 0x35, 0x05, 0x9A, 0x00, 0x1D,
    0x00, 0x00, 0x01, 0x11, 0x10, 0x05, 0x06, 0x15, 0x14, 0x16, 0x33, 0x32, 0x37, 0x17, 0x06, 0x23,
    0x22, 0x35, 0x34, 0x36, 0x37, 0x26, 0x02, 0x11, 0x11, 0x21, 0x11, 0x10, 0x21, 0x20, 0x11, 0x11,
    0x05, 0x35, 0xFE, 0x50, 0x9E, 0x2D, 0x30, 0x1D, 0x21, 0x1E, 0x62, 0x76, 0xC5, 0x41, 0x3F, 0xFC,
    0xF4, 0x01, 0x3A, 0x01, 0x20, 0x01, 0x0F, 0x05, 0x9A, 0xFC, 0xAA, 0xFD, 0xFF, 0x4D, 0x4E, 0x3C,
    0x27, 0x25, 0x0C, 0xBC, 0x13, 0xB8, 0x46, 0x67, 0x2A, 0x15, 0x01, 0x27, 0x01, 0x05, 0x03, 0x6D,
    0xFC, 0xA8, 0xFE, 0xBE, 0x01, 0x33, 0x03, 0x67, 0x00, 0x03, 0x00, 0x93, 0xFF, 0xE8, 0x05, 0x35,
    0x07, 0xDD, 0x00, 0x0F, 0x00, 0x1B, 0x00, 0x2A, 0x00, 0x00, 0x00, 0x26, 0x26, 0x35, 0x34, 0x36,
    0x36, 0x33, 0x32, 0x16, 0x16, 0x15, 0x14, 0x06, 0x06, 0x23, 0x36, 0x36, 0x35, 0x34, 0x26, 0x23,
    0x22, 0x06, 0x15, 0x14, 0x16, 0x33, 0x00, 0x00, 0x11, 0x11, 0x21, 0x11, 0x10, 0x21, 0x20, 0x11,
    0x11, 0x21, 0x11, 0x10, 0x21, 0x02, 0x9E, 0x6C, 0x3D, 0x3F, 0x6D, 0x44, 0x43, 0x6D, 0x3F, 0x40,
    0x6F, 0x45, 0x27, 0x2C, 0x2C, 0x21, 0x23, 0x2F, 0x2F, 0x23, 0xFE, 0xCC, 0xFE, 0xE1, 0x01, 0x3A,
    0x01, 0x20, 0x01, 0x0F, 0x01, 0x39, 0xFD, 0xA7, 0x06, 0x29, 0x38, 0x62, 0x3D, 0x3E, 0x65, 0x3A,
    0x38, 0x62, 0x3D, 0x3E, 0x65, 0x3A, 0x91, 0x2A, 0x20, 0x20, 0x2A, 0x2A, 0x20, 0x20, 0x2A, 0xF9,
    0x2E, 0x01, 0x2A, 0x01, 0x1B, 0x03, 0x6D, 0xFC, 0xA8, 0xFE, 0xBE, 0x01, 0x33, 0x03, 0x67, 0xFC,
    0xAA, 0xFD, 0xA4, 0x00, 0x00, 0x01, 0x00, 0x0A, 0xFF, 0xFF, 0x05, 0x50, 0x05, 0x9A, 0x00, 0x0C,
    0x00, 0x00, 0x13, 0x21, 0x01, 0x16, 0x17, 0x33, 0x36, 0x36, 0x37, 0x01, 0x05, 0x01, 0x21, 0x0A,
    0x01, 0x54, 0x01, 0x2D, 0x19, 0x05, 0x04, 0x04, 0x13, 0x0B, 0x01, 0x38, 0x01, 0x49, 0xFE, 0x0F,
    0xFE, 0x96, 0x05, 0x99, 0xFC, 0x0F, 0x53, 0x2C, 0x1C, 0x45, 0x21, 0x03, 0xEF, 0x01, 0xFA, 0x66,
    0x00, 0x01, 0x00, 0x12, 0x00, 0x00, 0x07, 0xF8, 0x05, 0x9A, 0x00, 0x1E, 0x00, 0x00, 0x13, 0x21,
    0x13, 0x16, 0x17, 0x33, 0x36, 0x36, 0x37, 0x01, 0x21, 0x13, 0x16, 0x17, 0x33, 0x36, 0x37, 0x37,
    0x13, 0x21, 0x01, 0x21, 0x03, 0x26, 0x26, 0x27, 0x23, 0x06, 0x07, 0x01, 0x21, 0x12, 0x01, 0x57,
    0xCE, 0x16, 0x02, 0x05, 0x03, 0x13, 0x0A, 0x01, 0x0D, 0x01, 0x47, 0xF2, 0x11, 0x07, 0x04, 0x01,
    0x12, 0x08, 0xCB, 0x01, 0x3C, 0xFE, 0x85, 0xFE, 0xA5, 0xF4, 0x08, 0x0E, 0x01, 0x04, 0x06, 0x14,
    0xFE, 0xFD, 0xFE, 0x95, 0x05, 0x9A, 0xFC, 0x45, 0x61, 0x2F, 0x18, 0x54, 0x24, 0x03, 0xBB, 0xFC,
    0x3D, 0x47, 0x3F, 0x1D, 0x47, 0x26, 0x03, 0xBF, 0xFA, 0x66, 0x03, 0xAF, 0x21, 0x52, 0x1F, 0x47,
    0x49, 0xFC, 0x4F, 0x00, 0x00, 0x02, 0x00, 0x12, 0x00, 0x00, 0x07, 0xF8, 0x07, 0x25, 0x00, 0x03,
    0x00, 0x22, 0x00, 0x00, 0x01, 0x21, 0x05, 0x21, 0x05, 0x21, 0x13, 0x16, 0x17, 0x33, 0x36, 0x36,
    0x37, 0x01, 0x21, 0x13, 0x16, 0x17, 0x33, 0x36, 0x37, 0x37, 0x13, 0x21, 0x01, 0x21, 0x03, 0x26,
    0x26, 0x27, 0x23, 0x06, 0x07, 0x01, 0x21, 0x04, 0x5B, 0x01, 0x73, 0xFE, 0xE5, 0xFE, 0xC2, 0xFC,
    0x9D, 0x01, 0x57, 0xCE, 0x16, 0x02, 0x05, 0x03, 0x13, 0x0A, 0x01, 0x0D, 0x01, 0x47, 0xF2, 0x11,
    0x07, 0x04, 0x01, 0x12, 0x08, 0xCB, 0x01, 0x3C, 0xFE, 0x85, 0xFE, 0xA5, 0xF4, 0x08, 0x0E, 0x01,
    0x04, 0x06, 0x14, 0xFE, 0xFD, 0xFE, 0x95, 0x07, 0x25, 0xE9, 0xA2, 0xFC, 0x45, 0x61, 0x2F, 0x18,
    0x54, 0x24, 0x03, 0xBB, 0xFC, 0x3D, 0x47, 0x3F, 0x1D, 0x47, 0x26, 0x03, 0xBF, 0xFA, 0x66, 0x03,
    0xAF, 0x21, 0x52, 0x1F, 0x47, 0x49, 0xFC, 0x4F, 0x00, 0x02, 0x00, 0x12, 0x00, 0x00, 0x07, 0xF8,
    0x07, 0x45, 0x00, 0x06, 0x00, 0x25, 0x00, 0x00, 0x01, 0x33, 0x01, 0x21, 0x27, 0x07, 0x21, 0x05,
    0x21, 0x13, 0x16, 0x17, 0x33, 0x36, 0x36, 0x37, 0x01, 0x21, 0x13, 0x16, 0x17, 0x33, 0x36, 0x37,
    0x37, 0x13, 0x21, 0x01, 0x21, 0x03, 0x26, 0x26, 0x27, 0x23, 0x06, 0x07, 0x01, 0x21, 0x03, 0x9A,
    0xF8, 0x01, 0x28, 0xFE, 0xFF, 0xA8, 0x93, 0xFE, 0xFF, 0xFD, 0x95, 0x01, 0x57, 0xCE, 0x16, 0x02,
    0x05, 0x03, 0x13, 0x0A, 0x01, 0x0D, 0x01, 0x47, 0xF2, 0x11, 0x07, 0x04, 0x01, 0x12, 0x08, 0xCB,
    0x01, 0x3C, 0xFE, 0x85, 0xFE, 0xA5, 0xF4, 0x08, 0x0E, 0x01, 0x04, 0x06, 0x14, 0xFE, 0xFD, 0xFE,
    0x95, 0x07, 0x45, 0xFE, 0xF7, 0x8A, 0x8A, 0xA2, 0xFC, 0x45, 0x61, 0x2F, 0x18, 0x54, 0x24, 0x03,
    0xBB, 0xFC, 0x3D, 0x47, 0x3F, 0x1D, 0x47, 0x26, 0x03, 0xBF, 0xFA, 0x66, 0x03, 0xAF, 0x21, 0x52,
    0x1F, 0x47, 0x49, 0xFC, 0x4F, 0x00, 0x00, 0x00, 0x00, 0x03, 0x00, 0x12, 0x00, 0x00, 0x07, 0xF8,
    0x07, 0x5C, 0x00, 0x0B, 0x00, 0x17, 0x00, 0x36, 0x00, 0x00, 0x00, 0x26, 0x35, 0x34, 0x36, 0x33,
    0x32, 0x16, 0x15, 0x14, 0x06, 0x23, 0x20, 0x26, 0x35, 0x34, 0x36, 0x33, 0x32, 0x16, 0x15, 0x14,
    0x06, 0x23, 0x05, 0x21, 0x13, 0x16, 0x17, 0x33, 0x36, 0x36, 0x37, 0x01, 0x21, 0x13, 0x16, 0x17,
    0x33, 0x36, 0x37, 0x37, 0x13, 0x21, 0x01, 0x21, 0x03, 0x26, 0x26, 0x27, 0x23, 0x06, 0x07, 0x01,
    0x21, 0x02, 0xE4, 0x59, 0x59, 0x50, 0x50, 0x58, 0x58, 0x50, 0x01, 0x7A, 0x58, 0x58, 0x50, 0x50,
    0x59, 0x59, 0x50, 0xFB, 0x14, 0x01, 0x57, 0xCE, 0x16, 0x02, 0x05, 0x03, 0x13, 0x0A, 0x01, 0x0D,
    0x01, 0x47, 0xF2, 0x11, 0x07, 0x04, 0x01, 0x12, 0x08, 0xCB, 0x01, 0x3C, 0xFE, 0x85, 0xFE, 0xA5,
    0xF4, 0x08, 0x0E, 0x01, 0x04, 0x06, 0x14, 0xFE, 0xFD, 0xFE, 0x95, 0x06, 0x2E, 0x4F, 0x48, 0x48,
    0x4F, 0x4F, 0x48, 0x48, 0x4F, 0x4F, 0x48, 0x48, 0x4F, 0x4F, 0x48, 0x48, 0x4F, 0x94, 0xFC, 0x45,
    0x61, 0x2F, 0x18, 0x54, 0x24, 0x03, 0xBB, 0xFC, 0x3D, 0x47, 0x3F, 0x1D, 0x47, 0x26, 0x03, 0xBF,
    0xFA, 0x66, 0x03, 0xAF, 0x21, 0x52, 0x1F, 0x47, 0x49, 0xFC, 0x4F, 0x00, 0x00, 0x02, 0x00, 0x12,
    0x00, 0x00, 0x07, 0xF8, 0x07, 0x1B, 0x00, 0x03, 0x00, 0x22, 0x00, 0x00, 0x01, 0x21, 0x17, 0x21,
    0x05, 0x21, 0x13, 0x16, 0x17, 0x33, 0x36, 0x36, 0x37, 0x01, 0x21, 0x13, 0x16, 0x17, 0x33, 0x36,
    0x37, 0x37, 0x13, 0x21, 0x01, 0x21, 0x03, 0x26, 0x26, 0x27, 0x23, 0x06, 0x07, 0x01, 0x21, 0x02,
    0x92, 0x01, 0x5F, 0xBE, 0xFE, 0xC3, 0xFC, 0xA0, 0x01, 0x57, 0xCE, 0x16, 0x02, 0x05, 0x03, 0x13,
    0x0A, 0x01, 0x0D, 0x01, 0x47, 0xF2, 0x11, 0x07, 0x04, 0x01, 0x12, 0x08, 0xCB, 0x01, 0x3C, 0xFE,
    0x85, 0xFE, 0xA5, 0xF4, 0x08, 0x0E, 0x01, 0x04, 0x06, 0x14, 0xFE, 0xFD, 0xFE, 0x95, 0x07, 0x1B,
    0xDF, 0xA2, 0xFC, 0x45, 0x61, 0x2F, 0x18, 0x54, 0x24, 0x03, 0xBB, 0xFC, 0x3D, 0x47, 0x3F, 0x1D,
    0x47, 0x26, 0x03, 0xBF, 0xFA, 0x66, 0x03, 0xAF, 0x21, 0x52, 0x1F, 0x47, 0x49, 0xFC, 0x4F, 0x00,
    0x00, 0x01, 0x00, 0x06, 0x00, 0x00, 0x05, 0x39, 0x05, 0x9B, 0x00, 0x17, 0x00, 0x00, 0x01, 0x01,
    0x05, 0x13, 0x17, 0x16, 0x17, 0x33, 0x36, 0x37, 0x36, 0x37, 0x13, 0x21, 0x01, 0x01, 0x21, 0x03,
    0x26, 0x27, 0x23, 0x07, 0x01, 0x21, 0x01, 0xD1, 0xFE, 0x51, 0x01, 0x80, 0xCD, 0x11, 0x1C, 0x05,
    0x04, 0x08, 0x10, 0x12, 0x0E, 0xE4, 0x01, 0x60, 0xFE, 0x5D, 0x01, 0xBB, 0xFE, 0x8A, 0xF8, 0x1C,
    0x06, 0x04, 0x23, 0xFE, 0xFC, 0xFE, 0x88, 0x02, 0xD3, 0x02, 0xC8, 0x01, 0xFE, 0x4E, 0x22, 0x39,
    0x0B, 0x0F, 0x22, 0x27, 0x1A, 0x01, 0xA6, 0xFD, 0x39, 0xFD, 0x2D, 0x01, 0xE2, 0x37, 0x11, 0x47,
    0xFE, 0x1D, 0x00, 0x00, 0x00, 0x01, 0x00, 0x00, 0x00, 0x00, 0x04, 0xDD, 0x05, 0x9A, 0x00, 0x0E,
    0x00, 0x00, 0x01, 0x01, 0x21, 0x13, 0x16, 0x17, 0x33, 0x36, 0x36, 0x37, 0x13, 0x21, 0x01, 0x11,
    0x21, 0x01, 0xCC, 0xFE, 0x34, 0x01, 0x77, 0xD5, 0x09, 0x1A, 0x03, 0x04, 0x16, 0x0B, 0xE1, 0x01,
    0x65, 0xFE, 0x29, 0xFE, 0xC6, 0x01, 0xE6, 0x03, 0xB4, 0xFD, 0xF5, 0x17, 0x55, 0x13, 0x3F, 0x1A,
    0x02, 0x0B, 0xFC, 0x50, 0xFE, 0x16, 0x00, 0x00, 0x00, 0x02, 0x00, 0x00, 0x00, 0x00, 0x04, 0xDD,
    0x07, 0x25, 0x00, 0x03, 0x00, 0x12, 0x00, 0x00, 0x01, 0x21, 0x05, 0x21, 0x13, 0x01, 0x21, 0x13,
    0x16, 0x17, 0x33, 0x36, 0x36, 0x37, 0x13, 0x21, 0x01, 0x11, 0x21, 0x02, 0xB0, 0x01, 0x73, 0xFE,
    0xE5, 0xFE, 0xC2, 0x02, 0xFE, 0x34, 0x01, 0x77, 0xD5, 0x09, 0x1A, 0x03, 0x04, 0x16, 0x0B, 0xE1,
    0x01, 0x65, 0xFE, 0x29, 0xFE, 0xC6, 0x07, 0x25, 0xE9, 0xFB, 0xAA, 0x03, 0xB4, 0xFD, 0xF5, 0x17,
    0x55, 0x13, 0x3F, 0x1A, 0x02, 0x0B, 0xFC, 0x50, 0xFE, 0x16, 0x00, 0x00, 0x00, 0x02, 0x00, 0x00,
    0x00, 0x00, 0x04, 0xDD, 0x07, 0x45, 0x00, 0x06, 0x00, 0x15, 0x00, 0x00, 0x01, 0x33, 0x01, 0x21,
    0x27, 0x07, 0x21, 0x13, 0x01, 0x21, 0x13, 0x16, 0x17, 0x33, 0x36, 0x36, 0x37, 0x13, 0x21, 0x01,
    0x11, 0x21, 0x01, 0xEF, 0xF8, 0x01, 0x28, 0xFE, 0xFF, 0xA8, 0x93, 0xFE, 0xFF, 0xFA, 0xFE, 0x34,
    0x01, 0x77, 0xD5, 0x09, 0x1A, 0x03, 0x04, 0x16, 0x0B, 0xE1, 0x01, 0x65, 0xFE, 0x29, 0xFE, 0xC6,
    0x07, 0x45, 0xFE, 0xF7, 0x8A, 0x8A, 0xFB, 0xAA, 0x03, 0xB4, 0xFD, 0xF5, 0x17, 0x55, 0x13, 0x3F,
    0x1A, 0x02, 0x0B, 0xFC, 0x50, 0xFE, 0x16, 0x00, 0x00, 0x03, 0x00, 0x00, 0x00, 0x00, 0x04, 0xDD,
    0x07, 0x5C, 0x00, 0x0B, 0x00, 0x17, 0x00, 0x26, 0x00, 0x00, 0x00, 0x26, 0x35, 0x34, 0x36, 0x33,
    0x32, 0x16, 0x15, 0x14, 0x06, 0x23, 0x20, 0x26, 0x35, 0x34, 0x36, 0x33, 0x32, 0x16, 0x15, 0x14,
    0x06, 0x23, 0x01, 0x01, 0x21, 0x13, 0x16, 0x17, 0x33, 0x36, 0x36, 0x37, 0x13, 0x21, 0x01, 0x11,
    0x21, 0x01, 0x39, 0x59, 0x59, 0x50, 0x50, 0x58, 0x58, 0x50, 0x01, 0x7A, 0x58, 0x58, 0x50, 0x50,
    0x59, 0x59, 0x50, 0xFE, 0x79, 0xFE, 0x34, 0x01, 0x77, 0xD5, 0x09, 0x1A, 0x03, 0x04, 0x16, 0x0B,
    0xE1, 0x01, 0x65, 0xFE, 0x29, 0xFE, 0xC6, 0x06, 0x2E, 0x4F, 0x48, 0x48, 0x4F, 0x4F, 0x48, 0x48,
    0x4F, 0x4F, 0x48, 0x48, 0x4F, 0x4F, 0x48, 0x48, 0x4F, 0xFB, 0xB8, 0x03, 0xB4, 0xFD, 0xF5, 0x17,
    0x55, 0x13, 0x3F, 0x1A, 0x02, 0x0B, 0xFC, 0x50, 0xFE, 0x16, 0x00, 0x00, 0x00, 0x02, 0x00, 0x00,
    0x00, 0x00, 0x04, 0xDD, 0x07, 0x1B, 0x00, 0x03, 0x00, 0x12, 0x00, 0x00, 0x13, 0x21, 0x17, 0x21,
    0x13, 0x01, 0x21, 0x13, 0x16, 0x17, 0x33, 0x36, 0x36, 0x37, 0x13, 0x21, 0x01, 0x11, 0x21, 0xE7,
    0x01, 0x5F, 0xBE, 0xFE, 0xC3, 0x05, 0xFE, 0x34, 0x01, 0x77, 0xD5, 0x09, 0x1A, 0x03, 0x04, 0x16,
    0x0B, 0xE1, 0x01, 0x65, 0xFE, 0x29, 0xFE, 0xC6, 0x07, 0x1B, 0xDF, 0xFB, 0xAA, 0x03, 0xB4, 0xFD,
    0xF5, 0x17, 0x55, 0x13, 0x3F, 0x1A, 0x02, 0x0B, 0xFC, 0x50, 0xFE, 0x16, 0x00, 0x01, 0x00, 0x2B,
    0x00, 0x00, 0x04, 0xAC, 0x05, 0x9A, 0x00, 0x09, 0x00, 0x00, 0x37, 0x01, 0x21, 0x11, 0x21, 0x15,
    0x01, 0x21, 0x11, 0x21, 0x2B, 0x02, 0x8D, 0xFD, 0x98, 0x04, 0x5C, 0xFD, 0x7E, 0x02, 0x82, 0xFB,
    0x7F, 0x2F, 0x04, 0x51, 0x01, 0x1A, 0x28, 0xFB, 0xB2, 0xFE, 0xDC, 0x00, 0x00, 0x02, 0x00, 0x2B,
    0x00, 0x00, 0x04, 0xAC, 0x07, 0x25, 0x00, 0x03, 0x00, 0x0D, 0x00, 0x00, 0x01, 0x21, 0x05, 0x21,
    0x01, 0x01, 0x21, 0x11, 0x21, 0x15, 0x01, 0x21, 0x11, 0x21, 0x02, 0xB0, 0x01, 0x73, 0xFE, 0xE5,
    0xFE, 0xC2, 0xFE, 0x61, 0x02, 0x8D, 0xFD, 0x98, 0x04, 0x5C, 0xFD, 0x7E, 0x02, 0x82, 0xFB, 0x7F,
    0x07, 0x25, 0xE9, 0xF9, 0xF3, 0x04, 0x51, 0x01, 0x1A, 0x28, 0xFB, 0xB2, 0xFE, 0xDC, 0x00, 0x00,
    0x00, 0x02, 0x00, 0x2B, 0x00, 0x00, 0x04, 0xAC, 0x07, 0x27, 0x00, 0x06, 0x00, 0x10, 0x00, 0x00,
    0x13, 0x21, 0x17, 0x37, 0x21, 0x05, 0x23, 0x01, 0x01, 0x21, 0x11, 0x21, 0x15, 0x01, 0x21, 0x11,
    0x21, 0xC9, 0x01, 0x09, 0x9B, 0x9C, 0x00, 0xFF, 0xFE, 0xE0, 0xF8, 0xFE, 0x3B, 0x02, 0x8D, 0xFD,
    0x98, 0x04, 0x5C, 0xFD, 0x7E, 0x02, 0x82, 0xFB, 0x7F, 0x07, 0x27, 0x62, 0x62, 0xEB, 0xF9, 0xF3,
    0x04, 0x51, 0x01, 0x1A, 0x28, 0xFB, 0xB2, 0xFE, 0xDC, 0x00, 0x00, 0x00, 0x00, 0x02, 0x00, 0x2B,
    0x00, 0x00, 0x04, 0xAC, 0x07, 0x69, 0x00, 0x0F, 0x00, 0x19, 0x00, 0x00, 0x00, 0x26, 0x26, 0x35,
    0x34, 0x36, 0x36, 0x33, 0x32, 0x16, 0x16, 0x15, 0x14, 0x06, 0x06, 0x23, 0x01, 0x01, 0x21, 0x11,
    0x21, 0x15, 0x01, 0x21, 0x11, 0x21, 0x02, 0x3B, 0x56, 0x30, 0x31, 0x54, 0x35, 0x35, 0x54, 0x2F,
    0x2F, 0x54, 0x35, 0xFD, 0xBC, 0x02, 0x8D, 0xFD, 0x98, 0x04, 0x5C, 0xFD, 0x7E, 0x02, 0x82, 0xFB,
    0x7F, 0x06, 0x1F, 0x2C, 0x4C, 0x2E, 0x30, 0x4A, 0x2A, 0x2A, 0x4B, 0x2F, 0x2F, 0x4C, 0x2B, 0xFA,
    0x10, 0x04, 0x51, 0x01, 0x1A, 0x28, 0xFB, 0xB2, 0xFE, 0xDC, 0x00, 0x00, 0x00, 0x02, 0x00, 0x38,
    0xFF, 0xD9, 0x04, 0x21, 0x03, 0xE8, 0x00, 0x21, 0x00, 0x2D, 0x00, 0x00, 0x05, 0x26, 0x27, 0x0E,
    0x02, 0x23, 0x22, 0x26, 0x26, 0x35, 0x34, 0x36, 0x36, 0x33, 0x32, 0x17, 0x35, 0x34, 0x26, 0x23,
    0x22, 0x06, 0x07, 0x27, 0x36, 0x36, 0x33, 0x32, 0x16, 0x17, 0x13, 0x16, 0x17, 0x24, 0x36, 0x36,
    0x37, 0x26, 0x23, 0x22, 0x06, 0x17, 0x14, 0x16, 0x33, 0x03, 0x04, 0x2F, 0x15, 0x13, 0x5A, 0x75,
    0x3C, 0x68, 0xA3, 0x5F, 0x68, 0xC1, 0x82, 0x66, 0x65, 0x57, 0x55, 0x35, 0xC7, 0x55, 0x1C, 0x9A,
    0xA7, 0x39, 0xE2, 0xEA, 0x01, 0x02, 0x01, 0x42, 0xFD, 0xFD, 0x59, 0x34, 0x03, 0x53, 0x5F, 0x49,
    0x53, 0x01, 0x4A, 0x3A, 0x27, 0x68, 0x61, 0x32, 0x55, 0x32, 0x3E, 0x82, 0x61, 0x68, 0x98, 0x51,
    0x2E, 0x2F, 0x4E, 0x48, 0x18, 0x14, 0xF4, 0x19, 0x15, 0xC0, 0xBE, 0xFE, 0xE0, 0x94, 0x9A, 0xAC,
    0x2B, 0x4A, 0x2B, 0x11, 0x36, 0x30, 0x21, 0x2A, 0xFF, 0xFF, 0x00, 0x38, 0xFF, 0xD9, 0x04, 0x21,
    0x05, 0xE5, 0x00, 0x22, 0x00, 0x74, 0x00, 0x00, 0x00, 0x03, 0x01, 0x40, 0x03, 0xA3, 0x00, 0x00,
    0xFF, 0xFF, 0x00, 0x38, 0xFF, 0xD9, 0x04, 0x21, 0x05, 0xD5, 0x00, 0x22, 0x00, 0x74, 0x00, 0x00,
    0x00, 0x03, 0x01, 0x41, 0x03, 0x89, 0x00, 0x00, 0xFF, 0xFF, 0x00, 0x38, 0xFF, 0xD9, 0x04, 0x21,
    0x05, 0xE7, 0x00, 0x22, 0x00, 0x74, 0x00, 0x00, 0x00, 0x03, 0x01, 0x44, 0x03, 0xB1, 0x00, 0x00,
    0xFF, 0xFF, 0x00, 0x38, 0xFF, 0xD9, 0x04, 0x21, 0x05, 0xC2, 0x00, 0x22, 0x00, 0x74, 0x00, 0x00,
    0x00, 0x03, 0x01, 0x47, 0x04, 0x04, 0x00, 0x00, 0xFF, 0xFF, 0x00, 0x38, 0xFF, 0xD9, 0x04, 0x21,
    0x06, 0x03, 0x00, 0x22, 0x00, 0x74, 0x00, 0x00, 0x00, 0x03, 0x01, 0x49, 0x02, 0xF2, 0x00, 0x00,
    0xFF, 0xFF, 0x00, 0x38, 0xFF, 0xD9, 0x04, 0x21, 0x05, 0x81, 0x00, 0x22, 0x00, 0x74, 0x00, 0x00,
    0x00, 0x03, 0x01, 0x4B, 0x03, 0xD0, 0x00, 0x00, 0x00, 0x02, 0x00, 0x38, 0xFE, 0x5D, 0x04, 0x21,
    0x03, 0xE8, 0x00, 0x31, 0x00, 0x3D, 0x00, 0x00, 0x04, 0x37, 0x17, 0x06, 0x23, 0x22, 0x26, 0x35,
    0x34, 0x36, 0x37, 0x26, 0x27, 0x0E, 0x02, 0x23, 0x22, 0x26, 0x26, 0x35, 0x34, 0x36, 0x36, 0x33,
    0x32, 0x17, 0x35, 0x34, 0x26, 0x23, 0x22, 0x06, 0x07, 0x27, 0x36, 0x36, 0x33, 0x32, 0x16, 0x17,
    0x13, 0x16, 0x17, 0x06, 0x06, 0x15, 0x14, 0x16, 0x33, 0x00, 0x36, 0x36, 0x37, 0x26, 0x23, 0x22,
    0x06, 0x17, 0x14, 0x16, 0x33, 0x03, 0xEF, 0x1B, 0x0A, 0x3C, 0x42, 0x71, 0x7C, 0x2F, 0x2C, 0x30,
    0x14, 0x13, 0x5A, 0x75, 0x3C, 0x68, 0xA3, 0x5F, 0x68, 0xC1, 0x82, 0x66, 0x65, 0x57, 0x55, 0x35,
    0xC7, 0x55, 0x1C, 0x9A, 0xA7, 0x39, 0xE2, 0xEA, 0x01, 0x02, 0x01, 0x42, 0x46, 0x4E, 0x21, 0x1E,
    0xFE, 0x52, 0x59, 0x34, 0x03, 0x53, 0x5F, 0x49, 0x53, 0x01, 0x4A, 0x3A, 0xEA, 0x0C, 0xB2, 0x13,
    0x5B, 0x53, 0x37, 0x69, 0x2F, 0x69, 0x5F, 0x32, 0x55, 0x32, 0x3E, 0x82, 0x61, 0x68, 0x98, 0x51,
    0x2E, 0x2F, 0x4E, 0x48, 0x18, 0x14, 0xF4, 0x19, 0x15, 0xC0, 0xBE, 0xFE, 0xE0, 0x94, 0x9A, 0x30,
    0x61, 0x29, 0x24, 0x28, 0x01, 0xB2, 0x2B, 0x4A, 0x2B, 0x11, 0x36, 0x30, 0x21, 0x2A, 0x00, 0x00,
    0xFF, 0xFF, 0x00, 0x38, 0xFF, 0xD9, 0x04, 0x21, 0x06, 0x38, 0x00, 0x22, 0x00, 0x74, 0x00, 0x00,
    0x00, 0x03, 0x01, 0x4D, 0x03, 0x3B, 0x00, 0x00, 0xFF, 0xFF, 0x00, 0x38, 0xFF, 0xD9, 0x04, 0x21,
    0x05, 0xC7, 0x00, 0x22, 0x00, 0x74, 0x00, 0x00, 0x00, 0x03, 0x01, 0x50, 0x03, 0xAD, 0x00, 0x00,
    0x00, 0x03, 0x00, 0x37, 0xFF, 0xE9, 0x06, 0x7E, 0x03, 0xEB, 0x00, 0x31, 0x00, 0x3A, 0x00, 0x47,
    0x00, 0x00, 0x00, 0x16, 0x16, 0x15, 0x14, 0x07, 0x05, 0x16, 0x16, 0x33, 0x32, 0x36, 0x37, 0x17,
    0x06, 0x06, 0x23, 0x22, 0x26, 0x27, 0x0E, 0x02, 0x23, 0x22, 0x26, 0x26, 0x35, 0x34, 0x36, 0x36,
    0x33, 0x32, 0x17, 0x35, 0x35, 0x34, 0x26, 0x23, 0x22, 0x06, 0x07, 0x03, 0x36, 0x36, 0x33, 0x32,
    0x17, 0x36, 0x33, 0x12, 0x35, 0x34, 0x26, 0x23, 0x22, 0x06, 0x07, 0x25, 0x00, 0x36, 0x37, 0x26,
    0x27, 0x26, 0x23, 0x22, 0x06, 0x17, 0x14, 0x16, 0x33, 0x05, 0x47, 0xD2, 0x65, 0x19, 0xFD, 0x84,
    0x1A, 0x79, 0x5B, 0x43, 0x96, 0x4B, 0x33, 0x47, 0xDA, 0x59, 0x98, 0xDF, 0x40, 0x15, 0x6B, 0x92,
    0x4A, 0x68, 0xA3, 0x5F, 0x68, 0xC1, 0x82, 0x65, 0x66, 0x57, 0x55, 0x35, 0xC7, 0x55, 0x1C, 0x9A,
    0xA7, 0x39, 0xDD, 0x74, 0x7F, 0xCC, 0xAE, 0x54, 0x5C, 0x57, 0x61, 0x10, 0x01, 0x77, 0xFC, 0xD9,
    0x77, 0x21, 0x0C, 0x05, 0x5A, 0x62, 0x49, 0x53, 0x01, 0x4A, 0x3A, 0x03, 0xEB, 0x7C, 0xCB, 0x77,
    0x53, 0x54, 0x05, 0x49, 0x54, 0x1E, 0x1D, 0xF0, 0x1E, 0x28, 0x60, 0x62, 0x33, 0x5A, 0x35, 0x3E,
    0x82, 0x61, 0x5F, 0x8A, 0x4A, 0x2D, 0x06, 0x46, 0x43, 0x3F, 0x18, 0x14, 0x01, 0x08, 0x19, 0x15,
    0x5B, 0x5E, 0xFE, 0x65, 0x0F, 0x41, 0x55, 0x5E, 0x53, 0x04, 0xFE, 0x80, 0x2E, 0x27, 0x26, 0x23,
    0x13, 0x36, 0x30, 0x21, 0x2A, 0x00, 0x00, 0x00, 0x00, 0x02, 0x00, 0x85, 0xFF, 0xE9, 0x04, 0xAE,
    0x05, 0xEC, 0x00, 0x11, 0x00, 0x1E, 0x00, 0x00, 0x00, 0x16, 0x16, 0x15, 0x14, 0x06, 0x06, 0x23,
    0x22, 0x27, 0x07, 0x21, 0x03, 0x21, 0x11, 0x36, 0x36, 0x33, 0x12, 0x36, 0x35, 0x34, 0x26, 0x23,
    0x22, 0x07, 0x15, 0x17, 0x14, 0x16, 0x33, 0x03, 0x72, 0xCD, 0x6F, 0x6E, 0xD9, 0x9C, 0xCB, 0x3A,
    0x31, 0xFE, 0xF2, 0x02, 0x01, 0x3C, 0x2F, 0x9E, 0x5C, 0x19, 0x66, 0x74, 0x6A, 0x75, 0x55, 0x01,
    0x77, 0x6C, 0x03, 0xE8, 0x7A, 0xDF, 0x92, 0xA3, 0xEF, 0x82, 0xAF, 0x98, 0x05, 0xEC, 0xFD, 0x75,
    0x37, 0x50, 0xFC, 0xF4, 0x98, 0x8B, 0x75, 0x80, 0x55, 0x35, 0x6E, 0x89, 0x97, 0x00, 0x00, 0x00,
    0x00, 0x01, 0x00, 0x4A, 0xFF, 0xE9, 0x03, 0xA2, 0x03, 0xE7, 0x00, 0x1A, 0x00, 0x00, 0x04, 0x26,
    0x26, 0x35, 0x34, 0x36, 0x36, 0x17, 0x36, 0x16, 0x17, 0x07, 0x26, 0x23, 0x22, 0x06, 0x15, 0x14,
    0x16, 0x33, 0x32, 0x36, 0x37, 0x17, 0x06, 0x06, 0x23, 0x01, 0x9D, 0xDE, 0x75, 0x77, 0xE5, 0xA0,
    0x60, 0xB9, 0x40, 0x32, 0x67, 0x6D, 0x8E, 0x7F, 0x84, 0x7D, 0x35, 0x54, 0x45, 0x47, 0x59, 0xBE,
    0x53, 0x17, 0x7A, 0xE5, 0x9D, 0x9C, 0xE8, 0x7E, 0x01, 0x01, 0x1F, 0x1A, 0xF6, 0x23, 0x79, 0x78,
    0x80, 0x7C, 0x12, 0x15, 0xF2, 0x1B, 0x1F, 0x00, 0xFF, 0xFF, 0x00, 0x4A, 0xFF, 0xE9, 0x03, 0xBF,
    0x05, 0xE5, 0x00, 0x22, 0x00, 0x80, 0x00, 0x00, 0x00, 0x03, 0x01, 0x40, 0x03, 0xC2, 0x00, 0x00,
    0xFF, 0xFF, 0x00, 0x4A, 0xFF, 0xE9, 0x03, 0xAE, 0x05, 0xE7, 0x00, 0x22, 0x00, 0x80, 0x00, 0x00,
    0x00, 0x03, 0x01, 0x42, 0x03, 0xCD, 0x00, 0x00, 0x00, 0x01, 0x00, 0x4A, 0xFE, 0x39, 0x03, 0xA2,
    0x03, 0xE7, 0x00, 0x28, 0x00, 0x00, 0x04, 0x15, 0x14, 0x21, 0x22, 0x27, 0x35, 0x16, 0x33, 0x32,
    0x35, 0x34, 0x23, 0x07, 0x35, 0x26, 0x02, 0x35, 0x34, 0x36, 0x36, 0x17, 0x36, 0x16, 0x17, 0x07,
    0x26, 0x23, 0x22, 0x06, 0x15, 0x14, 0x16, 0x33, 0x32, 0x36, 0x37, 0x17, 0x06, 0x07, 0x15, 0x03,
    0x2A, 0xFE, 0xC2, 0x33, 0x25, 0x22, 0x26, 0x7B, 0x6F, 0x25, 0xB4, 0xC5, 0x77, 0xE5, 0xA0, 0x60,
    0xB9, 0x40, 0x32, 0x67, 0x6D, 0x8E, 0x7F, 0x84, 0x7D, 0x35, 0x54, 0x45, 0x47, 0x9C, 0x92, 0x59,
    0x9F, 0xCF, 0x04, 0x8A, 0x06, 0x49, 0x42, 0x02, 0xA9, 0x20, 0x01, 0x05, 0xCD, 0x9C, 0xE8, 0x7E,
    0x01, 0x01, 0x1F, 0x1A, 0xF6, 0x23, 0x79, 0x78, 0x80, 0x7C, 0x12, 0x15, 0xF2, 0x2F, 0x09, 0x3D,
    0xFF, 0xFF, 0x00, 0x4A, 0xFF, 0xE9, 0x03, 0xA2, 0x05, 0xCF, 0x00, 0x22, 0x00, 0x80, 0x00, 0x00,
    0x00, 0x03, 0x01, 0x48, 0x03, 0x49, 0x00, 0x00, 0x00, 0x02, 0x00, 0x48, 0xFF, 0xD9, 0x04, 0xD0,
    0x05, 0xED, 0x00, 0x14, 0x00, 0x21, 0x00, 0x00, 0x05, 0x26, 0x27, 0x06, 0x23, 0x22, 0x02, 0x35,
    0x34, 0x36, 0x36, 0x33, 0x32, 0x17, 0x11, 0x21, 0x11, 0x14, 0x16, 0x16, 0x17, 0x24, 0x36, 0x35,
    0x17, 0x35, 0x26, 0x23, 0x22, 0x06, 0x15, 0x14, 0x16, 0x33, 0x03, 0x90, 0x2F, 0x15, 0x4F, 0xE4,
    0xE9, 0xE8, 0x81, 0xEB, 0x9B, 0x7C, 0x6F, 0x01, 0x35, 0x18, 0x24, 0x25, 0xFD, 0xEA, 0x7F, 0x01,
    0x63, 0x7B, 0x64, 0x6D, 0x5F, 0x57, 0x27, 0x67, 0x62, 0xB9, 0x01, 0x07, 0xE8, 0x9D, 0xEF, 0x83,
    0x45, 0x02, 0x4B, 0xFB, 0xD5, 0x68, 0x8C, 0x5C, 0x4C, 0xBA, 0x8D, 0x80, 0x02, 0xCA, 0x3E, 0x8E,
    0x82, 0x7C, 0x87, 0x00, 0x00, 0x02, 0x00, 0x48, 0xFF, 0xE7, 0x04, 0x77, 0x06, 0x10, 0x00, 0x20,
    0x00, 0x2C, 0x00, 0x00, 0x04, 0x26, 0x26, 0x35, 0x34, 0x36, 0x36, 0x33, 0x32, 0x17, 0x37, 0x26,
    0x27, 0x05, 0x27, 0x37, 0x27, 0x27, 0x37, 0x16, 0x17, 0x16, 0x16, 0x17, 0x25, 0x17, 0x07, 0x00,
    0x11, 0x14, 0x02, 0x06, 0x23, 0x3E, 0x02, 0x35, 0x10, 0x23, 0x22, 0x06, 0x15, 0x14, 0x16, 0x33,
    0x01, 0xB2, 0xED, 0x7D, 0x79, 0xD9, 0x8D, 0x75, 0x58, 0x04, 0x54, 0x6F, 0xFE, 0xDD, 0x51, 0xF1,
    0x1B, 0x7A, 0xC1, 0x04, 0x3A, 0x1E, 0x37, 0x16, 0x01, 0x11, 0x4D, 0xD7, 0x01, 0x69, 0x88, 0xF8,
    0xA1, 0x4B, 0x60, 0x34, 0xD1, 0x66, 0x75, 0x72, 0x65, 0x19, 0x82, 0xF3, 0xA6, 0x99, 0xEF, 0x86,
    0x4B, 0x02, 0x93, 0x5A, 0x8F, 0x8D, 0x73, 0x15, 0x60, 0x73, 0x02, 0x2E, 0x17, 0x2A, 0x11, 0x85,
    0x89, 0x68, 0xFE, 0xDD, 0xFE, 0x37, 0xAC, 0xFE, 0xF5, 0x95, 0xF2, 0x49, 0x89, 0x5D, 0x01, 0x1F,
    0x9D, 0x88, 0x8C, 0x9D, 0xFF, 0xFF, 0x00, 0x48, 0xFF, 0xD9, 0x05, 0xCA, 0x05, 0xED, 0x00, 0x22,
    0x00, 0x85, 0x00, 0x00, 0x00, 0x03, 0x01, 0x51, 0x06, 0x00, 0x00, 0x00, 0x00, 0x02, 0x00, 0x48,
    0xFF, 0xD9, 0x04, 0xFE, 0x05, 0xED, 0x00, 0x1C, 0x00, 0x29, 0x00, 0x00, 0x01, 0x11, 0x14, 0x16,
    0x16, 0x17, 0x05, 0x26, 0x27, 0x06, 0x23, 0x22, 0x02, 0x35, 0x34, 0x36, 0x36, 0x33, 0x32, 0x17,
    0x35, 0x21, 0x35, 0x21, 0x35, 0x21, 0x15, 0x33, 0x15, 0x00, 0x36, 0x35, 0x17, 0x35, 0x26, 0x23,
    0x22, 0x06, 0x15, 0x14, 0x16, 0x33, 0x04, 0x6F, 0x18, 0x24, 0x25, 0xFE, 0xC0, 0x2F, 0x15, 0x4F,
    0xE4, 0xE9, 0xE8, 0x81, 0xEB, 0x9B, 0x7C, 0x6F, 0xFF, 0x00, 0x01, 0x00, 0x01, 0x35, 0x8F, 0xFD,
    0xBC, 0x7F, 0x01, 0x63, 0x7B, 0x64, 0x6D, 0x5F, 0x57, 0x04, 0x75, 0xFD, 0x4D, 0x68, 0x8C, 0x5C,
    0x4C, 0x4D, 0x67, 0x62, 0xB9, 0x01, 0x07, 0xE8, 0x9D, 0xEF, 0x83, 0x45, 0xD3, 0xE8, 0x90, 0x90,
    0xE8, 0xFC, 0x6B, 0x8D, 0x80, 0x02, 0xCA, 0x3E, 0x8E, 0x82, 0x7C, 0x87, 0x00, 0x02, 0x00, 0x48,
    0xFF, 0xE9, 0x04, 0x1A, 0x03, 0xEB, 0x00, 0x17, 0x00, 0x20, 0x00, 0x00, 0x00, 0x16, 0x16, 0x15,
    0x14, 0x07, 0x05, 0x16, 0x16, 0x33, 0x32, 0x36, 0x37, 0x17, 0x06, 0x06, 0x23, 0x22, 0x24, 0x11,
    0x34, 0x36, 0x36, 0x33, 0x12, 0x35, 0x34, 0x26, 0x23, 0x22, 0x06, 0x07, 0x25, 0x02, 0xE3, 0xD2,
    0x65, 0x19, 0xFD, 0x84, 0x1A, 0x79, 0x5B, 0x43, 0x96, 0x4B, 0x33, 0x47, 0xDA, 0x59, 0xF7, 0xFE,
    0xEF, 0x79, 0xE5, 0xA0, 0xAE, 0x54, 0x5C, 0x57, 0x61, 0x10, 0x01, 0x77, 0x03, 0xEB, 0x7C, 0xCB,
    0x77, 0x53, 0x54, 0x05, 0x49, 0x54, 0x1E, 0x1D, 0xF0, 0x1E, 0x28, 0xFD, 0x01, 0x07, 0xA4, 0xE5,
    0x75, 0xFE, 0x65, 0x0F, 0x41, 0x55, 0x5E, 0x53, 0x04, 0x00, 0x00, 0x00, 0xFF, 0xFF, 0x00, 0x48,
    0xFF, 0xE9, 0x04, 0x1A, 0x05, 0xE5, 0x00, 0x22, 0x00, 0x89, 0x00, 0x00, 0x00, 0x03, 0x01, 0x40,
    0x03, 0xBA, 0x00, 0x00, 0xFF, 0xFF, 0x00, 0x48, 0xFF, 0xE9, 0x04, 0x1A, 0x05, 0xE7, 0x00, 0x22,
    0x00, 0x89, 0x00, 0x00, 0x00, 0x03, 0x01, 0x42, 0x03, 0xC5, 0x00, 0x00, 0xFF, 0xFF, 0x00, 0x48,
    0xFF, 0xE9, 0x04, 0x1A, 0x05, 0xE7, 0x00, 0x22, 0x00, 0x89, 0x00, 0x00, 0x00, 0x03, 0x01, 0x44,
    0x03, 0xC8, 0x00, 0x00, 0xFF, 0xFF, 0x00, 0x48, 0xFF, 0xE9, 0x04, 0x1A, 0x05, 0xC2, 0x00, 0x22,
    0x00, 0x89, 0x00, 0x00, 0x00, 0x03, 0x01, 0x47, 0x04, 0x1B, 0x00, 0x00, 0xFF, 0xFF, 0x00, 0x48,
    0xFF, 0xE9, 0x04, 0x1A, 0x05, 0xCF, 0x00, 0x22, 0x00, 0x89, 0x00, 0x00, 0x00, 0x03, 0x01, 0x48,
    0x03, 0x41, 0x00, 0x00, 0xFF, 0xFF, 0x00, 0x48, 0xFF, 0xE9, 0x04, 0x1A, 0x06, 0x03, 0x00, 0x22,
    0x00, 0x89, 0x00, 0x00, 0x00, 0x03, 0x01, 0x49, 0x03, 0x09, 0x00, 0x00, 0xFF, 0xFF, 0x00, 0x48,
    0xFF, 0xE9, 0x04, 0x1A, 0x05, 0x81, 0x00, 0x22, 0x00, 0x89, 0x00, 0x00, 0x00, 0x03, 0x01, 0x4B,
    0x03, 0xE7, 0x00, 0x00, 0x00, 0x02, 0x00, 0x48, 0xFE, 0x5D, 0x04, 0x1A, 0x03, 0xEB, 0x00, 0x29,
    0x00, 0x32, 0x00, 0x00, 0x00, 0x16, 0x16, 0x15, 0x14, 0x07, 0x05, 0x16, 0x16, 0x33, 0x32, 0x36,
    0x37, 0x17, 0x15, 0x07, 0x06, 0x06, 0x15, 0x14, 0x16, 0x33, 0x32, 0x37, 0x17, 0x06, 0x23, 0x22,
    0x26, 0x35, 0x34, 0x36, 0x37, 0x06, 0x23, 0x22, 0x24, 0x11, 0x34, 0x36, 0x36, 0x33, 0x12, 0x35,
    0x34, 0x26, 0x23, 0x22, 0x06, 0x07, 0x25, 0x02, 0xE3, 0xD2, 0x65, 0x19, 0xFD, 0x84, 0x1A, 0x79,
    0x5B, 0x43, 0x96, 0x4B, 0x33, 0x03, 0x45, 0x4C, 0x21, 0x1E, 0x25, 0x19, 0x25, 0x49, 0x50, 0x71,
    0x7C, 0x31, 0x2F, 0x33, 0x2F, 0xF7, 0xFE, 0xEF, 0x79, 0xE5, 0xA0, 0xAE, 0x54, 0x5C, 0x57, 0x61,
    0x10, 0x01, 0x77, 0x03, 0xEB, 0x7C, 0xCB, 0x77, 0x53, 0x54, 0x05, 0x49, 0x54, 0x1E, 0x1D, 0xEF,
    0x01, 0x01, 0x35, 0x6B, 0x2C, 0x24, 0x28, 0x0C, 0xB2, 0x13, 0x5B, 0x53, 0x3C, 0x75, 0x33, 0x06,
    0xFD, 0x01, 0x07, 0xA4, 0xE5, 0x75, 0xFE, 0x65, 0x0F, 0x41, 0x55, 0x5E, 0x53, 0x04, 0x00, 0x00,
    0x00, 0x01, 0x00, 0x30, 0x00, 0x02, 0x03, 0x39, 0x05, 0xFE, 0x00, 0x18, 0x00, 0x00, 0x00, 0x06,
    0x06, 0x15, 0x15, 0x37, 0x15, 0x23, 0x11, 0x21, 0x11, 0x23, 0x35, 0x33, 0x35, 0x34, 0x36, 0x33,
    0x32, 0x17, 0x17, 0x07, 0x27, 0x26, 0x23, 0x02, 0x65, 0x3B, 0x16, 0xE9, 0xE9, 0xFE, 0xC6, 0xAA,
    0xAA, 0xC0, 0xF5, 0x22, 0x5E, 0x2A, 0x2B, 0x36, 0x22, 0x1A, 0x04, 0xF7, 0x1D, 0x37, 0x2E, 0xA6,
    0x01, 0xEA, 0xFD, 0x1C, 0x02, 0xE4, 0xE8, 0x9D, 0xBC, 0xD7, 0x0A, 0x05, 0xFE, 0x03, 0x03, 0x00,
    0x00, 0x02, 0x00, 0x45, 0xFE, 0x1E, 0x04, 0x71, 0x03, 0xE8, 0x00, 0x17, 0x00, 0x26, 0x00, 0x00,
    0x01, 0x03, 0x14, 0x04, 0x05, 0x03, 0x3E, 0x02, 0x35, 0x35, 0x06, 0x23, 0x22, 0x26, 0x26, 0x35,
    0x34, 0x36, 0x36, 0x33, 0x32, 0x17, 0x37, 0x03, 0x11, 0x26, 0x26, 0x23, 0x22, 0x06, 0x15, 0x14,
    0x16, 0x16, 0x33, 0x32, 0x36, 0x35, 0x04, 0x71, 0x01, 0xFE, 0x71, 0xFE, 0x96, 0x13, 0xAC, 0xCE,
    0x5C, 0x55, 0xCC, 0x8C, 0xD4, 0x74, 0x82, 0xEC, 0x9C, 0x88, 0x7E, 0x0E, 0x28, 0x32, 0x6A, 0x2F,
    0x6A, 0x7B, 0x2B, 0x5B, 0x44, 0x6F, 0x76, 0x03, 0xCE, 0xFC, 0x32, 0xF6, 0xEA, 0x02, 0x01, 0x0D,
    0x06, 0x3D, 0x70, 0x59, 0x38, 0x86, 0x7B, 0xE0, 0x94, 0x9D, 0xEF, 0x84, 0x57, 0x3D, 0xFD, 0xF6,
    0x01, 0x08, 0x18, 0x15, 0x95, 0x81, 0x40, 0x77, 0x4C, 0x78, 0x6D, 0x00, 0xFF, 0xFF, 0x00, 0x45,
    0xFE, 0x1E, 0x04, 0x71, 0x05, 0xD5, 0x00, 0x22, 0x00, 0x93, 0x00, 0x00, 0x00, 0x03, 0x01, 0x41,
    0x03, 0xDC, 0x00, 0x00, 0xFF, 0xFF, 0x00, 0x45, 0xFE, 0x1E, 0x04, 0x71, 0x06, 0xA8, 0x00, 0x22,
    0x00, 0x93, 0x00, 0x00, 0x00, 0x03, 0x01, 0x46, 0x03, 0x75, 0x00, 0x00, 0xFF, 0xFF, 0x00, 0x45,
    0xFE, 0x1E, 0x04, 0x71, 0x05, 0xCF, 0x00, 0x22, 0x00, 0x93, 0x00, 0x00, 0x00, 0x03, 0x01, 0x48,
    0x03, 0x7D, 0x00, 0x00, 0x00, 0x01, 0x00, 0x85, 0x00, 0x00, 0x04, 0x5C, 0x05, 0xED, 0x00, 0x12,
    0x00, 0x00, 0x00, 0x16, 0x16, 0x15, 0x11, 0x21, 0x11, 0x34, 0x26, 0x23, 0x22, 0x07, 0x11, 0x21,
    0x11, 0x21, 0x11, 0x36, 0x33, 0x03, 0x5D, 0xAB, 0x54, 0xFE, 0xC6, 0x57, 0x63, 0x5D, 0x4A, 0xFE,
    0xC4, 0x01, 0x3C, 0x70, 0xB0, 0x03, 0xE8, 0x64, 0xB0, 0x72, 0xFD, 0x9E, 0x02, 0x0C, 0x65, 0x80,
    0x42, 0xFD, 0x51, 0x05, 0xED, 0xFD, 0x94, 0x67, 0x00, 0x01, 0x00, 0x1B, 0x00, 0x00, 0x04, 0x7D,
    0x05, 0xED, 0x00, 0x1A, 0x00, 0x00, 0x00, 0x16, 0x16, 0x15, 0x11, 0x21, 0x11, 0x34, 0x26, 0x23,
    0x22, 0x07, 0x11, 0x21, 0x11, 0x23, 0x35, 0x33, 0x35, 0x21, 0x15, 0x33, 0x15, 0x23, 0x11, 0x36,
    0x33, 0x03, 0x7E, 0xAB, 0x54, 0xFE, 0xC6, 0x57, 0x63, 0x5D, 0x4A, 0xFE, 0xC4, 0x8B, 0x8B, 0x01,
    0x3C, 0xFD, 0xFD, 0x70, 0xB0, 0x03, 0xE8, 0x64, 0xB0, 0x72, 0xFD, 0x9E, 0x02, 0x0C, 0x65, 0x80,
    0x42, 0xFD, 0x51, 0x04, 0x88, 0xE8, 0x7D, 0x7D, 0xE8, 0xFE, 0xF9, 0x67, 0x00, 0x02, 0x00, 0x78,
    0x00, 0x00, 0x01, 0xCD, 0x05, 0xFB, 0x00, 0x0F, 0x00, 0x13, 0x00, 0x00, 0x12, 0x26, 0x26, 0x35,
    0x34, 0x36, 0x36, 0x33, 0x32, 0x16, 0x16, 0x15, 0x14, 0x06, 0x06, 0x23, 0x07, 0x21, 0x11, 0x21,
    0xF3, 0x4E, 0x2D, 0x2D, 0x4E, 0x30, 0x30, 0x4D, 0x2D, 0x2C, 0x4E, 0x30, 0x9E, 0x01, 0x3C, 0xFE,
    0xC4, 0x04, 0xA5, 0x2D, 0x4F, 0x30, 0x2F, 0x4E, 0x2D, 0x2D, 0x4E, 0x2F, 0x30, 0x4F, 0x2D, 0xD7,
    0xFC, 0x32, 0x00, 0x00, 0x00, 0x01, 0x00, 0x85, 0x00, 0x00, 0x01, 0xC1, 0x03, 0xCE, 0x00, 0x03,
    0x00, 0x00, 0x13, 0x21, 0x11, 0x21, 0x85, 0x01, 0x3C, 0xFE, 0xC4, 0x03, 0xCE, 0xFC, 0x32, 0x00,
    0xFF, 0xFF, 0x00, 0x7F, 0x00, 0x00, 0x02, 0x9C, 0x05, 0xE5, 0x00, 0x22, 0x00, 0x9A, 0x00, 0x00,
    0x00, 0x03, 0x01, 0x40, 0x02, 0x9F, 0x00, 0x00, 0xFF, 0xFF, 0xFF, 0xBB, 0x00, 0x00, 0x02, 0x8A,
    0x05, 0xE7, 0x00, 0x22, 0x00, 0x9A, 0x00, 0x00, 0x00, 0x03, 0x01, 0x44, 0x02, 0xAD, 0x00, 0x00,
    0xFF, 0xFF, 0xFF, 0x95, 0x00, 0x00, 0x02, 0xB1, 0x05, 0xC2, 0x00, 0x22, 0x00, 0x9A, 0x00, 0x00,
    0x00, 0x03, 0x01, 0x47, 0x03, 0x00, 0x00, 0x00, 0xFF, 0xFF, 0x00, 0x6A, 0x00, 0x00, 0x01, 0xDC,
    0x05, 0xCF, 0x00, 0x22, 0x00, 0x9A, 0x00, 0x00, 0x00, 0x03, 0x01, 0x48, 0x02, 0x26, 0x00, 0x00,
    0xFF, 0xFF, 0xFF, 0xE2, 0x00, 0x00, 0x01, 0xC1, 0x06, 0x03, 0x00, 0x22, 0x00, 0x9A, 0x00, 0x00,
    0x00, 0x03, 0x01, 0x49, 0x01, 0xEE, 0x00, 0x00, 0xFF, 0xFF, 0x00, 0x78, 0xFE, 0x1E, 0x04, 0x5A,
    0x05, 0xFB, 0x00, 0x22, 0x00, 0x99, 0x00, 0x00, 0x00, 0x03, 0x00, 0xA3, 0x02, 0x8D, 0x00, 0x00,
    0xFF, 0xFF, 0xFF, 0x7A, 0x00, 0x00, 0x02, 0xCC, 0x05, 0x81, 0x00, 0x22, 0x00, 0x9A, 0x00, 0x00,
    0x00, 0x03, 0x01, 0x4B, 0x02, 0xCC, 0x00, 0x00, 0xFF, 0xFF, 0x00, 0x52, 0xFE, 0x5D, 0x01, 0xEF,
    0x05, 0xCF, 0x00, 0x22, 0x00, 0x9A, 0x00, 0x00, 0x00, 0x23, 0x01, 0x48, 0x02, 0x26, 0x00, 0x00,
    0x00, 0x03, 0x01, 0x4C, 0x02, 0x40, 0x00, 0x00, 0x00, 0x02, 0xFF, 0x7B, 0xFE, 0x1E, 0x01, 0xCD,
    0x05, 0xFB, 0x00, 0x0F, 0x00, 0x1A, 0x00, 0x00, 0x12, 0x26, 0x26, 0x35, 0x34, 0x36, 0x36, 0x33,
    0x32, 0x16, 0x16, 0x15, 0x14, 0x06, 0x06, 0x23, 0x01, 0x3E, 0x02, 0x35, 0x11, 0x21, 0x11, 0x14,
    0x04, 0x07, 0xF3, 0x4E, 0x2D, 0x2D, 0x4E, 0x30, 0x30, 0x4D, 0x2D, 0x2C, 0x4E, 0x30, 0xFE, 0x58,
    0x6A, 0x73, 0x2E, 0x01, 0x3C, 0xFE, 0xE1, 0xF5, 0x04, 0xA5, 0x2D, 0x4F, 0x30, 0x2F, 0x4E, 0x2D,
    0x2D, 0x4E, 0x2F, 0x30, 0x4F, 0x2D, 0xFA, 0x9B, 0x0B, 0x38, 0x64, 0x53, 0x03, 0x94, 0xFC, 0x46,
    0xFD, 0xED, 0x0C, 0x00, 0x00, 0x01, 0xFF, 0x7B, 0xFE, 0x1E, 0x01, 0xC2, 0x03, 0xCE, 0x00, 0x0A,
    0x00, 0x00, 0x07, 0x3E, 0x02, 0x35, 0x11, 0x21, 0x11, 0x14, 0x04, 0x07, 0x85, 0x6A, 0x73, 0x2E,
    0x01, 0x3C, 0xFE, 0xE1, 0xF5, 0xC0, 0x0B, 0x38, 0x64, 0x53, 0x03, 0x94, 0xFC, 0x46, 0xFD, 0xED,
    0x0C, 0x00, 0x00, 0x00, 0x00, 0x01, 0x00, 0x85, 0xFF, 0xFE, 0x04, 0x76, 0x05, 0xEC, 0x00, 0x0D,
    0x00, 0x00, 0x01, 0x07, 0x15, 0x21, 0x11, 0x21, 0x11, 0x36, 0x37, 0x37, 0x05, 0x01, 0x01, 0x21,
    0x02, 0x46, 0x84, 0xFE, 0xC3, 0x01, 0x3D, 0x35, 0x3B, 0xF2, 0x01, 0x3B, 0xFE, 0xB0, 0x01, 0x67,
    0xFE, 0xB4, 0x01, 0x76, 0x93, 0xE3, 0x05, 0xEC, 0xFC, 0x3A, 0x94, 0x3B, 0xF3, 0x1A, 0xFE, 0x88,
    0xFD, 0xA8, 0x00, 0x00, 0xFF, 0xFF, 0x00, 0x85, 0xFD, 0x5E, 0x04, 0x76, 0x05, 0xEC, 0x00, 0x22,
    0x00, 0xA5, 0x00, 0x00, 0x00, 0x03, 0x01, 0x45, 0x03, 0x33, 0x00, 0x00, 0x00, 0x01, 0x00, 0x85,
    0x00, 0x00, 0x01, 0xC1, 0x05, 0xEC, 0x00, 0x03, 0x00, 0x00, 0x13, 0x21, 0x11, 0x21, 0x85, 0x01,
    0x3C, 0xFE, 0xC4, 0x05, 0xEC, 0xFA, 0x14, 0x00, 0xFF, 0xFF, 0x00, 0x83, 0x00, 0x00, 0x02, 0xA0,
    0x07, 0x89, 0x00, 0x22, 0x00, 0xA7, 0x00, 0x00, 0x00, 0x03, 0x01, 0x40, 0x02, 0xA3, 0x01, 0xA4,
    0xFF, 0xFF, 0x00, 0x85, 0x00, 0x00, 0x03, 0x69, 0x05, 0xEC, 0x00, 0x22, 0x00, 0xA7, 0x00, 0x00,
    0x00, 0x03, 0x01, 0x51, 0x03, 0x9F, 0x00, 0x00, 0xFF, 0xFF, 0x00, 0x48, 0xFD, 0x5E, 0x01, 0xE9,
    0x05, 0xEC, 0x00, 0x22, 0x00, 0xA7, 0x00, 0x00, 0x00, 0x03, 0x01, 0x45, 0x02, 0x19, 0x00, 0x00,
    0xFF, 0xFF, 0x00, 0x85, 0x00, 0x00, 0x03, 0x79, 0x05, 0xEC, 0x00, 0x22, 0x00, 0xA7, 0x00, 0x00,
    0x00, 0x03, 0x00, 0xFB, 0x01, 0xCD, 0x00, 0xE3, 0x00, 0x01, 0x00, 0x1D, 0x00, 0x00, 0x02, 0x62,
    0x05, 0xEC, 0x00, 0x0B, 0x00, 0x00, 0x01, 0x07, 0x11, 0x21, 0x11, 0x07, 0x11, 0x37, 0x11, 0x21,
    0x11, 0x37, 0x02, 0x62, 0x84, 0xFE, 0xC4, 0x85, 0x85, 0x01, 0x3C, 0x84, 0x02, 0xF2, 0x53, 0xFD,
    0x61, 0x01, 0xD9, 0x54, 0x01, 0x02, 0x53, 0x03, 0x12, 0xFD, 0xB4, 0x52, 0x00, 0x01, 0x00, 0x85,
    0x00, 0x00, 0x06, 0xDF, 0x03, 0xE8, 0x00, 0x25, 0x00, 0x00, 0x00, 0x16, 0x16, 0x17, 0x11, 0x21,
    0x11, 0x36, 0x26, 0x23, 0x22, 0x06, 0x07, 0x16, 0x15, 0x11, 0x21, 0x11, 0x26, 0x26, 0x23, 0x22,
    0x06, 0x07, 0x03, 0x21, 0x13, 0x21, 0x17, 0x36, 0x36, 0x33, 0x32, 0x16, 0x17, 0x36, 0x36, 0x33,
    0x05, 0xE0, 0xAA, 0x54, 0x01, 0xFE, 0xC6, 0x05, 0x4A, 0x57, 0x3B, 0x5E, 0x28, 0x07, 0xFE, 0xC6,
    0x01, 0x47, 0x51, 0x39, 0x56, 0x2A, 0x02, 0xFE, 0xC4, 0x02, 0x01, 0x11, 0x23, 0x4C, 0x84, 0x60,
    0x58, 0x87, 0x2E, 0x53, 0xAB, 0x6E, 0x03, 0xE8, 0x64, 0xB0, 0x72, 0xFD, 0x9E, 0x02, 0x34, 0x52,
    0x6B, 0x19, 0x1A, 0x33, 0x29, 0xFD, 0x9E, 0x02, 0x34, 0x54, 0x69, 0x2E, 0x33, 0xFD, 0x70, 0x03,
    0xCE, 0x6D, 0x48, 0x3F, 0x3B, 0x36, 0x36, 0x3B, 0x00, 0x01, 0x00, 0x85, 0x00, 0x00, 0x04, 0x5C,
    0x03, 0xE8, 0x00, 0x12, 0x00, 0x00, 0x00, 0x16, 0x16, 0x15, 0x11, 0x21, 0x11, 0x34, 0x26, 0x23,
    0x22, 0x07, 0x03, 0x21, 0x13, 0x21, 0x17, 0x36, 0x33, 0x03, 0x5D, 0xAB, 0x54, 0xFE, 0xC6, 0x57,
    0x63, 0x5C, 0x49, 0x02, 0xFE, 0xC4, 0x02, 0x01, 0x11, 0x1D, 0x72, 0xBA, 0x03, 0xE8, 0x64, 0xB0,
    0x72, 0xFD, 0x9E, 0x02, 0x0C, 0x65, 0x80, 0x41, 0xFD, 0x50, 0x03, 0xCE, 0x5A, 0x74, 0x00, 0x00,
    0xFF, 0xFF, 0x00, 0x85, 0x00, 0x00, 0x04, 0x5C, 0x05, 0xE5, 0x00, 0x22, 0x00, 0xAE, 0x00, 0x00,
    0x00, 0x03, 0x01, 0x40, 0x03, 0xE8, 0x00, 0x00, 0xFF, 0xFF, 0x00, 0x85, 0x00, 0x00, 0x04, 0x5C,
    0x05, 0xE7, 0x00, 0x22, 0x00, 0xAE, 0x00, 0x00, 0x00, 0x03, 0x01, 0x42, 0x03, 0xF3, 0x00, 0x00,
    0xFF, 0xFF, 0x00, 0x85, 0xFD, 0x5E, 0x04, 0x5C, 0x03, 0xE8, 0x00, 0x22, 0x00, 0xAE, 0x00, 0x00,
    0x00, 0x03, 0x01, 0x45, 0x03, 0x62, 0x00, 0x00, 0x00, 0x01, 0x00, 0x85, 0xFE, 0x1E, 0x04, 0x5C,
    0x03, 0xE8, 0x00, 0x19, 0x00, 0x00, 0x00, 0x16, 0x16, 0x15, 0x11, 0x14, 0x04, 0x07, 0x03, 0x3E,
    0x02, 0x37, 0x11, 0x34, 0x26, 0x23, 0x22, 0x07, 0x03, 0x21, 0x13, 0x21, 0x17, 0x36, 0x33, 0x03,
    0x5D, 0xAB, 0x54, 0xFE, 0xE1, 0xF5, 0x33, 0x63, 0x72, 0x34, 0x04, 0x57, 0x63, 0x5C, 0x49, 0x02,
    0xFE, 0xC4, 0x02, 0x01, 0x11, 0x1D, 0x72, 0xBA, 0x03, 0xE8, 0x64, 0xB0, 0x72, 0xFD, 0x9E, 0xF3,
    0xE4, 0x0B, 0x01, 0x22, 0x0B, 0x31, 0x56, 0x45, 0x01, 0xF5, 0x65, 0x80, 0x41, 0xFD, 0x50, 0x03,
    0xCE, 0x5A, 0x74, 0x00, 0xFF, 0xFF, 0x00, 0x85, 0x00, 0x00, 0x04, 0x5C, 0x05, 0xC7, 0x00, 0x22,
    0x00, 0xAE, 0x00, 0x00, 0x00, 0x03, 0x01, 0x50, 0x03, 0xF2, 0x00, 0x00, 0x00, 0x02, 0x00, 0x49,
    0xFF, 0xE7, 0x04, 0x9C, 0x03, 0xE6, 0x00, 0x0F, 0x00, 0x1F, 0x00, 0x00, 0x04, 0x26, 0x26, 0x35,
    0x34, 0x36, 0x36, 0x33, 0x32, 0x16, 0x16, 0x07, 0x14, 0x06, 0x06, 0x23, 0x12, 0x36, 0x36, 0x37,
    0x2E, 0x02, 0x23, 0x22, 0x06, 0x06, 0x15, 0x14, 0x16, 0x16, 0x33, 0x01, 0xCC, 0xFA, 0x89, 0x89,
    0xFA, 0xA4, 0xA7, 0xFD, 0x88, 0x01, 0x8A, 0xFB, 0xA6, 0x4B, 0x6C, 0x3E, 0x01, 0x02, 0x3E, 0x6C,
    0x46, 0x49, 0x70, 0x3D, 0x3D, 0x70, 0x49, 0x19, 0x7E, 0xE6, 0x97, 0x9A, 0xEA, 0x80, 0x80, 0xEA,
    0x9A, 0x98, 0xE5, 0x7E, 0x01, 0x02, 0x3E, 0x71, 0x4A, 0x4A, 0x71, 0x3D, 0x3E, 0x71, 0x4B, 0x4A,
    0x70, 0x3D, 0x00, 0x00, 0xFF, 0xFF, 0x00, 0x49, 0xFF, 0xE7, 0x04, 0x9C, 0x05, 0xE5, 0x00, 0x22,
    0x00, 0xB4, 0x00, 0x00, 0x00, 0x03, 0x01, 0x40, 0x03, 0xEE, 0x00, 0x00, 0xFF, 0xFF, 0x00, 0x49,
    0xFF, 0xE7, 0x04, 0x9C, 0x05, 0xE7, 0x00, 0x22, 0x00, 0xB4, 0x00, 0x00, 0x00, 0x03, 0x01, 0x44,
    0x03, 0xFC, 0x00, 0x00, 0xFF, 0xFF, 0x00, 0x49, 0xFF, 0xE7, 0x04, 0x9C, 0x05, 0xC2, 0x00, 0x22,
    0x00, 0xB4, 0x00, 0x00, 0x00, 0x03, 0x01, 0x47, 0x04, 0x4F, 0x00, 0x00, 0xFF, 0xFF, 0x00, 0x49,
    0xFF, 0xE7, 0x04, 0x9C, 0x06, 0x03, 0x00, 0x22, 0x00, 0xB4, 0x00, 0x00, 0x00, 0x03, 0x01, 0x49,
    0x03, 0x3D, 0x00, 0x00, 0xFF, 0xFF, 0x00, 0x49, 0xFF, 0xE7, 0x04, 0x9C, 0x05, 0xE1, 0x00, 0x22,
    0x00, 0xB4, 0x00, 0x00, 0x00, 0x03, 0x01, 0x4A, 0x04, 0x5C, 0x00, 0x00, 0xFF, 0xFF, 0x00, 0x49,
    0xFF, 0xE7, 0x04, 0x9C, 0x05, 0x81, 0x00, 0x22, 0x00, 0xB4, 0x00, 0x00, 0x00, 0x03, 0x01, 0x4B,
    0x04, 0x1B, 0x00, 0x00, 0x00, 0x02, 0xFF, 0xEE, 0xFF, 0xA5, 0x04, 0xBF, 0x04, 0x6F, 0x00, 0x16,
    0x00, 0x26, 0x00, 0x00, 0x01, 0x16, 0x16, 0x07, 0x14, 0x06, 0x06, 0x23, 0x22, 0x27, 0x07, 0x27,
    0x37, 0x26, 0x35, 0x34, 0x36, 0x36, 0x33, 0x32, 0x17, 0x37, 0x17, 0x00, 0x36, 0x36, 0x37, 0x2E,
    0x02, 0x23, 0x22, 0x06, 0x06, 0x15, 0x14, 0x16, 0x16, 0x33, 0x04, 0x35, 0x33, 0x34, 0x01, 0x8A,
    0xFB, 0xA6, 0xAB, 0x83, 0x8D, 0xC7, 0x92, 0x37, 0x89, 0xFA, 0xA4, 0x78, 0x66, 0xA5, 0xCC, 0xFD,
    0xFC, 0x6C, 0x3E, 0x01, 0x02, 0x3E, 0x6C, 0x46, 0x49, 0x70, 0x3D, 0x3D, 0x70, 0x49, 0x03, 0x25,
    0x40, 0xA4, 0x5F, 0x98, 0xE5, 0x7E, 0x46, 0x88, 0xC0, 0x8C, 0x6B, 0x86, 0x9A, 0xEA, 0x80, 0x22,
    0xAB, 0xBC, 0xFD, 0x36, 0x3E, 0x71, 0x4A, 0x4A, 0x71, 0x3D, 0x3E, 0x71, 0x4B, 0x4A, 0x70, 0x3D,
    0xFF, 0xFF, 0x00, 0x49, 0xFF, 0xE7, 0x04, 0x9C, 0x05, 0xC7, 0x00, 0x22, 0x00, 0xB4, 0x00, 0x00,
    0x00, 0x03, 0x01, 0x50, 0x03, 0xF8, 0x00, 0x00, 0x00, 0x03, 0x00, 0x44, 0xFF, 0xE7, 0x07, 0x47,
    0x03, 0xEB, 0x00, 0x23, 0x00, 0x2C, 0x00, 0x3C, 0x00, 0x00, 0x00, 0x16, 0x16, 0x15, 0x14, 0x07,
    0x05, 0x16, 0x16, 0x33, 0x32, 0x36, 0x37, 0x17, 0x06, 0x06, 0x23, 0x20, 0x27, 0x06, 0x06, 0x23,
    0x22, 0x26, 0x26, 0x35, 0x34, 0x36, 0x36, 0x33, 0x32, 0x16, 0x17, 0x36, 0x36, 0x33, 0x12, 0x35,
    0x34, 0x26, 0x23, 0x22, 0x06, 0x07, 0x25, 0x00, 0x36, 0x36, 0x37, 0x2E, 0x02, 0x23, 0x22, 0x06,
    0x06, 0x15, 0x14, 0x16, 0x16, 0x33, 0x06, 0x10, 0xD2, 0x65, 0x19, 0xFD, 0x84, 0x1A, 0x79, 0x5B,
    0x43, 0x96, 0x4B, 0x33, 0x47, 0xDA, 0x59, 0xFF, 0x00, 0x85, 0x49, 0xCA, 0x7A, 0xA4, 0xFA, 0x89,
    0x89, 0xFA, 0xA4, 0x79, 0xC9, 0x49, 0x42, 0xC0, 0x7B, 0xAE, 0x54, 0x5C, 0x57, 0x61, 0x10, 0x01,
    0x77, 0xFC, 0x96, 0x6C, 0x3E, 0x01, 0x02, 0x3E, 0x6C, 0x46, 0x49, 0x70, 0x3D, 0x3D, 0x70, 0x49,
    0x03, 0xEB, 0x7C, 0xCB, 0x77, 0x53, 0x54, 0x05, 0x49, 0x54, 0x1E, 0x1D, 0xF0, 0x1E, 0x28, 0x84,
    0x41, 0x45, 0x7E, 0xE6, 0x97, 0x9A, 0xEA, 0x80, 0x44, 0x40, 0x44, 0x45, 0xFE, 0x65, 0x0F, 0x41,
    0x55, 0x5E, 0x53, 0x04, 0xFE, 0xA1, 0x3E, 0x71, 0x4A, 0x4A, 0x71, 0x3D, 0x3E, 0x71, 0x4B, 0x4A,
    0x70, 0x3D, 0x00, 0x00, 0x00, 0x02, 0x00, 0x85, 0xFE, 0x2A, 0x04, 0xAE, 0x03, 0xE8, 0x00, 0x11,
    0x00, 0x1F, 0x00, 0x00, 0x00, 0x16, 0x16, 0x15, 0x14, 0x06, 0x06, 0x23, 0x22, 0x27, 0x11, 0x21,
    0x13, 0x21, 0x17, 0x36, 0x36, 0x33, 0x12, 0x36, 0x35, 0x34, 0x26, 0x23, 0x22, 0x06, 0x07, 0x15,
    0x17, 0x14, 0x16, 0x33, 0x03, 0x79, 0xCB, 0x6A, 0x6E, 0xD9, 0x9C, 0xD5, 0x35, 0xFE, 0xC4, 0x02,
    0x01, 0x0F, 0x24, 0x2F, 0x9D, 0x64, 0x19, 0x66, 0x74, 0x6A, 0x41, 0x68, 0x21, 0x01, 0x77, 0x6C,
    0x03, 0xE8, 0x73, 0xDD, 0x9B, 0xA3, 0xEF, 0x82, 0xBF, 0xFD, 0x82, 0x05, 0xA4, 0x72, 0x43, 0x49,
    0xFC, 0xF4, 0x98, 0x8B, 0x75, 0x80, 0x26, 0x24, 0x40, 0x6E, 0x89, 0x97, 0x00, 0x02, 0x00, 0x85,
    0xFE, 0x2A, 0x04, 0xAE, 0x05, 0x9A, 0x00, 0x12, 0x00, 0x20, 0x00, 0x00, 0x00, 0x16, 0x16, 0x15,
    0x14, 0x06, 0x06, 0x23, 0x22, 0x27, 0x11, 0x21, 0x13, 0x11, 0x21, 0x11, 0x36, 0x36, 0x33, 0x12,
    0x36, 0x35, 0x34, 0x26, 0x23, 0x22, 0x06, 0x07, 0x15, 0x17, 0x14, 0x16, 0x33, 0x03, 0x79, 0xCB,
    0x6A, 0x6E, 0xD9, 0x9C, 0xD5, 0x35, 0xFE, 0xC4, 0x02, 0x01, 0x3A, 0x2F, 0x9A, 0x60, 0x19, 0x66,
    0x74, 0x6A, 0x41, 0x68, 0x21, 0x01, 0x77, 0x6C, 0x03, 0xE8, 0x73, 0xDD, 0x9B, 0xA3, 0xEF, 0x82,
    0xBF, 0xFD, 0x82, 0x05, 0xA4, 0x01, 0xCC, 0xFD, 0xCB, 0x3F, 0x44, 0xFC, 0xF4, 0x98, 0x8B, 0x75,
    0x80, 0x26, 0x24, 0x40, 0x6E, 0x89, 0x97, 0x00, 0x00, 0x02, 0x00, 0x48, 0xFE, 0x28, 0x04, 0x6F,
    0x03, 0xE8, 0x00, 0x10, 0x00, 0x1D, 0x00, 0x00, 0x01, 0x11, 0x05, 0x11, 0x06, 0x23, 0x22, 0x02,
    0x35, 0x34, 0x36, 0x36, 0x33, 0x32, 0x16, 0x17, 0x37, 0x02, 0x36, 0x35, 0x35, 0x26, 0x26, 0x23,
    0x22, 0x06, 0x15, 0x14, 0x16, 0x33, 0x04, 0x6F, 0xFE, 0xCA, 0x55, 0xCB, 0xE9, 0xE8, 0x7A, 0xE9,
    0xA4, 0x41, 0x85, 0x3E, 0x0E, 0xA7, 0x7F, 0x30, 0x71, 0x3C, 0x64, 0x6D, 0x5F, 0x57, 0x03, 0xCF,
    0xFA, 0x5A, 0x01, 0x02, 0x54, 0x93, 0x01, 0x07, 0xE8, 0xA7, 0xED, 0x7C, 0x2D, 0x2A, 0x3D, 0xFD,
    0x12, 0x8D, 0x80, 0xCA, 0x1E, 0x1F, 0x8F, 0x82, 0x7C, 0x87, 0x00, 0x00, 0x00, 0x01, 0x00, 0x85,
    0x00, 0x00, 0x03, 0x35, 0x03, 0xEF, 0x00, 0x0D, 0x00, 0x00, 0x00, 0x33, 0x32, 0x17, 0x03, 0x26,
    0x23, 0x22, 0x07, 0x03, 0x21, 0x13, 0x21, 0x17, 0x02, 0x0E, 0xBB, 0x30, 0x3C, 0x1C, 0x1C, 0x1B,
    0xB5, 0x6A, 0x02, 0xFE, 0xC4, 0x02, 0x01, 0x11, 0x26, 0x03, 0xEF, 0x11, 0xFE, 0xCE, 0x03, 0x81,
    0xFD, 0xD2, 0x03, 0xCE, 0xD0, 0x00, 0x00, 0x00, 0xFF, 0xFF, 0x00, 0x85, 0x00, 0x00, 0x03, 0x43,
    0x05, 0xE5, 0x00, 0x22, 0x00, 0xC1, 0x00, 0x00, 0x00, 0x03, 0x01, 0x40, 0x03, 0x46, 0x00, 0x00,
    0xFF, 0xFF, 0x00, 0x61, 0x00, 0x00, 0x03, 0x35, 0x05, 0xE7, 0x00, 0x22, 0x00, 0xC1, 0x00, 0x00,
    0x00, 0x03, 0x01, 0x42, 0x03, 0x51, 0x00, 0x00, 0xFF, 0xFF, 0x00, 0x4A, 0xFD, 0x5E, 0x03, 0x35,
    0x03, 0xEF, 0x00, 0x22, 0x00, 0xC1, 0x00, 0x00, 0x00, 0x03, 0x01, 0x45, 0x02, 0x1B, 0x00, 0x00,
    0x00, 0x01, 0x00, 0x42, 0xFF, 0xE7, 0x03, 0x54, 0x03, 0xE7, 0x00, 0x21, 0x00, 0x00, 0x16, 0x27,
    0x37, 0x16, 0x17, 0x36, 0x37, 0x34, 0x26, 0x26, 0x27, 0x2E, 0x02, 0x35, 0x12, 0x21, 0x32, 0x17,
    0x07, 0x26, 0x23, 0x06, 0x06, 0x07, 0x16, 0x16, 0x17, 0x1E, 0x02, 0x15, 0x10, 0x21, 0xF8, 0xB6,
    0x4A, 0xA1, 0x72, 0x8A, 0x01, 0x2A, 0x3D, 0x3A, 0x5B, 0x77, 0x57, 0x03, 0x01, 0x7B, 0xCA, 0x94,
    0x39, 0x8D, 0x7A, 0x38, 0x30, 0x02, 0x01, 0x41, 0x48, 0x5E, 0x7C, 0x5E, 0xFE, 0x4B, 0x18, 0x4D,
    0xF7, 0x48, 0x02, 0x01, 0x51, 0x1D, 0x23, 0x13, 0x0D, 0x14, 0x2E, 0x6F, 0x62, 0x01, 0x40, 0x3F,
    0xFD, 0x37, 0x01, 0x13, 0x1D, 0x1C, 0x1F, 0x13, 0x1A, 0x36, 0x74, 0x61, 0xFE, 0xA9, 0x00, 0x00,
    0xFF, 0xFF, 0x00, 0x42, 0xFF, 0xE7, 0x03, 0x54, 0x05, 0xE5, 0x00, 0x22, 0x00, 0xC5, 0x00, 0x00,
    0x00, 0x03, 0x01, 0x40, 0x03, 0x3F, 0x00, 0x00, 0xFF, 0xFF, 0x00, 0x42, 0xFF, 0xE7, 0x03, 0x54,
    0x05, 0xE7, 0x00, 0x22, 0x00, 0xC5, 0x00, 0x00, 0x00, 0x03, 0x01, 0x42, 0x03, 0x4A, 0x00, 0x00,
    0x00, 0x01, 0x00, 0x42, 0xFE, 0x39, 0x03, 0x54, 0x03, 0xE7, 0x00, 0x31, 0x00, 0x00, 0x24, 0x05,
    0x15, 0x16, 0x15, 0x14, 0x21, 0x22, 0x27, 0x35, 0x16, 0x33, 0x32, 0x35, 0x34, 0x23, 0x07, 0x35,
    0x26, 0x27, 0x37, 0x16, 0x17, 0x36, 0x37, 0x34, 0x26, 0x26, 0x27, 0x2E, 0x02, 0x35, 0x12, 0x21,
    0x32, 0x17, 0x07, 0x26, 0x23, 0x06, 0x06, 0x07, 0x16, 0x16, 0x17, 0x1E, 0x02, 0x15, 0x03, 0x54,
    0xFE, 0x9D, 0xB6, 0xFE, 0xC2, 0x33, 0x25, 0x23, 0x25, 0x7B, 0x6F, 0x25, 0x7F, 0x7F, 0x4A, 0xA1,
    0x72, 0x8A, 0x01, 0x2A, 0x3D, 0x3A, 0x5B, 0x77, 0x57, 0x03, 0x01, 0x7B, 0xCA, 0x94, 0x39, 0x8D,
    0x7A, 0x38, 0x30, 0x02, 0x01, 0x41, 0x48, 0x5E, 0x7C, 0x5E, 0x09, 0x1F, 0x3C, 0x07, 0x9F, 0xCF,
    0x04, 0x8A, 0x06, 0x49, 0x42, 0x02, 0xA4, 0x11, 0x36, 0xF7, 0x48, 0x02, 0x01, 0x51, 0x1D, 0x23,
    0x13, 0x0D, 0x14, 0x2E, 0x6F, 0x62, 0x01, 0x40, 0x3F, 0xFD, 0x37, 0x01, 0x13, 0x1D, 0x1C, 0x1F,
    0x13, 0x1A, 0x36, 0x74, 0x61, 0x00, 0x00, 0x00, 0xFF, 0xFF, 0x00, 0x42, 0xFD, 0x5E, 0x03, 0x54,
    0x03, 0xE7, 0x00, 0x22, 0x00, 0xC5, 0x00, 0x00, 0x00, 0x03, 0x01, 0x45, 0x02, 0x91, 0x00, 0x00,
    0x00, 0x01, 0x00, 0x85, 0xFF, 0xE7, 0x04, 0xCB, 0x05, 0xFC, 0x00, 0x39, 0x00, 0x00, 0x00, 0x16,
    0x16, 0x17, 0x1E, 0x02, 0x15, 0x14, 0x06, 0x23, 0x26, 0x27, 0x37, 0x16, 0x16, 0x33, 0x32, 0x35,
    0x34, 0x26, 0x27, 0x2E, 0x02, 0x35, 0x34, 0x36, 0x36, 0x37, 0x3E, 0x02, 0x35, 0x34, 0x26, 0x23,
    0x22, 0x06, 0x15, 0x11, 0x21, 0x11, 0x34, 0x36, 0x36, 0x33, 0x32, 0x16, 0x16, 0x15, 0x14, 0x06,
    0x06, 0x07, 0x06, 0x06, 0x07, 0x03, 0x3E, 0x20, 0x30, 0x2C, 0x51, 0x6E, 0x52, 0xB4, 0xA4, 0x99,
    0xC8, 0x34, 0x32, 0x74, 0x23, 0xA7, 0x41, 0x46, 0x55, 0x71, 0x52, 0x2C, 0x40, 0x33, 0x2E, 0x34,
    0x23, 0x62, 0x50, 0x5F, 0x73, 0xFE, 0xCE, 0x7E, 0xE4, 0x97, 0x91, 0xDB, 0x79, 0x3A, 0x50, 0x3C,
    0x31, 0x2D, 0x01, 0x02, 0xDA, 0x20, 0x15, 0x0F, 0x1B, 0x3D, 0x88, 0x73, 0xA6, 0xB6, 0x02, 0x26,
    0xFE, 0x10, 0x15, 0x51, 0x22, 0x2D, 0x1D, 0x23, 0x46, 0x83, 0x65, 0x45, 0x5D, 0x37, 0x20, 0x1D,
    0x2B, 0x43, 0x30, 0x2B, 0x33, 0x6B, 0x59, 0xFB, 0xBE, 0x04, 0x5A, 0x7C, 0xBD, 0x67, 0x56, 0x9C,
    0x66, 0x6D, 0x85, 0x3F, 0x1D, 0x18, 0x28, 0x24, 0x00, 0x01, 0x00, 0x29, 0xFF, 0xE8, 0x02, 0xF0,
    0x05, 0x2B, 0x00, 0x14, 0x00, 0x00, 0x24, 0x33, 0x32, 0x37, 0x11, 0x06, 0x23, 0x22, 0x26, 0x35,
    0x11, 0x23, 0x37, 0x33, 0x11, 0x21, 0x11, 0x33, 0x07, 0x23, 0x11, 0x02, 0x03, 0x92, 0x28, 0x33,
    0x40, 0x44, 0xD7, 0xC5, 0xA7, 0x02, 0xA5, 0x01, 0x33, 0xED, 0x02, 0xEB, 0xFC, 0x07, 0xFE, 0xEB,
    0x06, 0x97, 0x92, 0x01, 0xD4, 0xE8, 0x01, 0x5E, 0xFE, 0xA3, 0xE8, 0xFE, 0xC0, 0x00, 0x00, 0x00,
    0x00, 0x01, 0x00, 0x29, 0xFF, 0xE8, 0x02, 0xF0, 0x05, 0x2B, 0x00, 0x1C, 0x00, 0x00, 0x00, 0x16,
    0x33, 0x32, 0x37, 0x11, 0x06, 0x23, 0x22, 0x26, 0x35, 0x35, 0x23, 0x35, 0x33, 0x35, 0x23, 0x37,
    0x33, 0x11, 0x21, 0x11, 0x33, 0x07, 0x23, 0x15, 0x33, 0x15, 0x23, 0x02, 0x06, 0x3F, 0x50, 0x28,
    0x33, 0x40, 0x44, 0xD7, 0xC5, 0xA6, 0xA6, 0xA7, 0x02, 0xA5, 0x01, 0x33, 0xED, 0x02, 0xEB, 0xEB,
    0xEB, 0x01, 0x54, 0x58, 0x07, 0xFE, 0xEB, 0x06, 0x97, 0x92, 0x88, 0xE8, 0x64, 0xE8, 0x01, 0x5E,
    0xFE, 0xA3, 0xE8, 0x65, 0xE8, 0x00, 0x00, 0x00, 0xFF, 0xFF, 0x00, 0x29, 0xFF, 0xE8, 0x03, 0xDC,
    0x05, 0x92, 0x00, 0x22, 0x00, 0xCB, 0x00, 0x00, 0x00, 0x03, 0x01, 0x51, 0x04, 0x12, 0xFF, 0xA6,
    0x00, 0x01, 0x00, 0x29, 0xFE, 0x39, 0x02, 0xF0, 0x05, 0x2B, 0x00, 0x25, 0x00, 0x00, 0x24, 0x33,
    0x32, 0x37, 0x11, 0x06, 0x23, 0x22, 0x27, 0x15, 0x16, 0x15, 0x14, 0x21, 0x22, 0x27, 0x35, 0x16,
    0x33, 0x32, 0x35, 0x34, 0x23, 0x07, 0x35, 0x26, 0x35, 0x11, 0x23, 0x37, 0x33, 0x11, 0x21, 0x11,
    0x33, 0x07, 0x23, 0x11, 0x02, 0x03, 0x92, 0x28, 0x33, 0x40, 0x44, 0x4B, 0x3C, 0xB6, 0xFE, 0xC2,
    0x33, 0x25, 0x22, 0x26, 0x7B, 0x6F, 0x25, 0x64, 0xA7, 0x02, 0xA5, 0x01, 0x33, 0xED, 0x02, 0xEB,
    0xFC, 0x07, 0xFE, 0xEB, 0x06, 0x09, 0x43, 0x07, 0x9F, 0xCF, 0x04, 0x8A, 0x06, 0x49, 0x42, 0x02,
    0xE8, 0x4A, 0x95, 0x01, 0xD4, 0xE8, 0x01, 0x5E, 0xFE, 0xA3, 0xE8, 0xFE, 0xC0, 0x00, 0x00, 0x00,
    0xFF, 0xFF, 0x00, 0x29, 0xFD, 0x5E, 0x02, 0xF0, 0x05, 0x2B, 0x00, 0x22, 0x00, 0xCB, 0x00, 0x00,
    0x00, 0x03, 0x01, 0x45, 0x02, 0x85, 0x00, 0x00, 0x00, 0x01, 0x00, 0x75, 0xFF, 0xD9, 0x04, 0xB3,
    0x03, 0xCE, 0x00, 0x1B, 0x00, 0x00, 0x05, 0x26, 0x27, 0x0E, 0x02, 0x23, 0x22, 0x26, 0x26, 0x35,
    0x11, 0x21, 0x11, 0x14, 0x16, 0x33, 0x32, 0x36, 0x36, 0x35, 0x11, 0x21, 0x11, 0x14, 0x16, 0x16,
    0x17, 0x03, 0x73, 0x28, 0x16, 0x0D, 0x4B, 0x83, 0x59, 0x90, 0xB1, 0x4B, 0x01, 0x3C, 0x4A, 0x66,
    0x35, 0x56, 0x31, 0x01, 0x35, 0x18, 0x24, 0x25, 0x27, 0x56, 0x58, 0x21, 0x48, 0x34, 0x6D, 0xB0,
    0x69, 0x02, 0x5D, 0xFD, 0xD6, 0x5F, 0x72, 0x40, 0x6F, 0x43, 0x02, 0x0A, 0xFD, 0xF4, 0x68, 0x8C,
    0x5C, 0x4C, 0x00, 0x00, 0xFF, 0xFF, 0x00, 0x75, 0xFF, 0xD9, 0x04, 0xB3, 0x05, 0xE5, 0x00, 0x22,
    0x00, 0xD0, 0x00, 0x00, 0x00, 0x03, 0x01, 0x40, 0x03, 0xE8, 0x00, 0x00, 0xFF, 0xFF, 0x00, 0x75,
    0xFF, 0xD9, 0x04, 0xB3, 0x05, 0xE7, 0x00, 0x22, 0x00, 0xD0, 0x00, 0x00, 0x00, 0x03, 0x01, 0x44,
    0x03, 0xF6, 0x00, 0x00, 0xFF, 0xFF, 0x00, 0x75, 0xFF, 0xD9, 0x04, 0xB3, 0x05, 0xC2, 0x00, 0x22,
    0x00, 0xD0, 0x00, 0x00, 0x00, 0x03, 0x01, 0x47, 0x04, 0x49, 0x00, 0x00, 0xFF, 0xFF, 0x00, 0x75,
    0xFF, 0xD9, 0x04, 0xB3, 0x06, 0x03, 0x00, 0x22, 0x00, 0xD0, 0x00, 0x00, 0x00, 0x03, 0x01, 0x49,
    0x03, 0x37, 0x00, 0x00, 0xFF, 0xFF, 0x00, 0x75, 0xFF, 0xD9, 0x04, 0xB3, 0x05, 0xE1, 0x00, 0x22,
    0x00, 0xD0, 0x00, 0x00, 0x00, 0x03, 0x01, 0x4A, 0x04, 0x56, 0x00, 0x00, 0xFF, 0xFF, 0x00, 0x75,
    0xFF, 0xD9, 0x04, 0xB3, 0x05, 0x81, 0x00, 0x22, 0x00, 0xD0, 0x00, 0x00, 0x00, 0x03, 0x01, 0x4B,
    0x04, 0x15, 0x00, 0x00, 0x00, 0x01, 0x00, 0x75, 0xFE, 0x5D, 0x04, 0xB3, 0x03, 0xCE, 0x00, 0x2C,
    0x00, 0x00, 0x04, 0x37, 0x17, 0x06, 0x23, 0x22, 0x26, 0x35, 0x34, 0x36, 0x37, 0x23, 0x26, 0x27,
    0x0E, 0x02, 0x23, 0x22, 0x26, 0x26, 0x35, 0x11, 0x21, 0x11, 0x14, 0x16, 0x33, 0x32, 0x36, 0x36,
    0x35, 0x11, 0x21, 0x11, 0x14, 0x16, 0x16, 0x17, 0x06, 0x06, 0x15, 0x14, 0x16, 0x33, 0x04, 0x6C,
    0x19, 0x1E, 0x46, 0x4C, 0x71, 0x7C, 0x29, 0x27, 0x01, 0x28, 0x16, 0x0D, 0x4B, 0x83, 0x59, 0x90,
    0xB1, 0x4B, 0x01, 0x3C, 0x4A, 0x66, 0x35, 0x56, 0x31, 0x01, 0x35, 0x18, 0x24, 0x25, 0x52, 0x59,
    0x21, 0x1E, 0xEA, 0x0C, 0xB2, 0x13, 0x5B, 0x53, 0x36, 0x69, 0x2F, 0x56, 0x58, 0x21, 0x48, 0x34,
    0x6D, 0xB0, 0x69, 0x02, 0x5D, 0xFD, 0xD6, 0x5F, 0x72, 0x40, 0x6F, 0x43, 0x02, 0x0A, 0xFD, 0xF4,
    0x68, 0x8C, 0x5C, 0x4C, 0x33, 0x66, 0x2B, 0x24, 0x28, 0x00, 0x00, 0x00, 0xFF, 0xFF, 0x00, 0x75,
    0xFF, 0xD9, 0x04, 0xB3, 0x06, 0x38, 0x00, 0x22, 0x00, 0xD0, 0x00, 0x00, 0x00, 0x03, 0x01, 0x4D,
    0x03, 0x80, 0x00, 0x00, 0x00, 0x01, 0x00, 0x04, 0xFF, 0xFB, 0x04, 0x54, 0x03, 0xCE, 0x00, 0x0D,
    0x00, 0x00, 0x13, 0x21, 0x13, 0x16, 0x16, 0x17, 0x33, 0x36, 0x36, 0x37, 0x13, 0x21, 0x01, 0x21,
    0x04, 0x01, 0x51, 0xB8, 0x06, 0x18, 0x02, 0x04, 0x02, 0x17, 0x05, 0xBD, 0x01, 0x48, 0xFE, 0x82,
    0xFE, 0x97, 0x03, 0xCE, 0xFD, 0x9F, 0x14, 0x76, 0x10, 0x13, 0x73, 0x10, 0x02, 0x65, 0xFC, 0x2D,
    0x00, 0x01, 0x00, 0x10, 0xFF, 0xFB, 0x06, 0x50, 0x03, 0xCF, 0x00, 0x20, 0x00, 0x00, 0x13, 0x21,
    0x13, 0x16, 0x16, 0x17, 0x33, 0x36, 0x36, 0x37, 0x13, 0x21, 0x13, 0x16, 0x16, 0x17, 0x33, 0x36,
    0x36, 0x37, 0x13, 0x25, 0x01, 0x21, 0x03, 0x26, 0x27, 0x23, 0x06, 0x06, 0x07, 0x03, 0x21, 0x10,
    0x01, 0x42, 0x8D, 0x03, 0x08, 0x02, 0x08, 0x02, 0x0D, 0x03, 0xB2, 0x01, 0x2C, 0x9E, 0x04, 0x07,
    0x02, 0x08, 0x02, 0x07, 0x03, 0x88, 0x01, 0x25, 0xFE, 0xD9, 0xFE, 0xB4, 0x9C, 0x06, 0x07, 0x04,
    0x02, 0x0B, 0x03, 0xA7, 0xFE, 0xB9, 0x03, 0xCE, 0xFD, 0x92, 0x14, 0x46, 0x18, 0x17, 0x54, 0x0C,
    0x02, 0x69, 0xFD, 0x85, 0x12, 0x3E, 0x16, 0x13, 0x46, 0x0B, 0x02, 0x7D, 0x01, 0xFC, 0x2C, 0x02,
    0x42, 0x17, 0x57, 0x13, 0x4D, 0x0D, 0xFD, 0xBD, 0xFF, 0xFF, 0x00, 0x10, 0xFF, 0xFB, 0x06, 0x50,
    0x05, 0xE5, 0x00, 0x22, 0x00, 0xDA, 0x00, 0x00, 0x00, 0x03, 0x01, 0x40, 0x04, 0xAD, 0x00, 0x00,
    0xFF, 0xFF, 0x00, 0x10, 0xFF, 0xFB, 0x06, 0x50, 0x05, 0xE7, 0x00, 0x22, 0x00, 0xDA, 0x00, 0x00,
    0x00, 0x03, 0x01, 0x44, 0x04, 0xBB, 0x00, 0x00, 0xFF, 0xFF, 0x00, 0x10, 0xFF, 0xFB, 0x06, 0x50,
    0x05, 0xC2, 0x00, 0x22, 0x00, 0xDA, 0x00, 0x00, 0x00, 0x03, 0x01, 0x47, 0x05, 0x0E, 0x00, 0x00,
    0xFF, 0xFF, 0x00, 0x10, 0xFF, 0xFB, 0x06, 0x50, 0x06, 0x03, 0x00, 0x22, 0x00, 0xDA, 0x00, 0x00,
    0x00, 0x03, 0x01, 0x49, 0x03, 0xFC, 0x00, 0x00, 0x00, 0x01, 0x00, 0x11, 0x00, 0x00, 0x04, 0x66,
    0x03, 0xCE, 0x00, 0x0D, 0x00, 0x00, 0x01, 0x01, 0x21, 0x13, 0x33, 0x13, 0x21, 0x01, 0x01, 0x21,
    0x03, 0x23, 0x03, 0x21, 0x01, 0x96, 0xFE, 0x94, 0x01, 0x4E, 0xC8, 0x04, 0xCE, 0x01, 0x50, 0xFE,
    0x8A, 0x01, 0x7A, 0xFE, 0xA4, 0xCF, 0x04, 0xCA, 0xFE, 0xA4, 0x01, 0xEC, 0x01, 0xE2, 0xFE, 0xD4,
    0x01, 0x2C, 0xFE, 0x2C, 0xFE, 0x06, 0x01, 0x2C, 0xFE, 0xD4, 0x00, 0x00, 0x00, 0x01, 0xFF, 0xFC,
    0xFE, 0x1E, 0x04, 0x54, 0x03, 0xD0, 0x00, 0x12, 0x00, 0x00, 0x17, 0x36, 0x36, 0x37, 0x37, 0x01,
    0x21, 0x13, 0x17, 0x33, 0x37, 0x13, 0x25, 0x01, 0x0E, 0x02, 0x07, 0x07, 0x49, 0x7F, 0x8E, 0x2F,
    0x12, 0xFE, 0x65, 0x01, 0x5F, 0xC2, 0x14, 0x06, 0x14, 0xCE, 0x01, 0x3B, 0xFE, 0x39, 0x42, 0xA4,
    0xA1, 0x7D, 0x1B, 0xC7, 0x10, 0x46, 0x47, 0x2F, 0x03, 0xC9, 0xFD, 0xB4, 0x4E, 0x4C, 0x02, 0x4E,
    0x02, 0xFB, 0xA6, 0x83, 0x8A, 0x33, 0x14, 0x04, 0xFF, 0xFF, 0xFF, 0xFC, 0xFE, 0x1E, 0x04, 0x54,
    0x05, 0xE5, 0x00, 0x22, 0x00, 0xE0, 0x00, 0x00, 0x00, 0x03, 0x01, 0x40, 0x03, 0xA3, 0x00, 0x00,
    0xFF, 0xFF, 0xFF, 0xFC, 0xFE, 0x1E, 0x04, 0x54, 0x05, 0xE7, 0x00, 0x22, 0x00, 0xE0, 0x00, 0x00,
    0x00, 0x03, 0x01, 0x44, 0x03, 0xB1, 0x00, 0x00, 0xFF, 0xFF, 0xFF, 0xFC, 0xFE, 0x1E, 0x04, 0x54,
    0x05, 0xC2, 0x00, 0x22, 0x00, 0xE0, 0x00, 0x00, 0x00, 0x03, 0x01, 0x47, 0x04, 0x04, 0x00, 0x00,
    0xFF, 0xFF, 0xFF, 0xFC, 0xFE, 0x1E, 0x04, 0x54, 0x06, 0x03, 0x00, 0x22, 0x00, 0xE0, 0x00, 0x00,
    0x00, 0x03, 0x01, 0x49, 0x02, 0xF2, 0x00, 0x00, 0x00, 0x01, 0x00, 0x21, 0x00, 0x00, 0x03, 0xB0,
    0x03, 0xCE, 0x00, 0x09, 0x00, 0x00, 0x37, 0x01, 0x21, 0x35, 0x21, 0x15, 0x01, 0x21, 0x15, 0x21,
    0x21, 0x01, 0xE8, 0xFE, 0x47, 0x03, 0x5E, 0xFE, 0x34, 0x01, 0xCE, 0xFC, 0x71, 0x33, 0x02, 0xA2,
    0xF9, 0x2F, 0xFD, 0x47, 0xE6, 0x00, 0x00, 0x00, 0xFF, 0xFF, 0x00, 0x21, 0x00, 0x00, 0x03, 0xB0,
    0x05, 0xE5, 0x00, 0x22, 0x00, 0xE5, 0x00, 0x00, 0x00, 0x03, 0x01, 0x40, 0x03, 0x71, 0x00, 0x00,
    0xFF, 0xFF, 0x00, 0x21, 0x00, 0x00, 0x03, 0xB0, 0x05, 0xE7, 0x00, 0x22, 0x00, 0xE5, 0x00, 0x00,
    0x00, 0x03, 0x01, 0x42, 0x03, 0x7C, 0x00, 0x00, 0xFF, 0xFF, 0x00, 0x21, 0x00, 0x00, 0x03, 0xB0,
    0x05, 0xCF, 0x00, 0x22, 0x00, 0xE5, 0x00, 0x00, 0x00, 0x03, 0x01, 0x48, 0x02, 0xF8, 0x00, 0x00,
    0x00, 0x02, 0x00, 0x62, 0xFF, 0xE5, 0x04, 0x38, 0x05, 0xB2, 0x00, 0x10, 0x00, 0x1D, 0x00, 0x00,
    0x04, 0x26, 0x02, 0x35, 0x34, 0x12, 0x36, 0x33, 0x15, 0x32, 0x16, 0x12, 0x15, 0x14, 0x02, 0x06,
    0x23, 0x13, 0x32, 0x36, 0x35, 0x34, 0x26, 0x23, 0x22, 0x02, 0x15, 0x14, 0x16, 0x33, 0x01, 0xA9,
    0xD7, 0x70, 0x77, 0xE5, 0xA1, 0x96, 0xD4, 0x6F, 0x77, 0xE2, 0x9F, 0x12, 0x52, 0x5A, 0x57, 0x4F,
    0x59, 0x62, 0x5E, 0x56, 0x1B, 0xA8, 0x01, 0x40, 0xE2, 0xF4, 0x01, 0x5A, 0xB5, 0x02, 0xAC, 0xFE,
    0xB6, 0xE8, 0xED, 0xFE, 0xB0, 0xB0, 0x01, 0x14, 0xEF, 0xDA, 0xE3, 0xFA, 0xFF, 0x00, 0xE9, 0xD5,
    0xE9, 0x00, 0x00, 0x00, 0x00, 0x01, 0x00, 0xA5, 0xFF, 0xFF, 0x03, 0x4D, 0x05, 0xBA, 0x00, 0x06,
    0x00, 0x00, 0x01, 0x05, 0x03, 0x25, 0x33, 0x13, 0x21, 0x02, 0x29, 0xFE, 0xB4, 0x38, 0x02, 0x0C,
    0x9B, 0x01, 0xFE, 0xDC, 0x04, 0x63, 0x4C, 0x01, 0x11, 0x92, 0xFA, 0x45, 0x00, 0x01, 0x00, 0x76,
    0x00, 0x00, 0x03, 0xF5, 0x05, 0xB6, 0x00, 0x23, 0x00, 0x00, 0x37, 0x34, 0x36, 0x36, 0x37, 0x3E,
    0x02, 0x35, 0x34, 0x23, 0x22, 0x06, 0x07, 0x06, 0x07, 0x03, 0x36, 0x37, 0x36, 0x36, 0x33, 0x32,
    0x04, 0x15, 0x14, 0x06, 0x06, 0x07, 0x0E, 0x02, 0x15, 0x21, 0x11, 0x21, 0x76, 0x5A, 0x80, 0x66,
    0x4D, 0x57, 0x3A, 0xC4, 0x3F, 0x7E, 0x56, 0x11, 0x13, 0x1A, 0x23, 0x07, 0x5C, 0x94, 0x52, 0xCA,
    0x01, 0x09, 0x55, 0x76, 0x5C, 0x3B, 0x43, 0x2B, 0x02, 0x07, 0xFC, 0x81, 0x3D, 0xA4, 0xE4, 0x8B,
    0x53, 0x3F, 0x58, 0x7A, 0x50, 0x9A, 0x18, 0x14, 0x05, 0x04, 0x01, 0x21, 0x06, 0x02, 0x10, 0x14,
    0xAC, 0xD9, 0x89, 0xCD, 0x86, 0x53, 0x34, 0x45, 0x50, 0x2E, 0xFE, 0xF5, 0x00, 0x01, 0x00, 0x9F,
    0xFF, 0xEB, 0x03, 0xF3, 0x05, 0xB4, 0x00, 0x28, 0x00, 0x00, 0x13, 0x16, 0x16, 0x33, 0x32, 0x36,
    0x35, 0x34, 0x21, 0x03, 0x20, 0x35, 0x34, 0x26, 0x23, 0x22, 0x06, 0x07, 0x27, 0x36, 0x36, 0x37,
    0x36, 0x36, 0x33, 0x32, 0x04, 0x15, 0x10, 0x05, 0x15, 0x1E, 0x02, 0x15, 0x14, 0x04, 0x23, 0x22,
    0x26, 0x27, 0xBB, 0x27, 0x80, 0x43, 0x77, 0x9F, 0xFE, 0xA7, 0x06, 0x01, 0x2C, 0x82, 0x64, 0x34,
    0x68, 0x22, 0x12, 0x05, 0x0D, 0x0A, 0x48, 0x7F, 0x48, 0xC2, 0x01, 0x03, 0xFE, 0xEB, 0x68, 0x94,
    0x4A, 0xFE, 0xCA, 0xE0, 0x61, 0xB1, 0x2C, 0x01, 0x11, 0x0D, 0x13, 0x46, 0x4F, 0xC9, 0x01, 0x2B,
    0xB8, 0x4C, 0x3F, 0x0E, 0x08, 0xF0, 0x01, 0x02, 0x01, 0x0B, 0x0E, 0x97, 0xC2, 0xFE, 0xE4, 0x50,
    0x04, 0x0B, 0x63, 0x94, 0x54, 0xED, 0xBD, 0x1B, 0x0D, 0x00, 0x00, 0x00, 0x00, 0x02, 0x00, 0x2F,
    0xFF, 0xFF, 0x04, 0x6A, 0x05, 0x9A, 0x00, 0x0A, 0x00, 0x0D, 0x00, 0x00, 0x01, 0x21, 0x35, 0x01,
    0x05, 0x11, 0x33, 0x15, 0x23, 0x11, 0x21, 0x11, 0x11, 0x01, 0x02, 0xD1, 0xFD, 0x5E, 0x02, 0x96,
    0x01, 0x15, 0x90, 0x90, 0xFE, 0xF7, 0xFE, 0xB6, 0x01, 0x00, 0xAC, 0x03, 0xEE, 0x01, 0xFC, 0x52,
    0xEB, 0xFE, 0xFF, 0x01, 0xEC, 0x01, 0xF1, 0xFE, 0x0F, 0x00, 0x00, 0x00, 0x00, 0x01, 0x00, 0x96,
    0xFF, 0xEB, 0x04, 0x03, 0x05, 0x9A, 0x00, 0x1E, 0x00, 0x00, 0x13, 0x16, 0x16, 0x33, 0x32, 0x36,
    0x35, 0x34, 0x26, 0x23, 0x22, 0x06, 0x07, 0x13, 0x21, 0x03, 0x21, 0x03, 0x37, 0x37, 0x32, 0x16,
    0x16, 0x15, 0x14, 0x04, 0x23, 0x22, 0x26, 0x26, 0x27, 0xB5, 0x27, 0xA3, 0x50, 0x75, 0x95, 0x96,
    0x7F, 0x2B, 0xA5, 0x2B, 0x1D, 0x02, 0xD3, 0x05, 0xFE, 0x4D, 0x0A, 0x1F, 0x33, 0x94, 0xC6, 0x60,
    0xFE, 0xC9, 0xE0, 0x4C, 0x90, 0x68, 0x12, 0x01, 0x1F, 0x0E, 0x1F, 0x55, 0x65, 0x63, 0x64, 0x08,
    0x04, 0x03, 0x33, 0xFE, 0xEA, 0xFE, 0xF1, 0x02, 0x03, 0x74, 0xCA, 0x83, 0xFE, 0xD0, 0x13, 0x1B,
    0x0B, 0x00, 0x00, 0x00, 0x00, 0x02, 0x00, 0x6B, 0xFF, 0xE6, 0x04, 0x2E, 0x05, 0xAF, 0x00, 0x18,
    0x00, 0x25, 0x00, 0x00, 0x00, 0x16, 0x16, 0x15, 0x14, 0x06, 0x06, 0x23, 0x20, 0x02, 0x11, 0x10,
    0x12, 0x24, 0x33, 0x32, 0x17, 0x03, 0x26, 0x23, 0x22, 0x06, 0x07, 0x36, 0x33, 0x12, 0x36, 0x35,
    0x34, 0x26, 0x23, 0x27, 0x22, 0x07, 0x1E, 0x02, 0x33, 0x03, 0x1E, 0xBA, 0x56, 0x7C, 0xD3, 0x81,
    0xFE, 0xE0, 0xD3, 0x84, 0x01, 0x0D, 0xD2, 0x6C, 0x87, 0x1E, 0x5C, 0x43, 0xB4, 0xA3, 0x11, 0x69,
    0x8C, 0x2D, 0x4E, 0x56, 0x5D, 0x19, 0x5E, 0x4A, 0x03, 0x18, 0x59, 0x5A, 0x03, 0x8E, 0x7F, 0xCA,
    0x73, 0x9C, 0xDE, 0x72, 0x01, 0x81, 0x01, 0x0F, 0x01, 0x22, 0x01, 0x6B, 0xAC, 0x17, 0xFE, 0xE4,
    0x0E, 0xA7, 0x9E, 0x49, 0xFD, 0x67, 0x6F, 0x56, 0x49, 0x66, 0x01, 0x26, 0x61, 0x89, 0x65, 0x00,
    0x00, 0x01, 0x00, 0x94, 0x00, 0x00, 0x04, 0x5E, 0x05, 0x9A, 0x00, 0x06, 0x00, 0x00, 0x01, 0x21,
    0x11, 0x21, 0x17, 0x01, 0x21, 0x02, 0xEA, 0xFD, 0xAA, 0x03, 0xC8, 0x02, 0xFE, 0x37, 0xFE, 0xCE,
    0x04, 0x7A, 0x01, 0x20, 0x5D, 0xFA, 0xC3, 0x00, 0x00, 0x03, 0x00, 0x64, 0xFF, 0xE9, 0x04, 0x37,
    0x05, 0xB2, 0x00, 0x1D, 0x00, 0x29, 0x00, 0x35, 0x00, 0x00, 0x04, 0x26, 0x26, 0x35, 0x34, 0x36,
    0x36, 0x37, 0x26, 0x26, 0x35, 0x34, 0x36, 0x36, 0x33, 0x32, 0x16, 0x16, 0x15, 0x14, 0x06, 0x07,
    0x1E, 0x02, 0x15, 0x14, 0x06, 0x06, 0x23, 0x12, 0x36, 0x35, 0x34, 0x26, 0x23, 0x22, 0x06, 0x15,
    0x14, 0x16, 0x33, 0x12, 0x36, 0x35, 0x34, 0x26, 0x23, 0x22, 0x06, 0x15, 0x14, 0x16, 0x33, 0x01,
    0xBE, 0xE0, 0x7A, 0x4A, 0x86, 0x58, 0x69, 0x80, 0x6B, 0xC3, 0x81, 0x7E, 0xC0, 0x69, 0x7A, 0x64,
    0x55, 0x80, 0x47, 0x79, 0xDC, 0x91, 0x42, 0x48, 0x47, 0x3B, 0x42, 0x4F, 0x4E, 0x41, 0x57, 0x69,
    0x6A, 0x58, 0x58, 0x6A, 0x6B, 0x58, 0x17, 0x69, 0xC0, 0x7E, 0x52, 0x96, 0x72, 0x1E, 0x33, 0xAC,
    0x5B, 0x6E, 0xA7, 0x5B, 0x5B, 0xA7, 0x6E, 0x59, 0xAD, 0x34, 0x1F, 0x72, 0x96, 0x51, 0x7E, 0xC0,
    0x69, 0x03, 0xBF, 0x4F, 0x42, 0x41, 0x4F, 0x4F, 0x41, 0x42, 0x4F, 0xFD, 0x2F, 0x6C, 0x5A, 0x55,
    0x67, 0x66, 0x55, 0x5A, 0x6D, 0x00, 0x00, 0x00, 0x00, 0x02, 0x00, 0x60, 0xFF, 0xE9, 0x04, 0x21,
    0x05, 0xB3, 0x00, 0x17, 0x00, 0x23, 0x00, 0x00, 0x00, 0x12, 0x11, 0x10, 0x00, 0x21, 0x22, 0x27,
    0x13, 0x16, 0x33, 0x32, 0x36, 0x37, 0x06, 0x23, 0x22, 0x26, 0x26, 0x35, 0x34, 0x36, 0x36, 0x33,
    0x12, 0x37, 0x2E, 0x02, 0x23, 0x22, 0x06, 0x15, 0x14, 0x16, 0x33, 0x03, 0x36, 0xEB, 0xFE, 0xF1,
    0xFE, 0xB0, 0x5F, 0x6E, 0x14, 0x5A, 0x45, 0x9E, 0x98, 0x16, 0x59, 0xA3, 0x6C, 0xBB, 0x71, 0x71,
    0xD2, 0x8B, 0x8E, 0x42, 0x05, 0x2A, 0x54, 0x44, 0x5A, 0x4E, 0x6B, 0x54, 0x05, 0xB3, 0xFE, 0xAC,
    0xFE, 0xC0, 0xFE, 0x83, 0xFE, 0x47, 0x13, 0x01, 0x21, 0x12, 0xA9, 0xA4, 0x46, 0x69, 0xCF, 0x92,
    0x88, 0xD6, 0x79, 0xFD, 0x6B, 0x4B, 0x77, 0x8F, 0x42, 0x6C, 0x52, 0x68, 0x6D, 0x00, 0x00, 0x00,
    0x00, 0x03, 0x00, 0x23, 0xFF, 0x7E, 0x07, 0x56, 0x05, 0xCC, 0x00, 0x03, 0x00, 0x0A, 0x00, 0x29,
    0x00, 0x00, 0x05, 0x01, 0x17, 0x01, 0x03, 0x07, 0x27, 0x25, 0x33, 0x13, 0x21, 0x01, 0x34, 0x36,
    0x36, 0x37, 0x3E, 0x02, 0x35, 0x34, 0x23, 0x22, 0x06, 0x07, 0x27, 0x32, 0x37, 0x36, 0x36, 0x33,
    0x32, 0x16, 0x15, 0x14, 0x06, 0x06, 0x07, 0x07, 0x21, 0x15, 0x21, 0x01, 0x41, 0x03, 0xA3, 0xEA,
    0xFC, 0x5D, 0xDE, 0xF2, 0x38, 0x01, 0x9E, 0x9B, 0x01, 0xFE, 0xF0, 0x03, 0x70, 0x31, 0x44, 0x39,
    0x30, 0x36, 0x24, 0x83, 0x25, 0x4F, 0x1E, 0x1A, 0x02, 0x22, 0x44, 0x73, 0x3D, 0x8D, 0xB4, 0x3A,
    0x4B, 0x36, 0x11, 0x01, 0x03, 0xFD, 0x67, 0x1E, 0x05, 0xEA, 0x64, 0xFA, 0x16, 0x04, 0xF4, 0x4C,
    0xF3, 0x92, 0xFC, 0xA1, 0xFD, 0xF1, 0x38, 0x5B, 0x42, 0x2E, 0x26, 0x32, 0x3D, 0x23, 0x79, 0x12,
    0x0C, 0xEF, 0x07, 0x0D, 0x11, 0x7D, 0x9D, 0x42, 0x78, 0x58, 0x34, 0x10, 0xF7, 0x00, 0x00, 0x00,
    0x00, 0x04, 0x00, 0x23, 0xFF, 0x7E, 0x07, 0x4D, 0x05, 0xCC, 0x00, 0x03, 0x00, 0x0A, 0x00, 0x15,
    0x00, 0x18, 0x00, 0x00, 0x05, 0x01, 0x17, 0x01, 0x03, 0x07, 0x27, 0x25, 0x33, 0x13, 0x21, 0x01,
    0x21, 0x35, 0x01, 0x05, 0x11, 0x33, 0x15, 0x23, 0x15, 0x23, 0x11, 0x35, 0x07, 0x01, 0x45, 0x03,
    0xA3, 0xEA, 0xFC, 0x5D, 0xE2, 0xF2, 0x38, 0x01, 0x9E, 0x9B, 0x01, 0xFE, 0xF0, 0x04, 0xA8, 0xFE,
    0x6A, 0x01, 0x42, 0x01, 0x29, 0x83, 0x83, 0xD5, 0x8E, 0x1E, 0x05, 0xEA, 0x64, 0xFA, 0x16, 0x04,
    0xF4, 0x4C, 0xF3, 0x92, 0xFC, 0xA1, 0xFE, 0x64, 0xAC, 0x01, 0xFA, 0x01, 0xFE, 0x14, 0xB9, 0xB1,
    0x01, 0x6A, 0xDF, 0xDF, 0x00, 0x04, 0x00, 0x79, 0xFF, 0x7E, 0x07, 0x7B, 0x05, 0xCC, 0x00, 0x03,
    0x00, 0x24, 0x00, 0x2F, 0x00, 0x32, 0x00, 0x00, 0x05, 0x01, 0x17, 0x01, 0x00, 0x27, 0x37, 0x16,
    0x33, 0x32, 0x35, 0x34, 0x26, 0x23, 0x27, 0x32, 0x35, 0x34, 0x23, 0x22, 0x07, 0x27, 0x36, 0x33,
    0x32, 0x16, 0x16, 0x15, 0x14, 0x07, 0x15, 0x16, 0x15, 0x14, 0x06, 0x06, 0x23, 0x01, 0x21, 0x35,
    0x01, 0x05, 0x11, 0x33, 0x15, 0x23, 0x15, 0x23, 0x11, 0x35, 0x07, 0x01, 0x73, 0x03, 0xA3, 0xEA,
    0xFC, 0x5D, 0xFE, 0x7C, 0x60, 0x1E, 0x55, 0x60, 0x64, 0x62, 0x5E, 0x04, 0xB3, 0x45, 0x5C, 0x4C,
    0x1E, 0x62, 0x8D, 0x58, 0x83, 0x46, 0xA3, 0xC0, 0x59, 0xA1, 0x69, 0x04, 0xC5, 0xFE, 0x6A, 0x01,
    0x42, 0x01, 0x29, 0x83, 0x83, 0xD5, 0x8E, 0x1E, 0x05, 0xEA, 0x64, 0xFA, 0x16, 0x02, 0xB4, 0x21,
    0xD3, 0x1C, 0x3E, 0x24, 0x25, 0xBA, 0x4C, 0x3C, 0x19, 0xCE, 0x25, 0x32, 0x5B, 0x3C, 0xA9, 0x38,
    0x04, 0x2D, 0xAD, 0x48, 0x6E, 0x3D, 0xFE, 0x7E, 0xAC, 0x01, 0xFA, 0x01, 0xFE, 0x14, 0xB9, 0xB1,
    0x01, 0x6A, 0xDF, 0xDF, 0x00, 0x01, 0x00, 0x2D, 0x03, 0x73, 0x02, 0x67, 0x06, 0xD2, 0x00, 0x06,
    0x00, 0x00, 0x01, 0x07, 0x27, 0x25, 0x33, 0x13, 0x21, 0x01, 0x57, 0xF2, 0x38, 0x01, 0x9E, 0x9B,
    0x01, 0xFE, 0xF0, 0x05, 0x99, 0x4C, 0xF3, 0x92, 0xFC, 0xA1, 0x00, 0x00, 0x00, 0x01, 0x00, 0x62,
    0x03, 0x75, 0x02, 0xFB, 0x06, 0xDC, 0x00, 0x1E, 0x00, 0x00, 0x13, 0x34, 0x36, 0x36, 0x37, 0x3E,
    0x02, 0x35, 0x34, 0x23, 0x22, 0x06, 0x07, 0x27, 0x32, 0x37, 0x36, 0x36, 0x33, 0x32, 0x16, 0x15,
    0x14, 0x06, 0x06, 0x07, 0x07, 0x21, 0x15, 0x21, 0x62, 0x31, 0x44, 0x39, 0x30, 0x36, 0x24, 0x83,
    0x25, 0x4F, 0x1E, 0x1A, 0x02, 0x22, 0x44, 0x73, 0x3D, 0x8D, 0xB4, 0x3A, 0x4B, 0x36, 0x11, 0x01,
    0x03, 0xFD, 0x67, 0x03, 0xB2, 0x38, 0x5B, 0x42, 0x2E, 0x26, 0x32, 0x3D, 0x23, 0x79, 0x12, 0x0C,
    0xEF, 0x07, 0x0D, 0x11, 0x7D, 0x9D, 0x42, 0x78, 0x58, 0x34, 0x10, 0xF7, 0x00, 0x01, 0x00, 0x83,
    0x03, 0x5F, 0x02, 0xCB, 0x06, 0xDA, 0x00, 0x20, 0x00, 0x00, 0x12, 0x27, 0x37, 0x16, 0x33, 0x32,
    0x35, 0x34, 0x26, 0x23, 0x27, 0x32, 0x35, 0x34, 0x23, 0x22, 0x07, 0x27, 0x36, 0x33, 0x32, 0x16,
    0x16, 0x15, 0x14, 0x07, 0x15, 0x16, 0x15, 0x14, 0x06, 0x06, 0x23, 0xE3, 0x60, 0x1E, 0x55, 0x60,
    0x64, 0x62, 0x5E, 0x04, 0xB3, 0x45, 0x5C, 0x4C, 0x1E, 0x62, 0x8D, 0x58, 0x83, 0x46, 0xA3, 0xC0,
    0x59, 0xA1, 0x69, 0x03, 0x5F, 0x21, 0xD3, 0x1C, 0x3E, 0x24, 0x25, 0xBA, 0x4C, 0x3C, 0x19, 0xCE,
    0x25, 0x32, 0x5B, 0x3C, 0xA9, 0x38, 0x04, 0x2D, 0xAD, 0x48, 0x6E, 0x3D, 0x00, 0x01, 0x00, 0x7C,
    0x02, 0xD2, 0x03, 0x42, 0x05, 0x9A, 0x00, 0x11, 0x00, 0x00, 0x01, 0x17, 0x07, 0x27, 0x17, 0x23,
    0x37, 0x07, 0x27, 0x37, 0x27, 0x37, 0x17, 0x27, 0x33, 0x07, 0x37, 0x17, 0x02, 0x79, 0xC9, 0x5D,
    0xB9, 0x10, 0xBA, 0x10, 0xB9, 0x5D, 0xC9, 0xC9, 0x5D, 0xB9, 0x10, 0xBA, 0x10, 0xB9, 0x5D, 0x04,
    0x36, 0x61, 0xA2, 0x7E, 0xDF, 0xDF, 0x7E, 0xA2, 0x61, 0x61, 0xA2, 0x7E, 0xDF, 0xDF, 0x7E, 0xA2,
    0x00, 0x01, 0xFF, 0xF7, 0xFF, 0x14, 0x03, 0x98, 0x05, 0xF0, 0x00, 0x03, 0x00, 0x00, 0x03, 0x25,
    0x01, 0x05, 0x09, 0x01, 0x04, 0x02, 0x9D, 0xFF, 0x00, 0x05, 0x9E, 0x52, 0xF9, 0x76, 0x52, 0x00,
    0x00, 0x01, 0x00, 0x63, 0x01, 0x6D, 0x01, 0xAC, 0x02, 0xAC, 0x00, 0x0B, 0x00, 0x00, 0x12, 0x26,
    0x35, 0x34, 0x36, 0x33, 0x32, 0x16, 0x15, 0x14, 0x06, 0x23, 0xBD, 0x5A, 0x5A, 0x4A, 0x4A, 0x5B,
    0x5B, 0x4A, 0x01, 0x6D, 0x57, 0x48, 0x48, 0x58, 0x58, 0x48, 0x48, 0x57, 0x00, 0x01, 0x00, 0x9D,
    0x00, 0xE7, 0x02, 0xC4, 0x03, 0x0D, 0x00, 0x0F, 0x00, 0x00, 0x24, 0x36, 0x36, 0x35, 0x34, 0x26,
    0x26, 0x23, 0x22, 0x06, 0x06, 0x15, 0x14, 0x16, 0x16, 0x33, 0x01, 0xFA, 0x7F, 0x4B, 0x4B, 0x7F,
    0x4B, 0x4B, 0x7E, 0x49, 0x4A, 0x7E, 0x4A, 0xE7, 0x4B, 0x7F, 0x4A, 0x4A, 0x7E, 0x4A, 0x49, 0x7E,
    0x4B, 0x4B, 0x7F, 0x4A, 0x00, 0x02, 0x00, 0x5C, 0xFF, 0xE7, 0x01, 0xCF, 0x04, 0x0C, 0x00, 0x0F,
    0x00, 0x1F, 0x00, 0x00, 0x12, 0x26, 0x26, 0x35, 0x34, 0x36, 0x36, 0x33, 0x32, 0x16, 0x16, 0x15,
    0x14, 0x06, 0x06, 0x23, 0x02, 0x26, 0x26, 0x35, 0x34, 0x36, 0x36, 0x33, 0x32, 0x16, 0x16, 0x15,
    0x14, 0x06, 0x06, 0x23, 0xDF, 0x53, 0x30, 0x31, 0x55, 0x35, 0x35, 0x54, 0x2F, 0x30, 0x56, 0x37,
    0x33, 0x53, 0x30, 0x31, 0x55, 0x35, 0x35, 0x54, 0x2F, 0x30, 0x56, 0x37, 0x02, 0x9B, 0x31, 0x55,
    0x33, 0x35, 0x54, 0x2F, 0x2F, 0x54, 0x35, 0x36, 0x54, 0x2F, 0xFD, 0x4C, 0x31, 0x56, 0x33, 0x35,
    0x54, 0x2F, 0x2F, 0x54, 0x35, 0x36, 0x55, 0x2F, 0x00, 0x01, 0x00, 0x1D, 0xFE, 0xD0, 0x01, 0xBE,
    0x00, 0xEE, 0x00, 0x07, 0x00, 0x00, 0x17, 0x36, 0x36, 0x37, 0x21, 0x06, 0x02, 0x07, 0x1D, 0x3F,
    0x49, 0x0B, 0x01, 0x0E, 0x01, 0x60, 0x5D, 0xB8, 0x64, 0xDA, 0x68, 0xA4, 0xFE, 0xE6, 0x60, 0x00,
    0xFF, 0xFF, 0x00, 0x94, 0xFF, 0xEA, 0x01, 0xDD, 0x01, 0x29, 0x00, 0x22, 0x01, 0x03, 0x19, 0x00,
    0x00, 0x23, 0x01, 0x03, 0x02, 0x85, 0x00, 0x00, 0x00, 0x03, 0x01, 0x03, 0x04, 0xF1, 0x00, 0x00,
    0x00, 0x02, 0x00, 0xAA, 0xFF, 0xEA, 0x01, 0xF3, 0x05, 0x9A, 0x00, 0x03, 0x00, 0x0F, 0x00, 0x00,
    0x13, 0x21, 0x03, 0x23, 0x12, 0x26, 0x35, 0x34, 0x36, 0x33, 0x32, 0x16, 0x15, 0x14, 0x06, 0x23,
    0xCF, 0x01, 0x10, 0x13, 0xEB, 0x23, 0x5A, 0x5A, 0x4A, 0x4A, 0x5B, 0x5B, 0x4A, 0x05, 0x9A, 0xFC,
    0x2C, 0xFE, 0x24, 0x57, 0x48, 0x48, 0x58, 0x58, 0x48, 0x48, 0x57, 0x00, 0xFF, 0xFF, 0x00, 0xAB,
    0xFE, 0x51, 0x01, 0xF4, 0x04, 0x01, 0x00, 0x0B, 0x01, 0x00, 0x02, 0x9E, 0x03, 0xEB, 0xC0, 0x00,
    0x00, 0x02, 0x00, 0x27, 0x00, 0x77, 0x04, 0x97, 0x05, 0x9E, 0x00, 0x1B, 0x00, 0x1F, 0x00, 0x00,
    0x01, 0x07, 0x33, 0x07, 0x23, 0x03, 0x23, 0x13, 0x23, 0x03, 0x23, 0x13, 0x23, 0x37, 0x33, 0x37,
    0x23, 0x37, 0x33, 0x13, 0x33, 0x03, 0x33, 0x13, 0x33, 0x03, 0x33, 0x07, 0x21, 0x23, 0x07, 0x33,
    0x03, 0xAA, 0x31, 0xD8, 0x1D, 0xE5, 0x48, 0xCF, 0x48, 0xBF, 0x48, 0xD2, 0x47, 0xC7, 0x1D, 0xD3,
    0x30, 0xDA, 0x1D, 0xE6, 0x4A, 0xD5, 0x4A, 0xC0, 0x4C, 0xCF, 0x4C, 0xC3, 0x1D, 0xFE, 0x61, 0xC0,
    0x31, 0xC0, 0x03, 0x75, 0xE6, 0xC5, 0xFE, 0xB1, 0x01, 0x4F, 0xFE, 0xAD, 0x01, 0x53, 0xC5, 0xE6,
    0xC5, 0x01, 0x60, 0xFE, 0xA0, 0x01, 0x64, 0xFE, 0x9C, 0xC5, 0xE6, 0x00, 0x00, 0x01, 0x00, 0x7B,
    0xFF, 0xEA, 0x01, 0xC4, 0x01, 0x29, 0x00, 0x0B, 0x00, 0x00, 0x16, 0x26, 0x35, 0x34, 0x36, 0x33,
    0x32, 0x16, 0x15, 0x14, 0x06, 0x23, 0xD5, 0x5A, 0x5A, 0x4A, 0x4A, 0x5B, 0x5B, 0x4A, 0x16, 0x57,
    0x48, 0x48, 0x58, 0x58, 0x48, 0x48, 0x57, 0x00, 0x00, 0x02, 0x00, 0x7C, 0xFF, 0xEA, 0x03, 0x38,
    0x05, 0xB2, 0x00, 0x1E, 0x00, 0x2A, 0x00, 0x00, 0x01, 0x34, 0x36, 0x36, 0x37, 0x3E, 0x02, 0x35,
    0x34, 0x26, 0x27, 0x22, 0x07, 0x27, 0x36, 0x36, 0x33, 0x32, 0x16, 0x15, 0x14, 0x06, 0x06, 0x07,
    0x0E, 0x02, 0x15, 0x15, 0x23, 0x12, 0x26, 0x35, 0x34, 0x36, 0x33, 0x32, 0x16, 0x15, 0x14, 0x06,
    0x23, 0x01, 0x0E, 0x2D, 0x40, 0x32, 0x27, 0x2C, 0x1D, 0x46, 0x40, 0x64, 0x92, 0x25, 0x41, 0x9B,
    0x4C, 0xC1, 0xD3, 0x32, 0x46, 0x38, 0x2C, 0x32, 0x22, 0xFA, 0x35, 0x5A, 0x5A, 0x4A, 0x4A, 0x5B,
    0x5B, 0x4A, 0x02, 0x0A, 0x66, 0x86, 0x4B, 0x29, 0x20, 0x2F, 0x47, 0x33, 0x43, 0x4B, 0x01, 0x23,
    0xED, 0x12, 0x14, 0xBA, 0xA9, 0x64, 0x86, 0x4F, 0x2D, 0x24, 0x33, 0x4D, 0x35, 0xA8, 0xFE, 0x82,
    0x57, 0x48, 0x48, 0x58, 0x58, 0x48, 0x48, 0x57, 0xFF, 0xFF, 0x00, 0x62, 0xFE, 0x23, 0x03, 0x1E,
    0x03, 0xEB, 0x00, 0x0B, 0x01, 0x04, 0x03, 0x9A, 0x03, 0xD5, 0xC0, 0x00, 0x00, 0x02, 0x00, 0xBF,
    0x03, 0xE8, 0x03, 0x33, 0x05, 0xBC, 0x00, 0x03, 0x00, 0x07, 0x00, 0x00, 0x13, 0x33, 0x11, 0x23,
    0x01, 0x33, 0x11, 0x23, 0xBF, 0xF0, 0xF0, 0x01, 0x84, 0xF0, 0xF0, 0x05, 0xBC, 0xFE, 0x2C, 0x01,
    0xD4, 0xFE, 0x2C, 0x00, 0x00, 0x01, 0x00, 0xAF, 0x03, 0xE8, 0x01, 0x9F, 0x05, 0xBC, 0x00, 0x03,
    0x00, 0x00, 0x13, 0x33, 0x11, 0x23, 0xAF, 0xF0, 0xF0, 0x05, 0xBC, 0xFE, 0x2C, 0x00, 0x00, 0x00,
    0x00, 0x02, 0x00, 0x45, 0xFE, 0xD0, 0x01, 0xE6, 0x04, 0x0C, 0x00, 0x0F, 0x00, 0x17, 0x00, 0x00,
    0x12, 0x26, 0x26, 0x35, 0x34, 0x36, 0x36, 0x33, 0x32, 0x16, 0x16, 0x15, 0x14, 0x06, 0x06, 0x23,
    0x03, 0x36, 0x36, 0x37, 0x21, 0x06, 0x02, 0x07, 0xDF, 0x53, 0x30, 0x31, 0x55, 0x35, 0x35, 0x54,
    0x2F, 0x30, 0x56, 0x37, 0xCD, 0x3F, 0x49, 0x0B, 0x01, 0x0E, 0x01, 0x60, 0x5D, 0x02, 0x9B, 0x31,
    0x55, 0x33, 0x35, 0x54, 0x2F, 0x2F, 0x54, 0x35, 0x36, 0x54, 0x2F, 0xFC, 0xAD, 0x64, 0xDA, 0x68,
    0xA4, 0xFE, 0xE6, 0x60, 0xFF, 0xFF, 0xFF, 0xF4, 0xFF, 0x14, 0x03, 0x95, 0x05, 0xF0, 0x00, 0x43,
    0x00, 0xFA, 0x03, 0x8C, 0x00, 0x00, 0xC0, 0x00, 0x40, 0x00, 0x00, 0x00, 0xFF, 0xFF, 0x00, 0x00,
    0xFE, 0xD8, 0x03, 0x52, 0xFF, 0xB4, 0x00, 0x03, 0x01, 0x5B, 0x00, 0x00, 0xFA, 0x33, 0x00, 0x00,
    0x00, 0x01, 0x00, 0x68, 0xFE, 0xBA, 0x02, 0xA0, 0x05, 0x9A, 0x00, 0x1C, 0x00, 0x00, 0x00, 0x26,
    0x26, 0x35, 0x35, 0x34, 0x23, 0x35, 0x32, 0x35, 0x35, 0x34, 0x36, 0x36, 0x33, 0x15, 0x22, 0x15,
    0x15, 0x14, 0x07, 0x15, 0x16, 0x15, 0x15, 0x14, 0x16, 0x33, 0x15, 0x02, 0x0B, 0xB5, 0x56, 0x98,
    0x98, 0x56, 0xB5, 0x95, 0xA0, 0x9A, 0x9A, 0x4B, 0x55, 0xFE, 0xBA, 0x46, 0x9F, 0x88, 0xF0, 0xB8,
    0xB8, 0xBF, 0xDF, 0x8A, 0xA2, 0x49, 0xBB, 0xAE, 0xD5, 0xF0, 0x3F, 0x04, 0x3D, 0xF6, 0xCD, 0x62,
    0x52, 0xBB, 0x00, 0x00, 0xFF, 0xFF, 0x00, 0x4A, 0xFE, 0xBA, 0x02, 0x82, 0x05, 0x9A, 0x00, 0x43,
    0x01, 0x0B, 0x02, 0xEA, 0x00, 0x00, 0xC0, 0x00, 0x40, 0x00, 0x00, 0x00, 0x00, 0x01, 0x00, 0xD9,
    0xFE, 0xBA, 0x02, 0xAE, 0x05, 0x9A, 0x00, 0x07, 0x00, 0x00, 0x13, 0x21, 0x15, 0x23, 0x11, 0x33,
    0x15, 0x21, 0xD9, 0x01, 0xD5, 0xD1, 0xD1, 0xFE, 0x2B, 0x05, 0x9A, 0xC9, 0xFA, 0xB2, 0xC9, 0x00,
    0xFF, 0xFF, 0x00, 0x46, 0xFE, 0xBA, 0x02, 0x1B, 0x05, 0x9A, 0x00, 0x43, 0x01, 0x0D, 0x02, 0xF4,
    0x00, 0x00, 0xC0, 0x00, 0x40, 0x00, 0x00, 0x00, 0x00, 0x01, 0x00, 0x9E, 0xFE, 0xBA, 0x02, 0x9B,
    0x05, 0x9A, 0x00, 0x0D, 0x00, 0x00, 0x04, 0x02, 0x11, 0x10, 0x12, 0x37, 0x17, 0x06, 0x02, 0x15,
    0x14, 0x12, 0x17, 0x07, 0x01, 0x37, 0x99, 0x99, 0xAA, 0xBA, 0x7A, 0x6F, 0x6B, 0x76, 0xB2, 0x8B,
    0x01, 0x9F, 0x01, 0x11, 0x01, 0x08, 0x01, 0xA4, 0xC9, 0x6E, 0xBA, 0xFE, 0x91, 0xDE, 0xDA, 0xFE,
    0x9A, 0xB3, 0x78, 0x00, 0xFF, 0xFF, 0x00, 0x5F, 0xFE, 0xBA, 0x02, 0x5C, 0x05, 0x9A, 0x00, 0x43,
    0x01, 0x0F, 0x02, 0xFA, 0x00, 0x00, 0xC0, 0x00, 0x40, 0x00, 0x00, 0x00, 0x00, 0x01, 0x00, 0x00,
    0x01, 0x97, 0x07, 0xE8, 0x02, 0x73, 0x00, 0x03, 0x00, 0x00, 0x01, 0x21, 0x35, 0x21, 0x07, 0xE8,
    0xF8, 0x18, 0x07, 0xE8, 0x01, 0x97, 0xDC, 0x00, 0x00, 0x01, 0x00, 0x00, 0x01, 0x97, 0x04, 0x00,
    0x02, 0x73, 0x00, 0x03, 0x00, 0x00, 0x01, 0x21, 0x35, 0x21, 0x04, 0x00, 0xFC, 0x00, 0x04, 0x00,
    0x01, 0x97, 0xDC, 0x00, 0x00, 0x01, 0x00, 0x8F, 0x01, 0x97, 0x02, 0xB2, 0x02, 0x73, 0x00, 0x03,
    0x00, 0x00, 0x13, 0x21, 0x15, 0x21, 0x8F, 0x02, 0x23, 0xFD, 0xDD, 0x02, 0x73, 0xDC, 0x00, 0x00,
    0xFF, 0xFF, 0x00, 0x8F, 0x01, 0x97, 0x02, 0xB2, 0x02, 0x73, 0x00, 0x02, 0x01, 0x13, 0x00, 0x00,
    0x00, 0x02, 0x00, 0x21, 0x00, 0x97, 0x04, 0x73, 0x03, 0x3F, 0x00, 0x05, 0x00, 0x0B, 0x00, 0x00,
    0x13, 0x01, 0x21, 0x01, 0x01, 0x21, 0x13, 0x01, 0x21, 0x01, 0x01, 0x21, 0x21, 0x01, 0x4A, 0x01,
    0x34, 0xFE, 0xB2, 0x01, 0x4E, 0xFE, 0xCC, 0x8A, 0x01, 0x4A, 0x01, 0x34, 0xFE, 0xB2, 0x01, 0x4E,
    0xFE, 0xCC, 0x01, 0xE7, 0x01, 0x58, 0xFE, 0xA8, 0xFE, 0xB0, 0x01, 0x50, 0x01, 0x58, 0xFE, 0xA8,
    0xFE, 0xB0, 0x00, 0x00, 0x00, 0x02, 0x00, 0x35, 0x00, 0x97, 0x04, 0x91, 0x03, 0x3F, 0x00, 0x05,
    0x00, 0x0B, 0x00, 0x00, 0x37, 0x01, 0x01, 0x21, 0x01, 0x01, 0x33, 0x01, 0x01, 0x21, 0x01, 0x01,
    0x35, 0x01, 0x4E, 0xFE, 0xB2, 0x01, 0x34, 0x01, 0x4A, 0xFE, 0xB6, 0xAA, 0x01, 0x4E, 0xFE, 0xB2,
    0x01, 0x34, 0x01, 0x4A, 0xFE, 0xB6, 0x97, 0x01, 0x50, 0x01, 0x58, 0xFE, 0xA8, 0xFE, 0xB0, 0x01,
    0x50, 0x01, 0x58, 0xFE, 0xA8, 0xFE, 0xB0, 0x00, 0x00, 0x01, 0x00, 0x35, 0x00, 0x97, 0x02, 0xB3,
    0x03, 0x3F, 0x00, 0x05, 0x00, 0x00, 0x13, 0x01, 0x21, 0x01, 0x01, 0x21, 0x35, 0x01, 0x4A, 0x01,
    0x34, 0xFE, 0xB2, 0x01, 0x4E, 0xFE, 0xCC, 0x01, 0xE7, 0x01, 0x58, 0xFE, 0xA8, 0xFE, 0xB0, 0x00,
    0xFF, 0xFF, 0x00, 0x0D, 0x00, 0x97, 0x02, 0x8B, 0x03, 0x3F, 0x00, 0x43, 0x01, 0x17, 0x02, 0xC0,
    0x00, 0x00, 0xC0, 0x00, 0x40, 0x00, 0x00, 0x00, 0xFF, 0xFF, 0x01, 0xEC, 0xFE, 0xD0, 0x03, 0x8D,
    0x00, 0xEE, 0x00, 0x23, 0x00, 0xFE, 0x01, 0xCF, 0x00, 0x00, 0x00, 0x02, 0x00, 0xFE, 0x14, 0x00,
    0x00, 0x02, 0x00, 0x64, 0x03, 0xCE, 0x03, 0xA4, 0x05, 0xEC, 0x00, 0x07, 0x00, 0x0F, 0x00, 0x00,
    0x01, 0x06, 0x06, 0x07, 0x21, 0x36, 0x12, 0x37, 0x05, 0x06, 0x06, 0x07, 0x21, 0x36, 0x12, 0x37,
    0x02, 0x05, 0x3F, 0x49, 0x0B, 0xFE, 0xF2, 0x01, 0x60, 0x5D, 0x02, 0x82, 0x3F, 0x49, 0x0B, 0xFE,
    0xF2, 0x01, 0x60, 0x5D, 0x05, 0x74, 0x64, 0xDA, 0x68, 0xA4, 0x01, 0x1A, 0x60, 0x78, 0x64, 0xDA,
    0x68, 0xA4, 0x01, 0x1A, 0x60, 0x00, 0x00, 0x00, 0x00, 0x02, 0x00, 0x53, 0x03, 0x9E, 0x03, 0x93,
    0x05, 0xBC, 0x00, 0x07, 0x00, 0x0F, 0x00, 0x00, 0x13, 0x36, 0x36, 0x37, 0x21, 0x06, 0x02, 0x07,
    0x37, 0x36, 0x36, 0x37, 0x21, 0x06, 0x02, 0x07, 0x53, 0x3F, 0x49, 0x0B, 0x01, 0x0E, 0x01, 0x60,
    0x5D, 0xBC, 0x3F, 0x49, 0x0B, 0x01, 0x0E, 0x01, 0x60, 0x5D, 0x04, 0x16, 0x64, 0xDA, 0x68, 0xA4,
    0xFE, 0xE6, 0x60, 0x78, 0x64, 0xDA, 0x68, 0xA4, 0xFE, 0xE6, 0x60, 0x00, 0x00, 0x01, 0x00, 0x65,
    0x03, 0xCE, 0x02, 0x06, 0x05, 0xEC, 0x00, 0x07, 0x00, 0x00, 0x01, 0x06, 0x06, 0x07, 0x21, 0x36,
    0x12, 0x37, 0x02, 0x06, 0x3F, 0x49, 0x0B, 0xFE, 0xF2, 0x01, 0x60, 0x5D, 0x05, 0x74, 0x64, 0xDA,
    0x68, 0xA4, 0x01, 0x1A, 0x60, 0x00, 0x00, 0x00, 0xFF, 0xFF, 0x00, 0x8C, 0x03, 0x9E, 0x02, 0x2D,
    0x05, 0xBC, 0x00, 0x03, 0x00, 0xFE, 0x00, 0x6F, 0x04, 0xCE, 0x00, 0x00, 0xFF, 0xFF, 0x00, 0x3B,
    0xFE, 0xD0, 0x01, 0xDC, 0x00, 0xEE, 0x00, 0x02, 0x00, 0xFE, 0x1E, 0x00, 0x00, 0x01, 0x00, 0xA9,
    0xFF, 0x38, 0x04, 0x01, 0x04, 0xEC, 0x00, 0x1E, 0x00, 0x00, 0x24, 0x07, 0x15, 0x07, 0x35, 0x2E,
    0x02, 0x35, 0x34, 0x36, 0x36, 0x37, 0x11, 0x37, 0x11, 0x16, 0x17, 0x07, 0x26, 0x23, 0x22, 0x06,
    0x15, 0x14, 0x16, 0x33, 0x32, 0x36, 0x37, 0x17, 0x03, 0x9B, 0x64, 0xFB, 0x7F, 0xB5, 0x5F, 0x5E,
    0xB5, 0x80, 0xFB, 0x76, 0x51, 0x32, 0x67, 0x6D, 0x8E, 0x7F, 0x84, 0x7D, 0x35, 0x54, 0x45, 0x47,
    0x05, 0x0F, 0xBC, 0x02, 0xB7, 0x11, 0x82, 0xD6, 0x8D, 0x8A, 0xD6, 0x87, 0x13, 0x01, 0x0B, 0x02,
    0xFE, 0xF2, 0x0F, 0x21, 0xF6, 0x23, 0x79, 0x78, 0x80, 0x7C, 0x12, 0x15, 0xF2, 0x00, 0x00, 0x00,
    0x00, 0x02, 0x00, 0x33, 0x00, 0x31, 0x04, 0x3F, 0x04, 0x33, 0x00, 0x1B, 0x00, 0x2B, 0x00, 0x00,
    0x37, 0x37, 0x26, 0x35, 0x34, 0x37, 0x27, 0x37, 0x17, 0x36, 0x33, 0x32, 0x17, 0x37, 0x17, 0x07,
    0x16, 0x15, 0x14, 0x07, 0x17, 0x07, 0x27, 0x06, 0x23, 0x22, 0x27, 0x07, 0x00, 0x36, 0x36, 0x35,
    0x34, 0x26, 0x26, 0x23, 0x22, 0x06, 0x06, 0x15, 0x14, 0x16, 0x16, 0x33, 0x33, 0x8E, 0x42, 0x42,
    0x8E, 0x8E, 0x8F, 0x6B, 0x7E, 0x80, 0x6A, 0x8F, 0x8D, 0x8D, 0x44, 0x44, 0x8D, 0x8D, 0x8F, 0x6A,
    0x80, 0x7E, 0x6B, 0x8F, 0x01, 0xB7, 0x65, 0x3A, 0x3A, 0x65, 0x3F, 0x3E, 0x64, 0x39, 0x39, 0x64,
    0x3E, 0xC2, 0x8A, 0x6E, 0x77, 0x79, 0x6C, 0x8C, 0x91, 0x8D, 0x41, 0x41, 0x8D, 0x91, 0x8C, 0x70,
    0x75, 0x72, 0x73, 0x8A, 0x91, 0x8D, 0x41, 0x41, 0x8D, 0x01, 0x28, 0x39, 0x64, 0x3D, 0x3D, 0x64,
    0x39, 0x39, 0x64, 0x3D, 0x3D, 0x64, 0x39, 0x00, 0x00, 0x01, 0x00, 0x5F, 0xFF, 0x2E, 0x04, 0x47,
    0x06, 0x54, 0x00, 0x2F, 0x00, 0x00, 0x00, 0x16, 0x16, 0x17, 0x1E, 0x02, 0x15, 0x14, 0x06, 0x07,
    0x15, 0x21, 0x35, 0x26, 0x26, 0x27, 0x13, 0x16, 0x16, 0x33, 0x32, 0x36, 0x35, 0x34, 0x26, 0x26,
    0x27, 0x2E, 0x02, 0x35, 0x34, 0x36, 0x37, 0x35, 0x21, 0x15, 0x16, 0x17, 0x03, 0x27, 0x26, 0x26,
    0x23, 0x22, 0x06, 0x15, 0x01, 0xD7, 0x34, 0x50, 0x4B, 0x7E, 0xA8, 0x7B, 0xB5, 0xA9, 0xFE, 0xEB,
    0x58, 0xB0, 0x6D, 0x69, 0x78, 0x9E, 0x58, 0x78, 0x6E, 0x3C, 0x5B, 0x52, 0x86, 0xAC, 0x7E, 0xBA,
    0x97, 0x01, 0x15, 0x99, 0x91, 0x5F, 0x19, 0x3E, 0x6C, 0x4C, 0x53, 0x7B, 0x03, 0xE3, 0x32, 0x25,
    0x1C, 0x2E, 0x5C, 0xAC, 0x86, 0xAC, 0xE4, 0x27, 0xCF, 0xC2, 0x0A, 0x36, 0x32, 0x01, 0x17, 0x3B,
    0x2C, 0x53, 0x45, 0x25, 0x37, 0x28, 0x1D, 0x30, 0x58, 0xA2, 0x7B, 0xA9, 0xD5, 0x2A, 0xBC, 0xA6,
    0x0E, 0x3C, 0xFE, 0xF5, 0x09, 0x18, 0x1A, 0x45, 0x4A, 0x00, 0x00, 0x00, 0x00, 0x01, 0x00, 0x6D,
    0xFF, 0xEC, 0x04, 0x57, 0x05, 0xB4, 0x00, 0x2C, 0x00, 0x00, 0x25, 0x06, 0x06, 0x23, 0x22, 0x24,
    0x27, 0x23, 0x35, 0x33, 0x26, 0x35, 0x34, 0x37, 0x23, 0x35, 0x33, 0x36, 0x24, 0x33, 0x32, 0x16,
    0x17, 0x03, 0x26, 0x26, 0x23, 0x22, 0x06, 0x07, 0x21, 0x15, 0x21, 0x06, 0x15, 0x14, 0x17, 0x21,
    0x15, 0x21, 0x16, 0x16, 0x33, 0x32, 0x37, 0x04, 0x57, 0x46, 0xB3, 0x52, 0xE0, 0xFE, 0xDF, 0x31,
    0x6D, 0x56, 0x01, 0x02, 0x57, 0x70, 0x35, 0x01, 0x32, 0xEC, 0x3C, 0x90, 0x3C, 0x45, 0x24, 0x62,
    0x35, 0x61, 0x8A, 0x25, 0x01, 0x92, 0xFE, 0x48, 0x02, 0x02, 0x01, 0xB8, 0xFE, 0x6F, 0x24, 0x84,
    0x5C, 0x58, 0x86, 0x41, 0x28, 0x2D, 0xFA, 0xEA, 0xBD, 0x14, 0x28, 0x19, 0x2E, 0xBD, 0xEB, 0xFC,
    0x17, 0x15, 0xFE, 0xE8, 0x11, 0x13, 0x66, 0x61, 0xBD, 0x28, 0x17, 0x18, 0x2C, 0xBD, 0x5E, 0x62,
    0x42, 0x00, 0x00, 0x00, 0x00, 0x01, 0x00, 0x4E, 0xFE, 0xCF, 0x04, 0x28, 0x05, 0xA6, 0x00, 0x20,
    0x00, 0x00, 0x12, 0x26, 0x27, 0x37, 0x16, 0x33, 0x32, 0x37, 0x13, 0x23, 0x35, 0x33, 0x37, 0x3E,
    0x02, 0x33, 0x32, 0x17, 0x07, 0x26, 0x23, 0x22, 0x07, 0x07, 0x33, 0x15, 0x23, 0x03, 0x0E, 0x02,
    0x23, 0xBD, 0x4D, 0x22, 0x32, 0x1A, 0x24, 0x72, 0x1E, 0x58, 0x69, 0x8E, 0x16, 0x11, 0x72, 0xB3,
    0x72, 0x51, 0x4E, 0x28, 0x2B, 0x32, 0x74, 0x15, 0x17, 0x9E, 0xC0, 0x5B, 0x14, 0x73, 0xB3, 0x71,
    0xFE, 0xCF, 0x0B, 0x09, 0xF2, 0x0A, 0xC0, 0x02, 0x40, 0xD7, 0x95, 0x6F, 0xA6, 0x5A, 0x17, 0xEF,
    0x0A, 0x7F, 0x89, 0xD7, 0xFD, 0xAE, 0x82, 0xC0, 0x68, 0x00, 0x00, 0x00, 0x00, 0x01, 0x00, 0x94,
    0x00, 0x00, 0x03, 0xE4, 0x05, 0xAE, 0x00, 0x1F, 0x00, 0x00, 0x25, 0x15, 0x21, 0x35, 0x36, 0x36,
    0x35, 0x35, 0x23, 0x35, 0x33, 0x35, 0x34, 0x36, 0x21, 0x32, 0x17, 0x07, 0x26, 0x23, 0x22, 0x06,
    0x06, 0x15, 0x15, 0x37, 0x15, 0x23, 0x15, 0x14, 0x06, 0x07, 0x03, 0xE4, 0xFC, 0xB0, 0x6A, 0x4C,
    0xA1, 0xA1, 0xCE, 0x01, 0x05, 0x5F, 0x5F, 0x10, 0x5A, 0x47, 0x4B, 0x51, 0x1E, 0xC3, 0xC3, 0x47,
    0x49, 0xEC, 0xEC, 0xEC, 0x1F, 0xA8, 0x5E, 0x4F, 0xDA, 0xAF, 0xD3, 0xF2, 0x23, 0xEB, 0x20, 0x2D,
    0x58, 0x48, 0xB8, 0x01, 0xDC, 0x45, 0x48, 0xA3, 0x44, 0x00, 0x00, 0x00, 0x00, 0x01, 0x00, 0x28,
    0x00, 0x00, 0x04, 0x83, 0x05, 0x9A, 0x00, 0x1C, 0x00, 0x00, 0x01, 0x33, 0x15, 0x21, 0x15, 0x21,
    0x15, 0x21, 0x15, 0x21, 0x35, 0x21, 0x35, 0x21, 0x35, 0x21, 0x35, 0x33, 0x01, 0x21, 0x13, 0x16,
    0x17, 0x33, 0x36, 0x37, 0x37, 0x13, 0x21, 0x03, 0x40, 0xE1, 0xFE, 0xDB, 0x01, 0x25, 0xFE, 0xDB,
    0xFE, 0xC6, 0xFE, 0xC1, 0x01, 0x3F, 0xFE, 0xC1, 0xF6, 0xFE, 0xAF, 0x01, 0x63, 0xB7, 0x09, 0x1A,
    0x03, 0x04, 0x15, 0x0C, 0xA5, 0x01, 0x51, 0x02, 0xB0, 0xC8, 0x73, 0xC8, 0xAD, 0xAD, 0xC8, 0x73,
    0xC8, 0x02, 0xEA, 0xFE, 0x1D, 0x17, 0x55, 0x10, 0x3A, 0x22, 0x01, 0xE3, 0x00, 0x01, 0x00, 0xC3,
    0x01, 0x3F, 0x04, 0xE7, 0x02, 0xF0, 0x00, 0x1A, 0x00, 0x00, 0x12, 0x36, 0x36, 0x33, 0x32, 0x16,
    0x17, 0x16, 0x16, 0x33, 0x32, 0x36, 0x37, 0x33, 0x0E, 0x02, 0x23, 0x22, 0x26, 0x27, 0x26, 0x26,
    0x23, 0x22, 0x07, 0x23, 0xC7, 0x4E, 0x8C, 0x5F, 0x36, 0x64, 0x4B, 0x3F, 0x4F, 0x25, 0x2B, 0x2E,
    0x02, 0xF4, 0x04, 0x4E, 0x8A, 0x5D, 0x33, 0x63, 0x44, 0x3E, 0x54, 0x28, 0x67, 0x06, 0xEA, 0x01,
    0xC2, 0xBF, 0x67, 0x24, 0x25, 0x1F, 0x1E, 0x4C, 0x42, 0x82, 0xBF, 0x67, 0x23, 0x22, 0x1F, 0x1F,
    0x8C, 0x00, 0x00, 0x00, 0x00, 0x03, 0x00, 0xEE, 0x00, 0x21, 0x04, 0xBC, 0x04, 0x76, 0x00, 0x0D,
    0x00, 0x11, 0x00, 0x20, 0x00, 0x00, 0x00, 0x26, 0x26, 0x35, 0x34, 0x36, 0x33, 0x32, 0x16, 0x15,
    0x14, 0x06, 0x06, 0x23, 0x05, 0x21, 0x11, 0x21, 0x00, 0x26, 0x26, 0x35, 0x34, 0x36, 0x36, 0x33,
    0x32, 0x16, 0x15, 0x14, 0x06, 0x06, 0x23, 0x02, 0xB0, 0x47, 0x29, 0x57, 0x44, 0x44, 0x53, 0x29,
    0x45, 0x29, 0xFE, 0x13, 0x03, 0xCE, 0xFC, 0x32, 0x01, 0xBE, 0x47, 0x29, 0x28, 0x46, 0x2D, 0x44,
    0x53, 0x28, 0x45, 0x2A, 0x03, 0x40, 0x28, 0x46, 0x29, 0x45, 0x5A, 0x58, 0x45, 0x2C, 0x45, 0x28,
    0x72, 0xFE, 0xF9, 0xFE, 0x5A, 0x27, 0x44, 0x29, 0x2E, 0x49, 0x2A, 0x58, 0x46, 0x2C, 0x44, 0x27,
    0x00, 0x02, 0x00, 0xEE, 0x00, 0xA6, 0x04, 0xBC, 0x03, 0x75, 0x00, 0x03, 0x00, 0x07, 0x00, 0x00,
    0x13, 0x21, 0x11, 0x21, 0x15, 0x21, 0x11, 0x21, 0xEE, 0x03, 0xCE, 0xFC, 0x32, 0x03, 0xCE, 0xFC,
    0x32, 0x03, 0x75, 0xFE, 0xF7, 0xBF, 0xFE, 0xF9, 0x00, 0x01, 0x01, 0x02, 0x00, 0x4C, 0x04, 0xA8,
    0x04, 0x54, 0x00, 0x07, 0x00, 0x00, 0x01, 0x25, 0x35, 0x25, 0x11, 0x01, 0x15, 0x01, 0x01, 0x02,
    0x02, 0x06, 0xFD, 0xFA, 0x03, 0xA6, 0xFC, 0x5A, 0x01, 0x75, 0xCF, 0x04, 0xD8, 0x01, 0x34, 0xFE,
    0x44, 0xA2, 0xFE, 0x56, 0xFF, 0xFF, 0x01, 0x02, 0x00, 0x4C, 0x04, 0xA8, 0x04, 0x54, 0x00, 0x43,
    0x01, 0x2A, 0x05, 0xAA, 0x00, 0x00, 0xC0, 0x00, 0x40, 0x00, 0x00, 0x00, 0x00, 0x01, 0x00, 0xEE,
    0x00, 0xF6, 0x04, 0xBC, 0x03, 0x5A, 0x00, 0x05, 0x00, 0x00, 0x01, 0x21, 0x11, 0x21, 0x11, 0x21,
    0x03, 0x98, 0xFD, 0x56, 0x03, 0xCE, 0xFE, 0xDC, 0x02, 0x35, 0x01, 0x25, 0xFD, 0x9C, 0x00, 0x00,
    0x00, 0x01, 0x00, 0x83, 0xFE, 0x74, 0x04, 0xC1, 0x03, 0xCE, 0x00, 0x1B, 0x00, 0x00, 0x05, 0x26,
    0x27, 0x0E, 0x02, 0x23, 0x22, 0x27, 0x11, 0x21, 0x11, 0x21, 0x11, 0x14, 0x16, 0x33, 0x32, 0x36,
    0x36, 0x35, 0x11, 0x21, 0x11, 0x14, 0x16, 0x16, 0x17, 0x03, 0x81, 0x28, 0x16, 0x0D, 0x4B, 0x83,
    0x59, 0x27, 0x2A, 0xFE, 0xC5, 0x01, 0x3C, 0x4A, 0x66, 0x35, 0x56, 0x31, 0x01, 0x35, 0x18, 0x24,
    0x25, 0x27, 0x56, 0x58, 0x21, 0x48, 0x34, 0x05, 0xFE, 0x85, 0x05, 0x59, 0xFD, 0xD6, 0x5F, 0x72,
    0x40, 0x6F, 0x43, 0x02, 0x0A, 0xFD, 0xF4, 0x68, 0x8C, 0x5C, 0x4C, 0x00, 0x00, 0x01, 0x00, 0xDE,
    0x00, 0x54, 0x04, 0xCE, 0x04, 0x43, 0x00, 0x0B, 0x00, 0x00, 0x37, 0x01, 0x01, 0x37, 0x01, 0x01,
    0x17, 0x01, 0x01, 0x07, 0x01, 0x01, 0xDE, 0x01, 0x54, 0xFE, 0xAC, 0xA1, 0x01, 0x58, 0x01, 0x56,
    0x9F, 0xFE, 0xAE, 0x01, 0x54, 0xA5, 0xFE, 0xAE, 0xFE, 0xAC, 0xFA, 0x01, 0x50, 0x01, 0x54, 0xA5,
    0xFE, 0xAC, 0x01, 0x54, 0xAB, 0xFE, 0xB2, 0xFE, 0xAE, 0xA4, 0x01, 0x4A, 0xFE, 0xB6, 0x00, 0x00,
    0x00, 0x05, 0x00, 0x5A, 0xFF, 0x7E, 0x06, 0x93, 0x05, 0xCC, 0x00, 0x03, 0x00, 0x13, 0x00, 0x1F,
    0x00, 0x2F, 0x00, 0x3B, 0x00, 0x00, 0x05, 0x01, 0x17, 0x01, 0x02, 0x26, 0x26, 0x35, 0x34, 0x36,
    0x36, 0x33, 0x32, 0x16, 0x16, 0x15, 0x14, 0x06, 0x06, 0x23, 0x36, 0x36, 0x35, 0x34, 0x26, 0x23,
    0x22, 0x06, 0x15, 0x14, 0x16, 0x33, 0x00, 0x26, 0x26, 0x35, 0x34, 0x36, 0x36, 0x33, 0x32, 0x16,
    0x16, 0x15, 0x14, 0x06, 0x06, 0x23, 0x36, 0x36, 0x35, 0x34, 0x26, 0x23, 0x22, 0x06, 0x15, 0x14,
    0x16, 0x33, 0x01, 0x23, 0x03, 0xA3, 0xEA, 0xFC, 0x5D, 0xBF, 0x9B, 0x59, 0x60, 0xA7, 0x66, 0x5F,
    0x9B, 0x58, 0x5F, 0xA6, 0x66, 0x33, 0x35, 0x31, 0x24, 0x29, 0x37, 0x33, 0x26, 0x03, 0x0E, 0x9B,
    0x59, 0x60, 0xA7, 0x66, 0x5F, 0x9B, 0x58, 0x5F, 0xA6, 0x66, 0x33, 0x35, 0x31, 0x24, 0x29, 0x37,
    0x33, 0x26, 0x1E, 0x05, 0xEA, 0x64, 0xFA, 0x16, 0x03, 0x6D, 0x59, 0x9A, 0x5F, 0x65, 0xA4, 0x5E,
    0x57, 0x98, 0x5D, 0x67, 0xA6, 0x60, 0xEC, 0x45, 0x33, 0x2D, 0x3C, 0x41, 0x30, 0x30, 0x40, 0xFC,
    0x1F, 0x59, 0x9A, 0x5F, 0x65, 0xA4, 0x5E, 0x57, 0x98, 0x5D, 0x67, 0xA6, 0x60, 0xEC, 0x45, 0x33,
    0x2D, 0x3C, 0x41, 0x30, 0x30, 0x40, 0x00, 0x00, 0x00, 0x07, 0x00, 0x5A, 0xFF, 0x7E, 0x09, 0xB4,
    0x05, 0xCC, 0x00, 0x03, 0x00, 0x13, 0x00, 0x1F, 0x00, 0x2F, 0x00, 0x3F, 0x00, 0x4B, 0x00, 0x57,
    0x00, 0x00, 0x05, 0x01, 0x17, 0x01, 0x02, 0x26, 0x26, 0x35, 0x34, 0x36, 0x36, 0x33, 0x32, 0x16,
    0x16, 0x15, 0x14, 0x06, 0x06, 0x23, 0x36, 0x36, 0x35, 0x34, 0x26, 0x23, 0x22, 0x06, 0x15, 0x14,
    0x16, 0x33, 0x00, 0x26, 0x26, 0x35, 0x34, 0x36, 0x36, 0x33, 0x32, 0x16, 0x16, 0x15, 0x14, 0x06,
    0x06, 0x23, 0x20, 0x26, 0x26, 0x35, 0x34, 0x36, 0x36, 0x33, 0x32, 0x16, 0x16, 0x15, 0x14, 0x06,
    0x06, 0x23, 0x24, 0x36, 0x35, 0x34, 0x26, 0x23, 0x22, 0x06, 0x15, 0x14, 0x16, 0x33, 0x20, 0x36,
    0x35, 0x34, 0x26, 0x23, 0x22, 0x06, 0x15, 0x14, 0x16, 0x33, 0x01, 0x23, 0x03, 0xA3, 0xEA, 0xFC,
    0x5D, 0xBF, 0x9B, 0x59, 0x60, 0xA7, 0x66, 0x5F, 0x9B, 0x58, 0x5F, 0xA6, 0x66, 0x33, 0x35, 0x31,
    0x24, 0x29, 0x37, 0x33, 0x26, 0x03, 0x0E, 0x9B, 0x59, 0x60, 0xA7, 0x66, 0x5F, 0x9B, 0x58, 0x5F,
    0xA6, 0x66, 0x02, 0xC1, 0x9B, 0x59, 0x60, 0xA7, 0x66, 0x5F, 0x9B, 0x58, 0x5F, 0xA6, 0x66, 0xFD,
    0x12, 0x35, 0x31, 0x24, 0x29, 0x37, 0x33, 0x26, 0x03, 0x48, 0x35, 0x31, 0x24, 0x29, 0x37, 0x33,
    0x26, 0x1E, 0x05, 0xEA, 0x64, 0xFA, 0x16, 0x03, 0x6D, 0x59, 0x9A, 0x5F, 0x65, 0xA4, 0x5E, 0x57,
    0x98, 0x5D, 0x67, 0xA6, 0x60, 0xEC, 0x45, 0x33, 0x2D, 0x3C, 0x41, 0x30, 0x30, 0x40, 0xFC, 0x1F,
    0x59, 0x9A, 0x5F, 0x65, 0xA4, 0x5E, 0x57, 0x98, 0x5D, 0x67, 0xA6, 0x60, 0x59, 0x9A, 0x5F, 0x65,
    0xA4, 0x5E, 0x57, 0x98, 0x5D, 0x67, 0xA6, 0x60, 0xEC, 0x45, 0x33, 0x2D, 0x3C, 0x41, 0x30, 0x30,
    0x40, 0x45, 0x33, 0x2D, 0x3C, 0x41, 0x30, 0x30, 0x40, 0x00, 0x00, 0x00, 0x00, 0x01, 0x00, 0xDA,
    0x00, 0x50, 0x04, 0xD0, 0x04, 0x47, 0x00, 0x0B, 0x00, 0x00, 0x01, 0x21, 0x11, 0x21, 0x11, 0x21,
    0x11, 0x21, 0x11, 0x21, 0x11, 0x21, 0x02, 0x53, 0xFE, 0x87, 0x01, 0x79, 0x01, 0x06, 0x01, 0x77,
    0xFE, 0x89, 0xFE, 0xFA, 0x01, 0xC7, 0x01, 0x07, 0x01, 0x79, 0xFE, 0x87, 0xFE, 0xF9, 0xFE, 0x89,
    0x00, 0x02, 0x00, 0xDA, 0x00, 0x00, 0x04, 0xD0, 0x05, 0x22, 0x00, 0x0B, 0x00, 0x0F, 0x00, 0x00,
    0x01, 0x21, 0x11, 0x21, 0x11, 0x21, 0x11, 0x21, 0x11, 0x21, 0x11, 0x21, 0x05, 0x21, 0x11, 0x21,
    0x02, 0x53, 0xFE, 0x87, 0x01, 0x79, 0x01, 0x06, 0x01, 0x77, 0xFE, 0x89, 0xFE, 0xFA, 0xFE, 0x87,
    0x03, 0xF4, 0xFC, 0x0C, 0x02, 0xA2, 0x01, 0x07, 0x01, 0x79, 0xFE, 0x87, 0xFE, 0xF9, 0xFE, 0x89,
    0x24, 0xFE, 0xF9, 0x00, 0x00, 0x01, 0x00, 0xC7, 0xFE, 0x1F, 0x01, 0xD7, 0x06, 0x1F, 0x00, 0x03,
    0x00, 0x00, 0x13, 0x21, 0x11, 0x21, 0xC7, 0x01, 0x10, 0xFE, 0xF0, 0x06, 0x1F, 0xF8, 0x00, 0x00,
    0x00, 0x02, 0x00, 0xC7, 0xFE, 0x1F, 0x01, 0xD7, 0x06, 0x1F, 0x00, 0x03, 0x00, 0x07, 0x00, 0x00,
    0x13, 0x21, 0x11, 0x21, 0x11, 0x21, 0x11, 0x21, 0xC7, 0x01, 0x10, 0xFE, 0xF0, 0x01, 0x10, 0xFE,
    0xF0, 0x06, 0x1F, 0xFC, 0x8D, 0xFE, 0xF2, 0xFC, 0x81, 0x00, 0x00, 0x00, 0x00, 0x02, 0x00, 0x87,
    0xFE, 0x5E, 0x07, 0x1F, 0x05, 0x5C, 0x00, 0x46, 0x00, 0x52, 0x00, 0x00, 0x00, 0x17, 0x35, 0x34,
    0x26, 0x23, 0x22, 0x06, 0x07, 0x27, 0x36, 0x36, 0x33, 0x32, 0x16, 0x17, 0x13, 0x14, 0x17, 0x36,
    0x36, 0x35, 0x34, 0x02, 0x24, 0x23, 0x22, 0x04, 0x02, 0x15, 0x14, 0x12, 0x04, 0x33, 0x32, 0x36,
    0x37, 0x17, 0x06, 0x04, 0x23, 0x20, 0x24, 0x02, 0x11, 0x10, 0x12, 0x24, 0x21, 0x20, 0x04, 0x12,
    0x11, 0x14, 0x02, 0x06, 0x23, 0x26, 0x27, 0x0E, 0x02, 0x23, 0x22, 0x26, 0x26, 0x35, 0x34, 0x36,
    0x36, 0x33, 0x12, 0x36, 0x36, 0x37, 0x26, 0x23, 0x22, 0x06, 0x17, 0x14, 0x16, 0x33, 0x04, 0x27,
    0x65, 0x57, 0x55, 0x35, 0xC7, 0x55, 0x1C, 0x9A, 0xA7, 0x39, 0xE2, 0xEA, 0x01, 0x02, 0x0B, 0x3C,
    0x38, 0x7E, 0xFE, 0xF6, 0xD5, 0xD9, 0xFE, 0xF2, 0x80, 0x87, 0x01, 0x1E, 0xE5, 0x92, 0xF3, 0x7B,
    0x46, 0x78, 0xFE, 0xED, 0xB9, 0xFE, 0xC5, 0xFE, 0x78, 0xB9, 0xB2, 0x01, 0x76, 0x01, 0x2D, 0x01,
    0x27, 0x01, 0x6E, 0xAE, 0x77, 0xFC, 0xCA, 0x2F, 0x15, 0x13, 0x5A, 0x75, 0x3C, 0x68, 0xA3, 0x5F,
    0x68, 0xC1, 0x82, 0x3B, 0x59, 0x34, 0x03, 0x53, 0x5F, 0x49, 0x53, 0x01, 0x4A, 0x3A, 0x02, 0x55,
    0x2E, 0x2F, 0x4E, 0x48, 0x18, 0x14, 0xF4, 0x19, 0x15, 0xC0, 0xBE, 0xFE, 0xE0, 0x3A, 0x3C, 0x31,
    0xAF, 0x83, 0xD5, 0x01, 0x09, 0x7D, 0x91, 0xFE, 0xCE, 0xF5, 0xEC, 0xFE, 0xDB, 0x8B, 0x32, 0x38,
    0xC9, 0x41, 0x3A, 0xB9, 0x01, 0x87, 0x01, 0x3A, 0x01, 0x3D, 0x01, 0x8C, 0xBB, 0xA7, 0xFE, 0xA1,
    0xFE, 0xE6, 0xDA, 0xFE, 0xF1, 0x80, 0x68, 0x61, 0x32, 0x55, 0x32, 0x3E, 0x82, 0x61, 0x68, 0x98,
    0x51, 0xFE, 0x6D, 0x2B, 0x4A, 0x2B, 0x11, 0x36, 0x30, 0x21, 0x2A, 0x00, 0x00, 0x03, 0x00, 0x72,
    0xFF, 0xD6, 0x06, 0xB6, 0x05, 0xB3, 0x00, 0x23, 0x00, 0x2C, 0x00, 0x36, 0x00, 0x00, 0x05, 0x24,
    0x27, 0x06, 0x04, 0x23, 0x22, 0x26, 0x26, 0x35, 0x34, 0x36, 0x36, 0x37, 0x26, 0x26, 0x35, 0x10,
    0x21, 0x32, 0x16, 0x15, 0x14, 0x06, 0x07, 0x16, 0x17, 0x36, 0x36, 0x37, 0x17, 0x06, 0x06, 0x07,
    0x16, 0x17, 0x00, 0x17, 0x36, 0x36, 0x35, 0x34, 0x23, 0x22, 0x15, 0x12, 0x37, 0x26, 0x27, 0x0E,
    0x02, 0x15, 0x14, 0x33, 0x06, 0x64, 0xFE, 0xF2, 0xEB, 0x8B, 0xFE, 0xD3, 0x92, 0x8D, 0xC1, 0x61,
    0x64, 0x9E, 0x73, 0x3F, 0x41, 0x01, 0xAD, 0xD1, 0xCF, 0xA9, 0x92, 0x60, 0x84, 0x51, 0x8A, 0x33,
    0xD9, 0x2E, 0x8C, 0x57, 0xB1, 0xD2, 0xFB, 0xC9, 0x5B, 0x62, 0x6A, 0x92, 0x95, 0x66, 0xAA, 0x92,
    0x77, 0x53, 0x69, 0x40, 0xBF, 0x2A, 0x5A, 0x84, 0x61, 0x6A, 0x5C, 0xA4, 0x6D, 0x65, 0x91, 0x63,
    0x31, 0x5E, 0xAD, 0x4A, 0x01, 0x7E, 0xB9, 0xBB, 0x8D, 0xC8, 0x52, 0x5A, 0x5A, 0x51, 0xC6, 0x6D,
    0x6A, 0x72, 0xD2, 0x5B, 0x63, 0x56, 0x03, 0x27, 0x82, 0x33, 0x78, 0x54, 0xA1, 0xB6, 0xFC, 0xA4,
    0x67, 0x69, 0x78, 0x27, 0x3E, 0x47, 0x29, 0x73, 0x00, 0x01, 0x00, 0x48, 0x00, 0x00, 0x03, 0xC6,
    0x05, 0x9A, 0x00, 0x0F, 0x00, 0x00, 0x01, 0x26, 0x26, 0x35, 0x34, 0x36, 0x33, 0x21, 0x15, 0x23,
    0x11, 0x23, 0x11, 0x23, 0x11, 0x23, 0x01, 0x9A, 0xA1, 0xB1, 0xA6, 0x97, 0x02, 0x41, 0x57, 0xB3,
    0x62, 0xC0, 0x03, 0x12, 0x06, 0xA9, 0x93, 0x9B, 0xAB, 0xA2, 0xFB, 0x08, 0x04, 0xF8, 0xFB, 0x08,
    0x00, 0x03, 0x00, 0x83, 0xFF, 0xE7, 0x06, 0x7D, 0x05, 0xB2, 0x00, 0x0F, 0x00, 0x1F, 0x00, 0x3A,
    0x00, 0x00, 0x04, 0x24, 0x02, 0x35, 0x34, 0x12, 0x24, 0x33, 0x32, 0x04, 0x12, 0x15, 0x14, 0x02,
    0x04, 0x23, 0x36, 0x24, 0x36, 0x35, 0x34, 0x02, 0x24, 0x23, 0x22, 0x04, 0x06, 0x15, 0x14, 0x16,
    0x04, 0x33, 0x2E, 0x02, 0x35, 0x34, 0x36, 0x36, 0x17, 0x36, 0x16, 0x17, 0x07, 0x26, 0x23, 0x22,
    0x06, 0x15, 0x14, 0x16, 0x33, 0x32, 0x36, 0x37, 0x17, 0x06, 0x06, 0x23, 0x02, 0xA2, 0xFE, 0xA4,
    0xC3, 0xCA, 0x01, 0x60, 0xD8, 0xD8, 0x01, 0x5B, 0xC5, 0xCB, 0xFE, 0xA1, 0xD6, 0x9F, 0x01, 0x01,
    0x95, 0x92, 0xFE, 0xFF, 0x9E, 0xA0, 0xFE, 0xFE, 0x91, 0x94, 0x01, 0x01, 0x9E, 0x81, 0xA7, 0x58,
    0x59, 0xAC, 0x78, 0x48, 0x8B, 0x30, 0x25, 0x52, 0x4E, 0x6A, 0x60, 0x63, 0x5E, 0x29, 0x3E, 0x34,
    0x35, 0x43, 0x8E, 0x3E, 0x19, 0xBD, 0x01, 0x50, 0xD5, 0xD1, 0x01, 0x54, 0xC4, 0xBE, 0xFE, 0xAE,
    0xD5, 0xD0, 0xFE, 0xAC, 0xC2, 0xB7, 0x92, 0xFF, 0x9C, 0x9F, 0x01, 0x00, 0x92, 0x92, 0xFF, 0x9E,
    0x9F, 0xFF, 0x91, 0xAD, 0x5C, 0xAB, 0x76, 0x75, 0xAE, 0x5F, 0x01, 0x01, 0x17, 0x14, 0xB8, 0x1A,
    0x5B, 0x5A, 0x60, 0x5D, 0x0D, 0x10, 0xB6, 0x14, 0x17, 0x00, 0x00, 0x00, 0x00, 0x04, 0x00, 0x83,
    0xFF, 0xE7, 0x06, 0x7D, 0x05, 0xB2, 0x00, 0x0F, 0x00, 0x1F, 0x00, 0x2D, 0x00, 0x36, 0x00, 0x00,
    0x00, 0x04, 0x12, 0x15, 0x14, 0x02, 0x04, 0x23, 0x22, 0x24, 0x02, 0x35, 0x34, 0x12, 0x24, 0x33,
    0x12, 0x24, 0x36, 0x35, 0x34, 0x02, 0x24, 0x23, 0x22, 0x04, 0x06, 0x15, 0x14, 0x16, 0x04, 0x33,
    0x00, 0x06, 0x07, 0x13, 0x23, 0x03, 0x23, 0x11, 0x23, 0x11, 0x21, 0x32, 0x16, 0x15, 0x05, 0x33,
    0x32, 0x36, 0x35, 0x34, 0x26, 0x07, 0x07, 0x04, 0x5D, 0x01, 0x5B, 0xC5, 0xCB, 0xFE, 0xA1, 0xD6,
    0xDB, 0xFE, 0xA4, 0xC3, 0xCA, 0x01, 0x60, 0xD8, 0x97, 0x01, 0x01, 0x95, 0x92, 0xFE, 0xFF, 0x9E,
    0xA0, 0xFE, 0xFE, 0x91, 0x94, 0x01, 0x01, 0x9E, 0x01, 0x2E, 0x4D, 0x41, 0xC2, 0xE8, 0xB1, 0x04,
    0xCF, 0x01, 0x55, 0x68, 0x7C, 0xFE, 0x95, 0x38, 0x25, 0x25, 0x1F, 0x21, 0x42, 0x05, 0xB2, 0xBE,
    0xFE, 0xAE, 0xD5, 0xD0, 0xFE, 0xAC, 0xC2, 0xBD, 0x01, 0x50, 0xD5, 0xD1, 0x01, 0x54, 0xC4, 0xFA,
    0xEC, 0x92, 0xFF, 0x9C, 0x9F, 0x01, 0x00, 0x92, 0x92, 0xFF, 0x9E, 0x9F, 0xFF, 0x91, 0x02, 0x89,
    0x66, 0x18, 0xFE, 0xBE, 0x01, 0x31, 0xFE, 0xCF, 0x02, 0xE6, 0x75, 0x6B, 0x56, 0x1C, 0x24, 0x31,
    0x29, 0x01, 0x01, 0x00, 0x00, 0x02, 0x00, 0x5A, 0xFF, 0xA6, 0x03, 0x68, 0x05, 0xD2, 0x00, 0x2C,
    0x00, 0x37, 0x00, 0x00, 0x00, 0x15, 0x10, 0x21, 0x26, 0x27, 0x37, 0x16, 0x17, 0x36, 0x36, 0x27,
    0x34, 0x26, 0x26, 0x27, 0x2E, 0x02, 0x35, 0x36, 0x37, 0x26, 0x26, 0x35, 0x34, 0x36, 0x33, 0x32,
    0x17, 0x07, 0x26, 0x23, 0x06, 0x07, 0x14, 0x16, 0x16, 0x17, 0x1E, 0x02, 0x15, 0x16, 0x07, 0x24,
    0x16, 0x16, 0x17, 0x36, 0x35, 0x34, 0x26, 0x27, 0x06, 0x15, 0x03, 0x62, 0xFE, 0x55, 0xAA, 0xB3,
    0x4A, 0xA3, 0x70, 0x45, 0x47, 0x01, 0x29, 0x3E, 0x38, 0x5C, 0x77, 0x58, 0x03, 0x75, 0x3B, 0x42,
    0xBC, 0xB8, 0xC9, 0x95, 0x39, 0x89, 0x7E, 0x67, 0x03, 0x29, 0x3E, 0x38, 0x5D, 0x78, 0x58, 0x01,
    0x6E, 0xFE, 0x56, 0x3E, 0x57, 0x58, 0x50, 0x4B, 0x47, 0xAB, 0x01, 0x7C, 0x81, 0xFE, 0xAB, 0x01,
    0x4D, 0xE3, 0x48, 0x02, 0x01, 0x33, 0x32, 0x1C, 0x26, 0x19, 0x11, 0x1C, 0x39, 0x79, 0x64, 0xC8,
    0x59, 0x28, 0x6E, 0x4D, 0x9E, 0x9F, 0x3F, 0xEF, 0x3D, 0x01, 0x62, 0x1B, 0x28, 0x1C, 0x15, 0x23,
    0x41, 0x7B, 0x5F, 0xAC, 0x59, 0xD5, 0x3D, 0x24, 0x1D, 0x28, 0x5B, 0x34, 0x46, 0x1F, 0x06, 0x6A,
    0x00, 0x02, 0x00, 0x51, 0x03, 0x04, 0x05, 0x73, 0x05, 0x9A, 0x00, 0x07, 0x00, 0x17, 0x00, 0x00,
    0x13, 0x23, 0x35, 0x21, 0x15, 0x23, 0x11, 0x23, 0x01, 0x33, 0x13, 0x33, 0x13, 0x33, 0x11, 0x23,
    0x11, 0x23, 0x03, 0x23, 0x03, 0x23, 0x11, 0x23, 0xE0, 0x8F, 0x01, 0xF3, 0x8F, 0xD5, 0x01, 0xA7,
    0xF7, 0x7E, 0x04, 0x8A, 0xE9, 0xAA, 0x04, 0x8C, 0x87, 0x7D, 0x06, 0xA8, 0x04, 0xCF, 0xCB, 0xCB,
    0xFE, 0x3A, 0x02, 0x91, 0xFE, 0x81, 0x01, 0x7F, 0xFD, 0x6A, 0x01, 0x8B, 0xFE, 0x75, 0x01, 0x8B,
    0xFE, 0x75, 0x00, 0x00, 0x00, 0x02, 0x00, 0x73, 0x03, 0x7F, 0x02, 0xAC, 0x05, 0xB2, 0x00, 0x0F,
    0x00, 0x1B, 0x00, 0x00, 0x00, 0x26, 0x26, 0x35, 0x34, 0x36, 0x36, 0x33, 0x32, 0x16, 0x16, 0x15,
    0x14, 0x06, 0x06, 0x23, 0x36, 0x36, 0x35, 0x34, 0x26, 0x23, 0x22, 0x06, 0x15, 0x14, 0x16, 0x33,
    0x01, 0x3F, 0x82, 0x4A, 0x4A, 0x82, 0x50, 0x50, 0x82, 0x4B, 0x4B, 0x82, 0x50, 0x33, 0x44, 0x44,
    0x33, 0x33, 0x44, 0x44, 0x33, 0x03, 0x7F, 0x4A, 0x82, 0x4F, 0x4F, 0x80, 0x49, 0x49, 0x80, 0x4F,
    0x4F, 0x82, 0x4A, 0xA2, 0x45, 0x34, 0x33, 0x44, 0x44, 0x33, 0x34, 0x45, 0x00, 0x01, 0x00, 0xCB,
    0x02, 0x62, 0x04, 0xE1, 0x05, 0xB2, 0x00, 0x07, 0x00, 0x00, 0x01, 0x33, 0x01, 0x21, 0x01, 0x23,
    0x03, 0x21, 0x02, 0x79, 0xA2, 0x01, 0xC6, 0xFE, 0xF9, 0xFE, 0xF5, 0x04, 0xFB, 0xFE, 0xFB, 0x05,
    0xB2, 0xFC, 0xB0, 0x02, 0x22, 0xFD, 0xDE, 0x00, 0x00, 0x01, 0x00, 0x21, 0x01, 0x56, 0x03, 0x1E,
    0x05, 0x9A, 0x00, 0x0B, 0x00, 0x00, 0x01, 0x13, 0x21, 0x13, 0x25, 0x15, 0x37, 0x13, 0x33, 0x13,
    0x17, 0x35, 0x02, 0x0D, 0x1E, 0xFE, 0xE9, 0x1E, 0xFE, 0xEF, 0xFD, 0x1E, 0xC7, 0x1E, 0xFD, 0x04,
    0x46, 0x01, 0x54, 0xFE, 0xAC, 0x1E, 0xF6, 0x14, 0xFD, 0xD4, 0x02, 0x2C, 0x14, 0xF6, 0x00, 0x00,
    0x00, 0x01, 0x00, 0x21, 0x00, 0x81, 0x03, 0x1E, 0x05, 0x9A, 0x00, 0x15, 0x00, 0x00, 0x01, 0x07,
    0x17, 0x37, 0x15, 0x25, 0x13, 0x21, 0x13, 0x05, 0x35, 0x17, 0x37, 0x27, 0x07, 0x35, 0x05, 0x03,
    0x21, 0x03, 0x25, 0x15, 0x02, 0x21, 0x11, 0x11, 0xFD, 0xFE, 0xEF, 0x1E, 0xFE, 0xE9, 0x1E, 0xFE,
    0xEF, 0xFD, 0x11, 0x11, 0xFD, 0x01, 0x11, 0x1E, 0x01, 0x17, 0x1E, 0x01, 0x11, 0x03, 0xA0, 0x92,
    0x93, 0x14, 0xF6, 0x1E, 0xFE, 0xCA, 0x01, 0x36, 0x1E, 0xF6, 0x14, 0x93, 0x92, 0x14, 0xF6, 0x1E,
    0x01, 0x36, 0xFE, 0xCA, 0x1E, 0xF6, 0x00, 0x00, 0x00, 0x01, 0xFD, 0xE0, 0x04, 0xA2, 0xFF, 0xFD,
    0x05, 0xE5, 0x00, 0x03, 0x00, 0x00, 0x01, 0x21, 0x01, 0x21, 0xFE, 0xC6, 0x01, 0x37, 0xFE, 0xE5,
    0xFE, 0xFE, 0x05, 0xE5, 0xFE, 0xBD, 0x00, 0x00, 0x00, 0x01, 0xFD, 0x4D, 0x04, 0x98, 0xFF, 0xEF,
    0x05, 0xD5, 0x00, 0x0D, 0x00, 0x00, 0x00, 0x26, 0x26, 0x27, 0x33, 0x16, 0x33, 0x32, 0x37, 0x33,
    0x0E, 0x02, 0x23, 0xFE, 0x3B, 0x96, 0x56, 0x02, 0xD1, 0x0D, 0x74, 0x6E, 0x10, 0xD2, 0x08, 0x57,
    0x94, 0x61, 0x04, 0x98, 0x50, 0x90, 0x5D, 0x73, 0x73, 0x61, 0x8F, 0x4D, 0x00, 0x01, 0xFD, 0x10,
    0x04, 0xA2, 0xFF, 0xE1, 0x05, 0xE7, 0x00, 0x06, 0x00, 0x00, 0x01, 0x33, 0x17, 0x37, 0x33, 0x03,
    0x23, 0xFD, 0x10, 0xCD, 0x9B, 0x9C, 0xCD, 0xEE, 0xF8, 0x05, 0xE7, 0xBC, 0xBC, 0xFE, 0xBB, 0x00,
    0x00, 0x01, 0xFE, 0x75, 0xFE, 0x39, 0x00, 0x0B, 0x00, 0x3C, 0x00, 0x10, 0x00, 0x00, 0x00, 0x27,
    0x35, 0x16, 0x33, 0x32, 0x35, 0x34, 0x23, 0x07, 0x35, 0x33, 0x15, 0x16, 0x15, 0x14, 0x21, 0xFE,
    0x9A, 0x25, 0x22, 0x26, 0x7B, 0x6F, 0x25, 0xB1, 0xB6, 0xFE, 0xC2, 0xFE, 0x39, 0x04, 0x8A, 0x06,
    0x49, 0x42, 0x02, 0xF2, 0x8E, 0x07, 0x9F, 0xCF, 0x00, 0x01, 0xFD, 0x0E, 0x04, 0xA2, 0xFF, 0xDD,
    0x05, 0xE7, 0x00, 0x06, 0x00, 0x00, 0x01, 0x33, 0x13, 0x23, 0x27, 0x07, 0x23, 0xFD, 0xF9, 0xF8,
    0xEC, 0xED, 0x80, 0x75, 0xED, 0x05, 0xE7, 0xFE, 0xBB, 0x9E, 0x9E, 0x00, 0x00, 0x01, 0xFE, 0x2F,
    0xFD, 0x5E, 0xFF, 0xD0, 0xFF, 0x7C, 0x00, 0x07, 0x00, 0x00, 0x01, 0x36, 0x36, 0x37, 0x21, 0x06,
    0x02, 0x07, 0xFE, 0x2F, 0x3F, 0x49, 0x0B, 0x01, 0x0E, 0x01, 0x60, 0x5D, 0xFD, 0xD6, 0x64, 0xDA,
    0x68, 0xA4, 0xFE, 0xE6, 0x60, 0x00, 0x00, 0x00, 0x00, 0x01, 0xFE, 0x75, 0x04, 0x9E, 0xFF, 0xF8,
    0x06, 0xA8, 0x00, 0x07, 0x00, 0x00, 0x03, 0x06, 0x06, 0x07, 0x23, 0x36, 0x12, 0x37, 0x08, 0x3A,
    0x45, 0x0A, 0xFA, 0x01, 0x5B, 0x58, 0x06, 0x30, 0x5F, 0xD0, 0x63, 0x9E, 0x01, 0x0F, 0x5D, 0x00,
    0x00, 0x02, 0xFC, 0x95, 0x04, 0x94, 0xFF, 0xB1, 0x05, 0xC2, 0x00, 0x0B, 0x00, 0x17, 0x00, 0x00,
    0x00, 0x26, 0x35, 0x34, 0x36, 0x33, 0x32, 0x16, 0x15, 0x14, 0x06, 0x23, 0x20, 0x26, 0x35, 0x34,
    0x36, 0x33, 0x32, 0x16, 0x15, 0x14, 0x06, 0x23, 0xFC, 0xEE, 0x59, 0x59, 0x50, 0x50, 0x58, 0x58,
    0x50, 0x01, 0x7A, 0x58, 0x58, 0x50, 0x50, 0x59, 0x59, 0x50, 0x04, 0x94, 0x4F, 0x48, 0x48, 0x4F,
    0x4F, 0x48, 0x48, 0x4F, 0x4F, 0x48, 0x48, 0x4F, 0x4F, 0x48, 0x48, 0x4F, 0x00, 0x01, 0xFE, 0x44,
    0x04, 0x85, 0xFF, 0xB6, 0x05, 0xCF, 0x00, 0x0F, 0x00, 0x00, 0x00, 0x26, 0x26, 0x35, 0x34, 0x36,
    0x36, 0x33, 0x32, 0x16, 0x16, 0x15, 0x14, 0x06, 0x06, 0x23, 0xFE, 0xCA, 0x56, 0x30, 0x31, 0x54,
    0x35, 0x35, 0x54, 0x2F, 0x2F, 0x54, 0x35, 0x04, 0x85, 0x2C, 0x4C, 0x2E, 0x30, 0x4A, 0x2A, 0x2A,
    0x4B, 0x2F, 0x2F, 0x4C, 0x2B, 0x00, 0x00, 0x00, 0x00, 0x01, 0xFD, 0xF4, 0x04, 0xA2, 0xFF, 0xB7,
    0x06, 0x03, 0x00, 0x03, 0x00, 0x00, 0x01, 0x21, 0x13, 0x21, 0xFD, 0xF4, 0x01, 0x2D, 0x96, 0xFE,
    0xF5, 0x06, 0x03, 0xFE, 0x9F, 0x00, 0x00, 0x00, 0x00, 0x02, 0xFC, 0xE1, 0x04, 0xA2, 0x00, 0x26,
    0x05, 0xE1, 0x00, 0x03, 0x00, 0x07, 0x00, 0x00, 0x01, 0x33, 0x03, 0x23, 0x01, 0x33, 0x03, 0x23,
    0xFD, 0xB4, 0xF8, 0xF8, 0xD3, 0x02, 0x4C, 0xF9, 0xFC, 0xD2, 0x05, 0xE1, 0xFE, 0xC1, 0x01, 0x3F,
    0xFE, 0xC1, 0x00, 0x00, 0x00, 0x01, 0xFC, 0xAE, 0x04, 0xA5, 0x00, 0x00, 0x05, 0x81, 0x00, 0x03,
    0x00, 0x00, 0x01, 0x21, 0x15, 0x21, 0xFC, 0xAE, 0x03, 0x52, 0xFC, 0xAE, 0x05, 0x81, 0xDC, 0x00,
    0x00, 0x01, 0xFE, 0x12, 0xFE, 0x5D, 0xFF, 0xAF, 0x00, 0x00, 0x00, 0x0E, 0x00, 0x00, 0x00, 0x35,
    0x34, 0x37, 0x33, 0x06, 0x15, 0x14, 0x16, 0x33, 0x32, 0x37, 0x17, 0x06, 0x23, 0xFE, 0x12, 0x79,
    0xF6, 0x8B, 0x2D, 0x30, 0x1D, 0x21, 0x1E, 0x62, 0x76, 0xFE, 0x5D, 0xB8, 0x5C, 0x8F, 0x54, 0x40,
    0x27, 0x25, 0x0C, 0xBC, 0x13, 0x00, 0x00, 0x00, 0x00, 0x02, 0xFD, 0xFC, 0x04, 0x84, 0xFF, 0xDB,
    0x06, 0x38, 0x00, 0x0F, 0x00, 0x1B, 0x00, 0x00, 0x00, 0x26, 0x26, 0x35, 0x34, 0x36, 0x36, 0x33,
    0x32, 0x16, 0x16, 0x15, 0x14, 0x06, 0x06, 0x23, 0x36, 0x36, 0x35, 0x34, 0x26, 0x23, 0x22, 0x06,
    0x15, 0x14, 0x16, 0x33, 0xFE, 0xA5, 0x6C, 0x3D, 0x3F, 0x6D, 0x44, 0x43, 0x6D, 0x3F, 0x40, 0x6F,
    0x45, 0x27, 0x2C, 0x2C, 0x21, 0x23, 0x2F, 0x2F, 0x23, 0x04, 0x84, 0x38, 0x62, 0x3D, 0x3E, 0x65,
    0x3A, 0x38, 0x62, 0x3D, 0x3E, 0x65, 0x3A, 0x91, 0x2A, 0x20, 0x20, 0x2A, 0x2A, 0x20, 0x20, 0x2A,
    0x00, 0x01, 0x00, 0x00, 0x03, 0xFA, 0x06, 0x21, 0x04, 0xC7, 0x00, 0x03, 0x00, 0x00, 0x11, 0x21,
    0x15, 0x21, 0x06, 0x21, 0xF9, 0xDF, 0x04, 0xC7, 0xCD, 0x00, 0x00, 0x00, 0x00, 0x01, 0x00, 0x2A,
    0x02, 0x6C, 0x02, 0xEE, 0x03, 0x54, 0x00, 0x03, 0x00, 0x00, 0x13, 0x21, 0x15, 0x21, 0x2A, 0x02,
    0xC4, 0xFD, 0x3C, 0x03, 0x54, 0xE8, 0x00, 0x00, 0x00, 0x01, 0xFD, 0x1C, 0x04, 0xA0, 0xFF, 0xEB,
    0x05, 0xC7, 0x00, 0x18, 0x00, 0x00, 0x00, 0x26, 0x27, 0x2E, 0x02, 0x23, 0x22, 0x15, 0x23, 0x34,
    0x36, 0x33, 0x32, 0x16, 0x17, 0x16, 0x16, 0x33, 0x32, 0x35, 0x33, 0x14, 0x06, 0x23, 0xFE, 0xFD,
    0x47, 0x33, 0x06, 0x30, 0x21, 0x0B, 0x50, 0xB5, 0x6E, 0x63, 0x23, 0x47, 0x30, 0x2C, 0x2F, 0x17,
    0x44, 0xAE, 0x6E, 0x61, 0x04, 0xA0, 0x1C, 0x19, 0x03, 0x17, 0x0B, 0x58, 0x8B, 0x9A, 0x1B, 0x19,
    0x16, 0x13, 0x5B, 0x8B, 0x9A, 0x00, 0x00, 0x00, 0x00, 0x01, 0xFE, 0xA1, 0x04, 0x96, 0xFF, 0xCA,
    0x05, 0xEC, 0x00, 0x03, 0x00, 0x00, 0x01, 0x21, 0x03, 0x23, 0xFE, 0xC7, 0x01, 0x03, 0x95, 0x94,
    0x05, 0xEC, 0xFE, 0xAA, 0x00, 0x01, 0x00, 0x23, 0x04, 0xA2, 0x02, 0x40, 0x05, 0xE5, 0x00, 0x03,
    0x00, 0x00, 0x01, 0x21, 0x01, 0x21, 0x01, 0x09, 0x01, 0x37, 0xFE, 0xE5, 0xFE, 0xFE, 0x05, 0xE5,
    0xFE, 0xBD, 0x00, 0x00, 0x00, 0x01, 0x00, 0x12, 0x04, 0x98, 0x02, 0xB4, 0x05, 0xD5, 0x00, 0x0D,
    0x00, 0x00, 0x00, 0x26, 0x26, 0x27, 0x33, 0x16, 0x33, 0x32, 0x37, 0x33, 0x0E, 0x02, 0x23, 0x01,
    0x00, 0x96, 0x56, 0x02, 0xD1, 0x0D, 0x74, 0x6E, 0x10, 0xD2, 0x08, 0x57, 0x94, 0x61, 0x04, 0x98,
    0x50, 0x90, 0x5D, 0x73, 0x73, 0x61, 0x8F, 0x4D, 0x00, 0x01, 0x00, 0x21, 0x04, 0xA2, 0x02, 0xF2,
    0x05, 0xE7, 0x00, 0x06, 0x00, 0x00, 0x13, 0x33, 0x17, 0x37, 0x33, 0x03, 0x23, 0x21, 0xCD, 0x9B,
    0x9C, 0xCD, 0xEE, 0xF8, 0x05, 0xE7, 0xBC, 0xBC, 0xFE, 0xBB, 0x00, 0x00, 0x00, 0x01, 0x00, 0x33,
    0xFE, 0x39, 0x01, 0xC9, 0x00, 0x3C, 0x00, 0x10, 0x00, 0x00, 0x12, 0x27, 0x35, 0x16, 0x33, 0x32,
    0x35, 0x34, 0x23, 0x07, 0x35, 0x33, 0x15, 0x16, 0x15, 0x14, 0x21, 0x58, 0x25, 0x23, 0x25, 0x7B,
    0x6F, 0x25, 0xB1, 0xB6, 0xFE, 0xC2, 0xFE, 0x39, 0x04, 0x8A, 0x06, 0x49, 0x42, 0x02, 0xF2, 0x8E,
    0x07, 0x9F, 0xCF, 0x00, 0x00, 0x01, 0x00, 0x1F, 0x04, 0xA2, 0x02, 0xEE, 0x05, 0xE7, 0x00, 0x06,
    0x00, 0x00, 0x01, 0x33, 0x13, 0x23, 0x27, 0x07, 0x23, 0x01, 0x0A, 0xF8, 0xEC, 0xED, 0x80, 0x75,
    0xED, 0x05, 0xE7, 0xFE, 0xBB, 0x9E, 0x9E, 0x00, 0x00, 0x02, 0x00, 0x47, 0x04, 0x94, 0x03, 0x63,
    0x05, 0xC2, 0x00, 0x0B, 0x00, 0x17, 0x00, 0x00, 0x12, 0x26, 0x35, 0x34, 0x36, 0x33, 0x32, 0x16,
    0x15, 0x14, 0x06, 0x23, 0x20, 0x26, 0x35, 0x34, 0x36, 0x33, 0x32, 0x16, 0x15, 0x14, 0x06, 0x23,
    0xA0, 0x59, 0x59, 0x50, 0x50, 0x58, 0x58, 0x50, 0x01, 0x7A, 0x58, 0x58, 0x50, 0x50, 0x59, 0x59,
    0x50, 0x04, 0x94, 0x4F, 0x48, 0x48, 0x4F, 0x4F, 0x48, 0x48, 0x4F, 0x4F, 0x48, 0x48, 0x4F, 0x4F,
    0x48, 0x48, 0x4F, 0x00, 0x00, 0x01, 0x00, 0x4A, 0x04, 0x85, 0x01, 0xBC, 0x05, 0xCF, 0x00, 0x0F,
    0x00, 0x00, 0x12, 0x26, 0x26, 0x35, 0x34, 0x36, 0x36, 0x33, 0x32, 0x16, 0x16, 0x15, 0x14, 0x06,
    0x06, 0x23, 0xD0, 0x56, 0x30, 0x31, 0x54, 0x35, 0x35, 0x54, 0x2F, 0x2F, 0x54, 0x35, 0x04, 0x85,
    0x2C, 0x4C, 0x2E, 0x30, 0x4A, 0x2A, 0x2A, 0x4B, 0x2F, 0x2F, 0x4C, 0x2B, 0x00, 0x01, 0x00, 0xA5,
    0x04, 0xA2, 0x02, 0x68, 0x06, 0x03, 0x00, 0x03, 0x00, 0x00, 0x13, 0x21, 0x13, 0x21, 0xA5, 0x01,
    0x2D, 0x96, 0xFE, 0xF5, 0x06, 0x03, 0xFE, 0x9F, 0x00, 0x02, 0x00, 0x21, 0x04, 0xA2, 0x03, 0x66,
    0x05, 0xE1, 0x00, 0x03, 0x00, 0x07, 0x00, 0x00, 0x13, 0x33, 0x03, 0x23, 0x01, 0x33, 0x03, 0x23,
    0xF4, 0xF8, 0xF8, 0xD3, 0x02, 0x4C, 0xF9, 0xFC, 0xD2, 0x05, 0xE1, 0xFE, 0xC1, 0x01, 0x3F, 0xFE,
    0xC1, 0x00, 0x00, 0x00, 0x00, 0x01, 0x00, 0x00, 0x04, 0xA5, 0x03, 0x52, 0x05, 0x81, 0x00, 0x03,
    0x00, 0x00, 0x11, 0x21, 0x15, 0x21, 0x03, 0x52, 0xFC, 0xAE, 0x05, 0x81, 0xDC, 0x00, 0x00, 0x00,
    0x00, 0x01, 0x00, 0x33, 0xFE, 0x5D, 0x01, 0xD0, 0x00, 0x00, 0x00, 0x0E, 0x00, 0x00, 0x12, 0x35,
    0x34, 0x37, 0x33, 0x06, 0x15, 0x14, 0x16, 0x33, 0x32, 0x37, 0x17, 0x06, 0x23, 0x33, 0x79, 0xF6,
    0x8B, 0x2D, 0x30, 0x1D, 0x21, 0x1E, 0x62, 0x76, 0xFE, 0x5D, 0xB8, 0x5C, 0x8F, 0x54, 0x40, 0x27,
    0x25, 0x0C, 0xBC, 0x13, 0x00, 0x02, 0x00, 0x27, 0x04, 0xA2, 0x02, 0x06, 0x06, 0x56, 0x00, 0x0F,
    0x00, 0x1B, 0x00, 0x00, 0x12, 0x26, 0x26, 0x35, 0x34, 0x36, 0x36, 0x33, 0x32, 0x16, 0x16, 0x15,
    0x14, 0x06, 0x06, 0x23, 0x36, 0x36, 0x35, 0x34, 0x26, 0x23, 0x22, 0x06, 0x15, 0x14, 0x16, 0x33,
    0xD0, 0x6C, 0x3D, 0x3F, 0x6D, 0x44, 0x43, 0x6D, 0x3F, 0x40, 0x6F, 0x45, 0x27, 0x2C, 0x2C, 0x21,
    0x23, 0x2F, 0x2F, 0x23, 0x04, 0xA2, 0x38, 0x62, 0x3D, 0x3E, 0x65, 0x3A, 0x38, 0x62, 0x3D, 0x3E,
    0x65, 0x3A, 0x91, 0x2A, 0x20, 0x20, 0x2A, 0x2A, 0x20, 0x20, 0x2A, 0x00, 0x00, 0x01, 0x00, 0x2D,
    0x04, 0xA0, 0x02, 0xFC, 0x05, 0xC7, 0x00, 0x18, 0x00, 0x00, 0x00, 0x26, 0x27, 0x2E, 0x02, 0x23,
    0x22, 0x15, 0x23, 0x34, 0x36, 0x33, 0x32, 0x16, 0x17, 0x16, 0x16, 0x33, 0x32, 0x35, 0x33, 0x14,
    0x06, 0x23, 0x02, 0x0E, 0x47, 0x33, 0x06, 0x30, 0x21, 0x0B, 0x50, 0xB5, 0x6E, 0x63, 0x23, 0x47,
    0x30, 0x2C, 0x2F, 0x17, 0x44, 0xAE, 0x6E, 0x61, 0x04, 0xA0, 0x1C, 0x19, 0x03, 0x17, 0x0B, 0x58,
    0x8B, 0x9A, 0x1B, 0x19, 0x16, 0x13, 0x5B, 0x8B, 0x9A, 0x00, 0x00, 0x00, 0x00, 0x01, 0x00, 0x50,
    0x03, 0x9E, 0x01, 0xBF, 0x05, 0xBC, 0x00, 0x07, 0x00, 0x00, 0x13, 0x36, 0x36, 0x37, 0x21, 0x06,
    0x02, 0x07, 0x50, 0x29, 0x31, 0x07, 0x01, 0x0E, 0x01, 0x47, 0x44, 0x04, 0x16, 0x64, 0xDB, 0x67,
    0xA4, 0xFE, 0xE6, 0x60, 0x00, 0x00, 0x00, 0x1C, 0x01, 0x56, 0x00, 0x01, 0x00, 0x00, 0x00, 0x00,
    0x00, 0x00, 0x00, 0xAF, 0x00, 0x00, 0x00, 0x01, 0x00, 0x00, 0x00, 0x00, 0x00, 0x01, 0x00, 0x07,
    0x00, 0x4A, 0x00, 0x01, 0x00, 0x00, 0x00, 0x00, 0x00, 0x02, 0x00, 0x04, 0x00, 0xAF, 0x00, 0x01,
    0x00, 0x00, 0x00, 0x00, 0x00, 0x03, 0x00, 0x0C, 0x00, 0xB3, 0x00, 0x01, 0x00, 0x00, 0x00, 0x00,
    0x00, 0x04, 0x00, 0x0C, 0x00, 0xB3, 0x00, 0x01, 0x00, 0x00, 0x00, 0x00, 0x00, 0x05, 0x00, 0x0C,
    0x00, 0xBF, 0x00, 0x01, 0x00, 0x00, 0x00, 0x00, 0x00, 0x06, 0x00, 0x0C, 0x00, 0xCB, 0x00, 0x01,
    0x00, 0x00, 0x00, 0x00, 0x00, 0x07, 0x00, 0x3B, 0x00, 0xD7, 0x00, 0x01, 0x00, 0x00, 0x00, 0x00,
    0x00, 0x08, 0x00, 0x15, 0x00, 0x07, 0x00, 0x01, 0x00, 0x00, 0x00, 0x00, 0x00, 0x09, 0x00, 0x0A,
    0x01, 0x12, 0x00, 0x01, 0x00, 0x00, 0x00, 0x00, 0x00, 0x0B, 0x00, 0x23, 0x01, 0x1C, 0x00, 0x01,
    0x00, 0x00, 0x00, 0x00, 0x00, 0x0C, 0x00, 0x23, 0x01, 0x1C, 0x00, 0x01, 0x00, 0x00, 0x00, 0x00,
    0x00, 0x0D, 0x00, 0x4C, 0x01, 0x3F, 0x00, 0x01, 0x00, 0x00, 0x00, 0x00, 0x00, 0x0E, 0x00, 0x26,
    0x01, 0x8B, 0x00, 0x03, 0x00, 0x01, 0x04, 0x09, 0x00, 0x00, 0x01, 0x5E, 0x01, 0xB1, 0x00, 0x03,
    0x00, 0x01, 0x04, 0x09, 0x00, 0x01, 0x00, 0x0E, 0x02, 0x45, 0x00, 0x03, 0x00, 0x01, 0x04, 0x09,
    0x00, 0x02, 0x00, 0x08, 0x03, 0x0F, 0x00, 0x03, 0x00, 0x01, 0x04, 0x09, 0x00, 0x03, 0x00, 0x18,
    0x03, 0x17, 0x00, 0x03, 0x00, 0x01, 0x04, 0x09, 0x00, 0x04, 0x00, 0x18, 0x03, 0x17, 0x00, 0x03,
    0x00, 0x01, 0x04, 0x09, 0x00, 0x05, 0x00, 0x18, 0x03, 0x2F, 0x00, 0x03, 0x00, 0x01, 0x04, 0x09,
    0x00, 0x06, 0x00, 0x18, 0x03, 0x47, 0x00, 0x03, 0x00, 0x01, 0x04, 0x09, 0x00, 0x07, 0x00, 0x76,
    0x03, 0x5F, 0x00, 0x03, 0x00, 0x01, 0x04, 0x09, 0x00, 0x08, 0x00, 0x2A, 0x01, 0xBF, 0x00, 0x03,
    0x00, 0x01, 0x04, 0x09, 0x00, 0x09, 0x00, 0x14, 0x03, 0xD5, 0x00, 0x03, 0x00, 0x01, 0x04, 0x09,
    0x00, 0x0B, 0x00, 0x46, 0x03, 0xE9, 0x00, 0x03, 0x00, 0x01, 0x04, 0x09, 0x00, 0x0C, 0x00, 0x46,
    0x03, 0xE9, 0x00, 0x03, 0x00, 0x01, 0x04, 0x09, 0x00, 0x0D, 0x00, 0x98, 0x04, 0x2F, 0x00, 0x03,
    0x00, 0x01, 0x04, 0x09, 0x00, 0x0E, 0x00, 0x4C, 0x04, 0xC7, 0xA9, 0x20, 0x32, 0x30, 0x31, 0x35,
    0x20, 0x4D, 0x69, 0x63, 0x72, 0x6F, 0x73, 0x6F, 0x66, 0x74, 0x20, 0x43, 0x6F, 0x72, 0x70, 0x6F,
    0x72, 0x61, 0x74, 0x69, 0x6F, 0x6E, 0x20, 0x28, 0x77, 0x77, 0x77, 0x2E, 0x6D, 0x69, 0x63, 0x72,
    0x6F, 0x73, 0x6F, 0x66, 0x74, 0x2E, 0x63, 0x6F, 0x6D, 0x29, 0x2C, 0x20, 0x77, 0x69, 0x74, 0x68,
    0x20, 0x52, 0x65, 0x73, 0x65, 0x72, 0x76, 0x65, 0x64, 0x20, 0x46, 0x6F, 0x6E, 0x74, 0x20, 0x4E,
    0x61, 0x6D, 0x65, 0x20, 0x53, 0x65, 0x6C, 0x61, 0x77, 0x69, 0x6B, 0x2E, 0x20, 0x53, 0x65, 0x6C,
    0x61, 0x77, 0x69, 0x6B, 0x20, 0x69, 0x73, 0x20, 0x61, 0x20, 0x74, 0x72, 0x61, 0x64, 0x65, 0x6D,
    0x61, 0x72, 0x6B, 0x20, 0x6F, 0x66, 0x20, 0x4D, 0x69, 0x63, 0x72, 0x6F, 0x73, 0x6F, 0x66, 0x74,
    0x20, 0x43, 0x6F, 0x72, 0x70, 0x6F, 0x72, 0x61, 0x74, 0x69, 0x6F, 0x6E, 0x20, 0x69, 0x6E, 0x20,
    0x74, 0x68, 0x65, 0x20, 0x55, 0x6E, 0x69, 0x74, 0x65, 0x64, 0x20, 0x53, 0x74, 0x61, 0x74, 0x65,
    0x73, 0x20, 0x61, 0x6E, 0x64, 0x2F, 0x6F, 0x72, 0x20, 0x6F, 0x74, 0x68, 0x65, 0x72, 0x20, 0x63,
    0x6F, 0x75, 0x6E, 0x74, 0x72, 0x69, 0x65, 0x73, 0x2E, 0x42, 0x6F, 0x6C, 0x64, 0x53, 0x65, 0x6C,
    0x61, 0x77, 0x69, 0x6B, 0x20, 0x42, 0x6F, 0x6C, 0x64, 0x56, 0x65, 0x72, 0x73, 0x69, 0x6F, 0x6E,
    0x20, 0x31, 0x2E, 0x30, 0x31, 0x53, 0x65, 0x6C, 0x61, 0x77, 0x69, 0x6B, 0x2D, 0x42, 0x6F, 0x6C,
    0x64, 0x53, 0x65, 0x6C, 0x61, 0x77, 0x69, 0x6B, 0x20, 0x69, 0x73, 0x20, 0x61, 0x20, 0x74, 0x72,
    0x61, 0x64, 0x65, 0x6D, 0x61, 0x72, 0x6B, 0x20, 0x6F, 0x66, 0x20, 0x74, 0x68, 0x65, 0x20, 0x4D,
    0x69, 0x63, 0x72, 0x6F, 0x73, 0x6F, 0x66, 0x74, 0x20, 0x67, 0x72, 0x6F, 0x75, 0x70, 0x20, 0x6F,
    0x66, 0x20, 0x63, 0x6F, 0x6D, 0x70, 0x61, 0x6E, 0x69, 0x65, 0x73, 0x2E, 0x41, 0x61, 0x72, 0x6F,
    0x6E, 0x20, 0x42, 0x65, 0x6C, 0x6C, 0x68, 0x74, 0x74, 0x70, 0x3A, 0x2F, 0x2F, 0x77, 0x77, 0x77,
    0x2E, 0x6D, 0x69, 0x63, 0x72, 0x6F, 0x73, 0x6F, 0x66, 0x74, 0x2E, 0x63, 0x6F, 0x6D, 0x2F, 0x74,
    0x79, 0x70, 0x6F, 0x67, 0x72, 0x61, 0x70, 0x68, 0x79, 0x54, 0x68, 0x69, 0x73, 0x20, 0x46, 0x6F,
    0x6E, 0x74, 0x20, 0x53, 0x6F, 0x66, 0x74, 0x77, 0x61, 0x72, 0x65, 0x20, 0x69, 0x73, 0x20, 0x6C,
    0x69, 0x63, 0x65, 0x6E, 0x73, 0x65, 0x64, 0x20, 0x75, 0x6E, 0x64, 0x65, 0x72, 0x20, 0x74, 0x68,
    0x65, 0x20, 0x53, 0x49, 0x4C, 0x20, 0x4F, 0x70, 0x65, 0x6E, 0x20, 0x46, 0x6F, 0x6E, 0x74, 0x20,
    0x4C, 0x69, 0x63, 0x65, 0x6E, 0x73, 0x65, 0x2C, 0x20, 0x56, 0x65, 0x72, 0x73, 0x69, 0x6F, 0x6E,
    0x20, 0x31, 0x2E, 0x31, 0x2E, 0x68, 0x74, 0x74, 0x70, 0x3A, 0x2F, 0x2F, 0x6F, 0x70, 0x65, 0x6E,
    0x73, 0x6F, 0x75, 0x72, 0x63, 0x65, 0x2E, 0x6F, 0x72, 0x67, 0x2F, 0x6C, 0x69, 0x63, 0x65, 0x6E,
    0x73, 0x65, 0x73, 0x2F, 0x4F, 0x46, 0x4C, 0x2D, 0x31, 0x2E, 0x31, 0x00, 0xA9, 0x00, 0x20, 0x00,
    0x32, 0x00, 0x30, 0x00, 0x31, 0x00, 0x35, 0x00, 0x20, 0x00, 0x4D, 0x00, 0x69, 0x00, 0x63, 0x00,
    0x72, 0x00, 0x6F, 0x00, 0x73, 0x00, 0x6F, 0x00, 0x66, 0x00, 0x74, 0x00, 0x20, 0x00, 0x43, 0x00,
    0x6F, 0x00, 0x72, 0x00, 0x70, 0x00, 0x6F, 0x00, 0x72, 0x00, 0x61, 0x00, 0x74, 0x00, 0x69, 0x00,
    0x6F, 0x00, 0x6E, 0x00, 0x20, 0x00, 0x28, 0x00, 0x77, 0x00, 0x77, 0x00, 0x77, 0x00, 0x2E, 0x00,
    0x6D, 0x00, 0x69, 0x00, 0x63, 0x00, 0x72, 0x00, 0x6F, 0x00, 0x73, 0x00, 0x6F, 0x00, 0x66, 0x00,
    0x74, 0x00, 0x2E, 0x00, 0x63, 0x00, 0x6F, 0x00, 0x6D, 0x00, 0x29, 0x00, 0x2C, 0x00, 0x20, 0x00,
    0x77, 0x00, 0x69, 0x00, 0x74, 0x00, 0x68, 0x00, 0x20, 0x00, 0x52, 0x00, 0x65, 0x00, 0x73, 0x00,
    0x65, 0x00, 0x72, 0x00, 0x76, 0x00, 0x65, 0x00, 0x64, 0x00, 0x20, 0x00, 0x46, 0x00, 0x6F, 0x00,
    0x6E, 0x00, 0x74, 0x00, 0x20, 0x00, 0x4E, 0x00, 0x61, 0x00, 0x6D, 0x00, 0x65, 0x00, 0x20, 0x00,
    0x53, 0x00, 0x65, 0x00, 0x6C, 0x00, 0x61, 0x00, 0x77, 0x00, 0x69, 0x00, 0x6B, 0x00, 0x2E, 0x00,
    0x20, 0x00, 0x53, 0x00, 0x65, 0x00, 0x6C, 0x00, 0x61, 0x00, 0x77, 0x00, 0x69, 0x00, 0x6B, 0x00,
    0x20, 0x00, 0x69, 0x00, 0x73, 0x00, 0x20, 0x00, 0x61, 0x00, 0x20, 0x00, 0x74, 0x00, 0x72, 0x00,
    0x61, 0x00, 0x64, 0x00, 0x65, 0x00, 0x6D, 0x00, 0x61, 0x00, 0x72, 0x00, 0x6B, 0x00, 0x20, 0x00,
    0x6F, 0x00, 0x66, 0x00, 0x20, 0x00, 0x4D, 0x00, 0x69, 0x00, 0x63, 0x00, 0x72, 0x00, 0x6F, 0x00,
    0x73, 0x00, 0x6F, 0x00, 0x66, 0x00, 0x74, 0x00, 0x20, 0x00, 0x43, 0x00, 0x6F, 0x00, 0x72, 0x00,
    0x70, 0x00, 0x6F, 0x00, 0x72, 0x00, 0x61, 0x00, 0x74, 0x00, 0x69, 0x00, 0x6F, 0x00, 0x6E, 0x00,
    0x20, 0x00, 0x69, 0x00, 0x6E, 0x00, 0x20, 0x00, 0x74, 0x00, 0x68, 0x00, 0x65, 0x00, 0x20, 0x00,
    0x55, 0x00, 0x6E, 0x00, 0x69, 0x00, 0x74, 0x00, 0x65, 0x00, 0x64, 0x00, 0x20, 0x00, 0x53, 0x00,
    0x74, 0x00, 0x61, 0x00, 0x74, 0x00, 0x65, 0x00, 0x73, 0x00, 0x20, 0x00, 0x61, 0x00, 0x6E, 0x00,
    0x64, 0x00, 0x2F, 0x00, 0x6F, 0x00, 0x72, 0x00, 0x20, 0x00, 0x6F, 0x00, 0x74, 0x00, 0x68, 0x00,
    0x65, 0x00, 0x72, 0x00, 0x20, 0x00, 0x63, 0x00, 0x6F, 0x00, 0x75, 0x00, 0x6E, 0x00, 0x74, 0x00,
    0x72, 0x00, 0x69, 0x00, 0x65, 0x00, 0x73, 0x00, 0x2E, 0x00, 0x42, 0x00, 0x6F, 0x00, 0x6C, 0x00,
    0x64, 0x00, 0x53, 0x00, 0x65, 0x00, 0x6C, 0x00, 0x61, 0x00, 0x77, 0x00, 0x69, 0x00, 0x6B, 0x00,
    0x20, 0x00, 0x42, 0x00, 0x6F, 0x00, 0x6C, 0x00, 0x64, 0x00, 0x56, 0x00, 0x65, 0x00, 0x72, 0x00,
    0x73, 0x00, 0x69, 0x00, 0x6F, 0x00, 0x6E, 0x00, 0x20, 0x00, 0x31, 0x00, 0x2E, 0x00, 0x30, 0x00,
    0x31, 0x00, 0x53, 0x00, 0x65, 0x00, 0x6C, 0x00, 0x61, 0x00, 0x77, 0x00, 0x69, 0x00, 0x6B, 0x00,
    0x2D, 0x00, 0x42, 0x00, 0x6F, 0x00, 0x6C, 0x00, 0x64, 0x00, 0x53, 0x00, 0x65, 0x00, 0x6C, 0x00,
    0x61, 0x00, 0x77, 0x00, 0x69, 0x00, 0x6B, 0x00, 0x20, 0x00, 0x69, 0x00, 0x73, 0x00, 0x20, 0x00,
    0x61, 0x00, 0x20, 0x00, 0x74, 0x00, 0x72, 0x00, 0x61, 0x00, 0x64, 0x00, 0x65, 0x00, 0x6D, 0x00,
    0x61, 0x00, 0x72, 0x00, 0x6B, 0x00, 0x20, 0x00, 0x6F, 0x00, 0x66, 0x00, 0x20, 0x00, 0x74, 0x00,
    0x68, 0x00, 0x65, 0x00, 0x20, 0x00, 0x4D, 0x00, 0x69, 0x00, 0x63, 0x00, 0x72, 0x00, 0x6F, 0x00,
    0x73, 0x00, 0x6F, 0x00, 0x66, 0x00, 0x74, 0x00, 0x20, 0x00, 0x67, 0x00, 0x72, 0x00, 0x6F, 0x00,
    0x75, 0x00, 0x70, 0x00, 0x20, 0x00, 0x6F, 0x00, 0x66, 0x00, 0x20, 0x00, 0x63, 0x00, 0x6F, 0x00,
    0x6D, 0x00, 0x70, 0x00, 0x61, 0x00, 0x6E, 0x00, 0x69, 0x00, 0x65, 0x00, 0x73, 0x00, 0x2E, 0x00,
    0x41, 0x00, 0x61, 0x00, 0x72, 0x00, 0x6F, 0x00, 0x6E, 0x00, 0x20, 0x00, 0x42, 0x00, 0x65, 0x00,
    0x6C, 0x00, 0x6C, 0x00, 0x68, 0x00, 0x74, 0x00, 0x74, 0x00, 0x70, 0x00, 0x3A, 0x00, 0x2F, 0x00,
    0x2F, 0x00, 0x77, 0x00, 0x77, 0x00, 0x77, 0x00, 0x2E, 0x00, 0x6D, 0x00, 0x69, 0x00, 0x63, 0x00,
    0x72, 0x00, 0x6F, 0x00, 0x73, 0x00, 0x6F, 0x00, 0x66, 0x00, 0x74, 0x00, 0x2E, 0x00, 0x63, 0x00,
    0x6F, 0x00, 0x6D, 0x00, 0x2F, 0x00, 0x74, 0x00, 0x79, 0x00, 0x70, 0x00, 0x6F, 0x00, 0x67, 0x00,
    0x72, 0x00, 0x61, 0x00, 0x70, 0x00, 0x68, 0x00, 0x79, 0x00, 0x54, 0x00, 0x68, 0x00, 0x69, 0x00,
    0x73, 0x00, 0x20, 0x00, 0x46, 0x00, 0x6F, 0x00, 0x6E, 0x00, 0x74, 0x00, 0x20, 0x00, 0x53, 0x00,
    0x6F, 0x00, 0x66, 0x00, 0x74, 0x00, 0x77, 0x00, 0x61, 0x00, 0x72, 0x00, 0x65, 0x00, 0x20, 0x00,
    0x69, 0x00, 0x73, 0x00, 0x20, 0x00, 0x6C, 0x00, 0x69, 0x00, 0x63, 0x00, 0x65, 0x00, 0x6E, 0x00,
    0x73, 0x00, 0x65, 0x00, 0x64, 0x00, 0x20, 0x00, 0x75, 0x00, 0x6E, 0x00, 0x64, 0x00, 0x65, 0x00,
    0x72, 0x00, 0x20, 0x00, 0x74, 0x00, 0x68, 0x00, 0x65, 0x00, 0x20, 0x00, 0x53, 0x00, 0x49, 0x00,
    0x4C, 0x00, 0x20, 0x00, 0x4F, 0x00, 0x70, 0x00, 0x65, 0x00, 0x6E, 0x00, 0x20, 0x00, 0x46, 0x00,
    0x6F, 0x00, 0x6E, 0x00, 0x74, 0x00, 0x20, 0x00, 0x4C, 0x00, 0x69, 0x00, 0x63, 0x00, 0x65, 0x00,
    0x6E, 0x00, 0x73, 0x00, 0x65, 0x00, 0x2C, 0x00, 0x20, 0x00, 0x56, 0x00, 0x65, 0x00, 0x72, 0x00,
    0x73, 0x00, 0x69, 0x00, 0x6F, 0x00, 0x6E, 0x00, 0x20, 0x00, 0x31, 0x00, 0x2E, 0x00, 0x31, 0x00,
    0x2E, 0x00, 0x68, 0x00, 0x74, 0x00, 0x74, 0x00, 0x70, 0x00, 0x3A, 0x00, 0x2F, 0x00, 0x2F, 0x00,
    0x6F, 0x00, 0x70, 0x00, 0x65, 0x00, 0x6E, 0x00, 0x73, 0x00, 0x6F, 0x00, 0x75, 0x00, 0x72, 0x00,
    0x63, 0x00, 0x65, 0x00, 0x2E, 0x00, 0x6F, 0x00, 0x72, 0x00, 0x67, 0x00, 0x2F, 0x00, 0x6C, 0x00,
    0x69, 0x00, 0x63, 0x00, 0x65, 0x00, 0x6E, 0x00, 0x73, 0x00, 0x65, 0x00, 0x73, 0x00, 0x2F, 0x00,
    0x4F, 0x00, 0x46, 0x00, 0x4C, 0x00, 0x2D, 0x00, 0x31, 0x00, 0x2E, 0x00, 0x31, 0x00, 0x00, 0x00,
    0x00, 0x03, 0x00, 0x00, 0x00, 0x00, 0x00, 0x00, 0xFF, 0xB5, 0x00, 0x32, 0x00, 0x00, 0x00, 0x00,
    0x00, 0x00, 0x00, 0x00, 0x00, 0x00, 0x00, 0x00, 0x00, 0x00, 0x00, 0x00, 0x00, 0x00, 0x00, 0x00,
    0x00, 0x01, 0x00, 0x02, 0x00, 0x01, 0x00, 0x00, 0xFF, 0xFF, 0x00, 0x0A, 0x00, 0x01, 0x00, 0x00,
    0x00, 0x0C, 0x00, 0x00, 0x00, 0x00, 0x00, 0x22, 0x00, 0x02, 0x00, 0x03, 0x00, 0x02, 0x00, 0xE8,
    0x00, 0x01, 0x01, 0x40, 0x01, 0x4D, 0x00, 0x03, 0x01, 0x50, 0x01, 0x51, 0x00, 0x03, 0x00, 0x01,
    0x01, 0x40, 0x00, 0x11, 0x00, 0x02, 0x00, 0x02, 0x00, 0x02, 0x00, 0x01, 0x00, 0x02, 0x00, 0x01,
    0x00, 0x02, 0x00, 0x02, 0x00, 0x02, 0x00, 0x02, 0x00, 0x02, 0x00, 0x02, 0x00, 0x00, 0x00, 0x02,
    0x00, 0x00, 0x00, 0x00, 0x00, 0x02, 0x00, 0x00, 0x00, 0x01, 0x00, 0x00, 0x00, 0x0A, 0x00, 0xB4,
    0x01, 0xBA, 0x00, 0x02, 0x44, 0x46, 0x4C, 0x54, 0x00, 0x0E, 0x6C, 0x61, 0x74, 0x6E, 0x00, 0x1C,
    0x00, 0x04, 0x00, 0x00, 0x00, 0x00, 0xFF, 0xFF, 0x00, 0x02, 0x00, 0x00, 0x00, 0x0A, 0x00, 0x34,
    0x00, 0x08, 0x41, 0x5A, 0x45, 0x20, 0x00, 0x3E, 0x43, 0x41, 0x54, 0x20, 0x00, 0x48, 0x43, 0x52,
    0x54, 0x20, 0x00, 0x52, 0x4B, 0x41, 0x5A, 0x20, 0x00, 0x5C, 0x4D, 0x4F, 0x4C, 0x20, 0x00, 0x66,
    0x52, 0x4F, 0x4D, 0x20, 0x00, 0x70, 0x54, 0x41, 0x54, 0x20, 0x00, 0x7A, 0x54, 0x52, 0x4B, 0x20,
    0x00, 0x84, 0x00, 0x00, 0xFF, 0xFF, 0x00, 0x02, 0x00, 0x01, 0x00, 0x0B, 0x00, 0x00, 0xFF, 0xFF,
    0x00, 0x02, 0x00, 0x02, 0x00, 0x0C, 0x00, 0x00, 0xFF, 0xFF, 0x00, 0x02, 0x00, 0x03, 0x00, 0x0D,
    0x00, 0x00, 0xFF, 0xFF, 0x00, 0x02, 0x00, 0x04, 0x00, 0x0E, 0x00, 0x00, 0xFF, 0xFF, 0x00, 0x02,
    0x00, 0x05, 0x00, 0x0F, 0x00, 0x00, 0xFF, 0xFF, 0x00, 0x02, 0x00, 0x06, 0x00, 0x10, 0x00, 0x00,
    0xFF, 0xFF, 0x00, 0x02, 0x00, 0x07, 0x00, 0x11, 0x00, 0x00, 0xFF, 0xFF, 0x00, 0x02, 0x00, 0x08,
    0x00, 0x12, 0x00, 0x00, 0xFF, 0xFF, 0x00, 0x02, 0x00, 0x09, 0x00, 0x13, 0x00, 0x14, 0x6D, 0x61,
    0x72, 0x6B, 0x00, 0x7A, 0x6D, 0x61, 0x72, 0x6B, 0x00, 0x80, 0x6D, 0x61, 0x72, 0x6B, 0x00, 0x86,
    0x6D, 0x61, 0x72, 0x6B, 0x00, 0x8C, 0x6D, 0x61, 0x72, 0x6B, 0x00, 0x92, 0x6D, 0x61, 0x72, 0x6B,
    0x00, 0x98, 0x6D, 0x61, 0x72, 0x6B, 0x00, 0x9E, 0x6D, 0x61, 0x72, 0x6B, 0x00, 0xA4, 0x6D, 0x61,
    0x72, 0x6B, 0x00, 0xAA, 0x6D, 0x61, 0x72, 0x6B, 0x00, 0xB0, 0x6D, 0x6B, 0x6D, 0x6B, 0x00, 0xB6,
    0x6D, 0x6B, 0x6D, 0x6B, 0x00, 0xBE, 0x6D, 0x6B, 0x6D, 0x6B, 0x00, 0xC6, 0x6D, 0x6B, 0x6D, 0x6B,
    0x00, 0xCE, 0x6D, 0x6B, 0x6D, 0x6B, 0x00, 0xD6, 0x6D, 0x6B, 0x6D, 0x6B, 0x00, 0xDE, 0x6D, 0x6B,
    0x6D, 0x6B, 0x00, 0xE6, 0x6D, 0x6B, 0x6D, 0x6B, 0x00, 0xEE, 0x6D, 0x6B, 0x6D, 0x6B, 0x00, 0xF6,
    0x6D, 0x6B, 0x6D, 0x6B, 0x00, 0xFE, 0x00, 0x00, 0x00, 0x01, 0x00, 0x00, 0x00, 0x00, 0x00, 0x01,
    0x00, 0x00, 0x00, 0x00, 0x00, 0x01, 0x00, 0x00, 0x00, 0x00, 0x00, 0x01, 0x00, 0x00, 0x00, 0x00,
    0x00, 0x01, 0x00, 0x00, 0x00, 0x00, 0x00, 0x01, 0x00, 0x00, 0x00, 0x00, 0x00, 0x01, 0x00, 0x00,
    0x00, 0x00, 0x00, 0x01, 0x00, 0x00, 0x00, 0x00, 0x00, 0x01, 0x00, 0x00, 0x00, 0x00, 0x00, 0x01,
    0x00, 0x00, 0x00, 0x00, 0x00, 0x02, 0x00, 0x01, 0x00, 0x02, 0x00, 0x00, 0x00, 0x02, 0x00, 0x01,
    0x00, 0x02, 0x00, 0x00, 0x00, 0x02, 0x00, 0x01, 0x00, 0x02, 0x00, 0x00, 0x00, 0x02, 0x00, 0x01,
    0x00, 0x02, 0x00, 0x00, 0x00, 0x02, 0x00, 0x01, 0x00, 0x02, 0x00, 0x00, 0x00, 0x02, 0x00, 0x01,
    0x00, 0x02, 0x00, 0x00, 0x00, 0x02, 0x00, 0x01, 0x00, 0x02, 0x00, 0x00, 0x00, 0x02, 0x00, 0x01,
    0x00, 0x02, 0x00, 0x00, 0x00, 0x02, 0x00, 0x01, 0x00, 0x02, 0x00, 0x00, 0x00, 0x02, 0x00, 0x01,
    0x00, 0x02, 0x00, 0x03, 0x00, 0x08, 0x00, 0x10, 0x00, 0x18, 0x00, 0x04, 0x00, 0x00, 0x00, 0x01,
    0x00, 0x18, 0x00, 0x06, 0x01, 0x00, 0x00, 0x01, 0x0D, 0xD4, 0x00, 0x06, 0x02, 0x00, 0x00, 0x01,
    0x0E, 0x00, 0x00, 0x01, 0x0E, 0xD8, 0x0E, 0xE8, 0x00, 0x04, 0x00, 0x0C, 0x00, 0x4E, 0x00, 0x10,
    0x00, 0x02, 0x07, 0x76, 0x00, 0x02, 0x07, 0x7C, 0x00, 0x02, 0x07, 0x82, 0x00, 0x01, 0x07, 0x6A,
    0x00, 0x02, 0x07, 0x88, 0x00, 0x01, 0x07, 0x70, 0x00, 0x02, 0x07, 0x8E, 0x00, 0x02, 0x07, 0x94,
    0x00, 0x02, 0x07, 0x9A, 0x00, 0x02, 0x07, 0xA0, 0x00, 0x02, 0x07, 0xA6, 0x00, 0x02, 0x07, 0xAC,
    0x00, 0x00, 0x07, 0x64, 0x00, 0x02, 0x07, 0xB2, 0x00, 0x02, 0x07, 0xB8, 0x00, 0x03, 0x07, 0xBE,
    0x00, 0xE4, 0x07, 0x82, 0x07, 0x88, 0x07, 0x8E, 0x0D, 0x70, 0x07, 0x82, 0x07, 0x88, 0x07, 0x94,
    0x0D, 0x70, 0x07, 0x82, 0x07, 0x88, 0x07, 0x9A, 0x0D, 0x70, 0x07, 0x82, 0x07, 0x88, 0x07, 0xA0,
    0x0D, 0x70, 0x07, 0x82, 0x07, 0x88, 0x07, 0xA6, 0x0D, 0x70, 0x07, 0x82, 0x07, 0x88, 0x07, 0xAC,
    0x0D, 0x70, 0x07, 0x82, 0x07, 0x88, 0x07, 0xB2, 0x0D, 0x70, 0x07, 0x82, 0x07, 0x88, 0x07, 0x8E,
    0x0D, 0x70, 0x07, 0x82, 0x07, 0x88, 0x07, 0xB8, 0x0D, 0x70, 0x07, 0x82, 0x07, 0x88, 0x07, 0xBE,
    0x0D, 0x70, 0x07, 0xC4, 0x07, 0xCA, 0x07, 0xD0, 0x0D, 0x70, 0x0D, 0x70, 0x07, 0xDC, 0x07, 0xD6,
    0x0D, 0x70, 0x0D, 0x70, 0x07, 0xE8, 0x07, 0xE2, 0x0D, 0x70, 0x0D, 0x70, 0x07, 0xE8, 0x07, 0xEE,
    0x0D, 0x70, 0x0D, 0x70, 0x07, 0xE8, 0x07, 0xF4, 0x0D, 0x70, 0x0D, 0x70, 0x07, 0xFA, 0x07, 0xE2,
    0x0D, 0x70, 0x0D, 0x70, 0x07, 0xE8, 0x08, 0x00, 0x0D, 0x70, 0x0D, 0x70, 0x08, 0x06, 0x08, 0x0C,
    0x0D, 0x70, 0x0D, 0x70, 0x08, 0x06, 0x08, 0x0C, 0x0D, 0x70, 0x0D, 0x70, 0x08, 0x06, 0x08, 0x12,
    0x0D, 0x70, 0x0D, 0x70, 0x08, 0x06, 0x08, 0x0C, 0x0D, 0x70, 0x08, 0x18, 0x08, 0x1E, 0x08, 0x24,
    0x0D, 0x70, 0x08, 0x18, 0x08, 0x1E, 0x08, 0x2A, 0x0D, 0x70, 0x08, 0x18, 0x08, 0x1E, 0x08, 0x30,
    0x0D, 0x70, 0x08, 0x18, 0x08, 0x1E, 0x08, 0x30, 0x0D, 0x70, 0x08, 0x18, 0x08, 0x1E, 0x08, 0x36,
    0x0D, 0x70, 0x08, 0x18, 0x08, 0x1E, 0x08, 0x3C, 0x0D, 0x70, 0x08, 0x18, 0x08, 0x1E, 0x08, 0x42,
    0x0D, 0x70, 0x08, 0x18, 0x08, 0x1E, 0x08, 0x48, 0x0D, 0x70, 0x08, 0x18, 0x08, 0x1E, 0x08, 0x24,
    0x0D, 0x70, 0x0D, 0x70, 0x08, 0x54, 0x08, 0x4E, 0x0D, 0x70, 0x0D, 0x70, 0x08, 0x60, 0x08, 0x5A,
    0x0D, 0x70, 0x0D, 0x70, 0x08, 0x60, 0x08, 0x66, 0x0D, 0x70, 0x0D, 0x70, 0x08, 0x6C, 0x08, 0x5A,
    0x0D, 0x70, 0x0D, 0x70, 0x08, 0x60, 0x08, 0x72, 0x0D, 0x70, 0x0D, 0x70, 0x08, 0x78, 0x08, 0x7E,
    0x0D, 0x70, 0x0D, 0x70, 0x08, 0x78, 0x08, 0x7E, 0x0D, 0x70, 0x08, 0x84, 0x08, 0x8A, 0x08, 0x90,
    0x0D, 0x70, 0x08, 0x84, 0x08, 0x96, 0x08, 0x9C, 0x0D, 0x70, 0x08, 0x84, 0x08, 0x8A, 0x08, 0xA2,
    0x0D, 0x70, 0x08, 0x84, 0x08, 0x8A, 0x08, 0xA8, 0x0D, 0x70, 0x08, 0x84, 0x08, 0x8A, 0x08, 0xAE,
    0x0D, 0x70, 0x08, 0x84, 0x08, 0x8A, 0x08, 0xB4, 0x0D, 0x70, 0x08, 0x84, 0x08, 0x8A, 0x08, 0xBA,
    0x0D, 0x70, 0x08, 0x84, 0x08, 0x8A, 0x08, 0xC0, 0x0D, 0x70, 0x08, 0x84, 0x08, 0x8A, 0x08, 0x90,
    0x0D, 0x70, 0x0D, 0x70, 0x08, 0xCC, 0x08, 0xC6, 0x0D, 0x70, 0x0D, 0x70, 0x08, 0xD8, 0x08, 0xD2,
    0x0D, 0x70, 0x0D, 0x70, 0x08, 0xDE, 0x08, 0xD2, 0x0D, 0x70, 0x0D, 0x70, 0x08, 0xF0, 0x08, 0xE4,
    0x08, 0xEA, 0x0D, 0x70, 0x08, 0xF0, 0x08, 0xF6, 0x08, 0xEA, 0x0D, 0x70, 0x08, 0xF0, 0x08, 0xE4,
    0x08, 0xEA, 0x0D, 0x70, 0x08, 0xFC, 0x08, 0xE4, 0x08, 0xEA, 0x0D, 0x70, 0x08, 0xF0, 0x08, 0xE4,
    0x08, 0xEA, 0x0D, 0x70, 0x08, 0xF0, 0x08, 0xE4, 0x08, 0xEA, 0x0D, 0x70, 0x09, 0x08, 0x09, 0x02,
    0x0D, 0x70, 0x0D, 0x70, 0x09, 0x14, 0x09, 0x0E, 0x0D, 0x70, 0x0D, 0x70, 0x09, 0x14, 0x09, 0x1A,
    0x0D, 0x70, 0x0D, 0x70, 0x09, 0x14, 0x09, 0x20, 0x0D, 0x70, 0x0D, 0x70, 0x09, 0x26, 0x09, 0x0E,
    0x0D, 0x70, 0x0D, 0x70, 0x09, 0x14, 0x09, 0x2C, 0x0D, 0x70, 0x0D, 0x70, 0x09, 0x3E, 0x09, 0x32,
    0x09, 0x38, 0x0D, 0x70, 0x09, 0x3E, 0x09, 0x44, 0x09, 0x38, 0x0D, 0x70, 0x09, 0x3E, 0x09, 0x4A,
    0x09, 0x38, 0x0D, 0x70, 0x09, 0x3E, 0x09, 0x50, 0x09, 0x38, 0x0D, 0x70, 0x09, 0x3E, 0x09, 0x56,
    0x09, 0x38, 0x0D, 0x70, 0x09, 0x3E, 0x09, 0x32, 0x09, 0x38, 0x0D, 0x70, 0x09, 0x3E, 0x09, 0x5C,
    0x09, 0x38, 0x0D, 0x70, 0x09, 0x3E, 0x09, 0x32, 0x09, 0x38, 0x0D, 0x70, 0x09, 0x3E, 0x09, 0x62,
    0x09, 0x38, 0x09, 0x68, 0x09, 0x6E, 0x09, 0x74, 0x0D, 0x70, 0x0D, 0x70, 0x09, 0x80, 0x09, 0x7A,
    0x0D, 0x70, 0x0D, 0x70, 0x09, 0x80, 0x09, 0x7A, 0x0D, 0x70, 0x0D, 0x70, 0x09, 0x8C, 0x09, 0x86,
    0x09, 0x38, 0x0D, 0x70, 0x09, 0x98, 0x09, 0x92, 0x0D, 0x70, 0x0D, 0x70, 0x09, 0x98, 0x09, 0x9E,
    0x0D, 0x70, 0x0D, 0x70, 0x09, 0x98, 0x09, 0xA4, 0x0D, 0x70, 0x0D, 0x70, 0x09, 0xAA, 0x09, 0x92,
    0x0D, 0x70, 0x0D, 0x70, 0x09, 0xB6, 0x09, 0xB0, 0x0D, 0x70, 0x0D, 0x70, 0x09, 0xB6, 0x09, 0xBC,
    0x0D, 0x70, 0x0D, 0x70, 0x09, 0xB6, 0x09, 0xC2, 0x0D, 0x70, 0x0D, 0x70, 0x09, 0xC8, 0x09, 0xB0,
    0x0D, 0x70, 0x0D, 0x70, 0x09, 0xCE, 0x09, 0xB0, 0x0D, 0x70, 0x0D, 0x70, 0x09, 0xD4, 0x09, 0xDA,
    0x0D, 0x70, 0x0D, 0x70, 0x09, 0xD4, 0x09, 0xDA, 0x0D, 0x70, 0x0D, 0x70, 0x09, 0xD4, 0x09, 0xE0,
    0x0D, 0x70, 0x0D, 0x70, 0x09, 0xE6, 0x09, 0xDA, 0x0D, 0x70, 0x0D, 0x70, 0x09, 0xEC, 0x09, 0xDA,
    0x0D, 0x70, 0x09, 0xF2, 0x0A, 0x04, 0x09, 0xF8, 0x09, 0xFE, 0x09, 0xF2, 0x0A, 0x04, 0x0A, 0x0A,
    0x09, 0xFE, 0x09, 0xF2, 0x0A, 0x04, 0x0A, 0x10, 0x09, 0xFE, 0x09, 0xF2, 0x0A, 0x04, 0x0A, 0x16,
    0x09, 0xFE, 0x09, 0xF2, 0x0A, 0x04, 0x0A, 0x1C, 0x09, 0xFE, 0x09, 0xF2, 0x0A, 0x04, 0x09, 0xF8,
    0x09, 0xFE, 0x09, 0xF2, 0x0A, 0x04, 0x0A, 0x22, 0x09, 0xFE, 0x09, 0xF2, 0x0A, 0x04, 0x09, 0xF8,
    0x09, 0xFE, 0x09, 0xF2, 0x0A, 0x04, 0x0A, 0x28, 0x09, 0xFE, 0x0D, 0x70, 0x0A, 0x34, 0x0A, 0x2E,
    0x0D, 0x70, 0x0D, 0x70, 0x0A, 0x40, 0x0A, 0x3A, 0x0D, 0x70, 0x0D, 0x70, 0x0A, 0x40, 0x0A, 0x46,
    0x0D, 0x70, 0x0D, 0x70, 0x0A, 0x40, 0x0A, 0x4C, 0x0D, 0x70, 0x0D, 0x70, 0x0A, 0x40, 0x0A, 0x52,
    0x0D, 0x70, 0x0D, 0x70, 0x0A, 0x40, 0x0A, 0x58, 0x0D, 0x70, 0x0D, 0x70, 0x0A, 0x64, 0x0A, 0x5E,
    0x0D, 0x70, 0x0D, 0x70, 0x0A, 0x70, 0x0A, 0x6A, 0x0D, 0x70, 0x0D, 0x70, 0x0A, 0x70, 0x0A, 0x76,
    0x0D, 0x70, 0x0D, 0x70, 0x0A, 0x70, 0x0A, 0x7C, 0x0D, 0x70, 0x0D, 0x70, 0x0A, 0x70, 0x0A, 0x82,
    0x0D, 0x70, 0x0D, 0x70, 0x0A, 0x70, 0x0A, 0x88, 0x0D, 0x70, 0x0D, 0x70, 0x0A, 0x70, 0x0A, 0x6A,
    0x0D, 0x70, 0x0D, 0x70, 0x0A, 0x70, 0x0A, 0x76, 0x0D, 0x70, 0x0D, 0x70, 0x0A, 0x70, 0x0A, 0x7C,
    0x0D, 0x70, 0x0D, 0x70, 0x0A, 0x70, 0x0A, 0x8E, 0x0D, 0x70, 0x0A, 0x94, 0x0A, 0x9A, 0x0A, 0xA0,
    0x0D, 0x70, 0x0A, 0x94, 0x0A, 0x9A, 0x0A, 0xA6, 0x0D, 0x70, 0x0A, 0x94, 0x0A, 0x9A, 0x0A, 0xAC,
    0x0D, 0x70, 0x0A, 0x94, 0x0A, 0x9A, 0x0A, 0xB2, 0x0D, 0x70, 0x0A, 0x94, 0x0A, 0x9A, 0x0A, 0xB8,
    0x0D, 0x70, 0x0A, 0x94, 0x0A, 0x9A, 0x0A, 0xBE, 0x0D, 0x70, 0x0A, 0x94, 0x0A, 0x9A, 0x0A, 0xC4,
    0x0D, 0x70, 0x0A, 0x94, 0x0A, 0x9A, 0x0A, 0xA0, 0x0D, 0x70, 0x0A, 0x94, 0x0A, 0x9A, 0x0A, 0xCA,
    0x0D, 0x70, 0x0A, 0x94, 0x0A, 0x9A, 0x0A, 0xD0, 0x0D, 0x70, 0x0A, 0xD6, 0x0A, 0xDC, 0x0A, 0xE2,
    0x0D, 0x70, 0x0D, 0x70, 0x0A, 0xEE, 0x0A, 0xE8, 0x0D, 0x70, 0x0D, 0x70, 0x0A, 0xFA, 0x0A, 0xF4,
    0x0D, 0x70, 0x0D, 0x70, 0x0A, 0xFA, 0x0B, 0x00, 0x0D, 0x70, 0x0D, 0x70, 0x0A, 0xFA, 0x0B, 0x06,
    0x0D, 0x70, 0x0D, 0x70, 0x0B, 0x0C, 0x0A, 0xF4, 0x0D, 0x70, 0x0D, 0x70, 0x0A, 0xFA, 0x0B, 0x12,
    0x0D, 0x70, 0x0D, 0x70, 0x0B, 0x24, 0x0B, 0x18, 0x0B, 0x1E, 0x0D, 0x70, 0x0B, 0x24, 0x0B, 0x18,
    0x0B, 0x1E, 0x0D, 0x70, 0x0B, 0x24, 0x0B, 0x18, 0x0B, 0x1E, 0x0B, 0x2A, 0x0B, 0x30, 0x0B, 0x36,
    0x0D, 0x70, 0x0B, 0x2A, 0x0B, 0x30, 0x0B, 0x3C, 0x0D, 0x70, 0x0B, 0x2A, 0x0B, 0x30, 0x0B, 0x42,
    0x0D, 0x70, 0x0B, 0x2A, 0x0B, 0x30, 0x0B, 0x42, 0x0D, 0x70, 0x0B, 0x2A, 0x0B, 0x30, 0x0B, 0x48,
    0x0D, 0x70, 0x0B, 0x2A, 0x0B, 0x30, 0x0B, 0x4E, 0x0D, 0x70, 0x0B, 0x2A, 0x0B, 0x30, 0x0B, 0x54,
    0x0D, 0x70, 0x0B, 0x2A, 0x0B, 0x30, 0x0B, 0x5A, 0x0D, 0x70, 0x0B, 0x2A, 0x0B, 0x30, 0x0B, 0x36,
    0x0D, 0x70, 0x0D, 0x70, 0x0B, 0x66, 0x0B, 0x60, 0x0D, 0x70, 0x0D, 0x70, 0x0B, 0x24, 0x0B, 0x18,
    0x0D, 0x70, 0x0D, 0x70, 0x0B, 0x24, 0x0B, 0x6C, 0x0D, 0x70, 0x0D, 0x70, 0x0B, 0x24, 0x0B, 0x72,
    0x0D, 0x70, 0x0D, 0x70, 0x0B, 0x24, 0x0B, 0x78, 0x0D, 0x70, 0x0D, 0x70, 0x0B, 0x7E, 0x0B, 0x84,
    0x0D, 0x70, 0x0D, 0x70, 0x0B, 0x8A, 0x0B, 0x90, 0x0D, 0x70, 0x0B, 0x96, 0x0B, 0x9C, 0x0B, 0xA2,
    0x0D, 0x70, 0x0B, 0x96, 0x0B, 0x9C, 0x0B, 0xA2, 0x0D, 0x70, 0x0B, 0x96, 0x0B, 0x9C, 0x0B, 0xA8,
    0x0D, 0x70, 0x0B, 0x96, 0x0B, 0x9C, 0x0B, 0xAE, 0x0D, 0x70, 0x0B, 0x96, 0x0B, 0x9C, 0x0B, 0xB4,
    0x0D, 0x70, 0x0B, 0x96, 0x0B, 0x9C, 0x0B, 0xBA, 0x0D, 0x70, 0x0B, 0x96, 0x0B, 0x9C, 0x0B, 0xC0,
    0x0D, 0x70, 0x0B, 0x96, 0x0B, 0xC6, 0x0B, 0xCC, 0x0D, 0x70, 0x0B, 0x96, 0x0B, 0x9C, 0x0B, 0xD2,
    0x0D, 0x70, 0x0B, 0x96, 0x0B, 0x9C, 0x0B, 0xBA, 0x0D, 0x70, 0x0D, 0x70, 0x0B, 0x9C, 0x0B, 0xA2,
    0x0D, 0x70, 0x0D, 0x70, 0x0B, 0x9C, 0x0B, 0xA2, 0x0D, 0x70, 0x0D, 0x70, 0x0B, 0xDE, 0x0B, 0xD8,
    0x0D, 0x70, 0x0D, 0x70, 0x0B, 0xE4, 0x0B, 0xD8, 0x0D, 0x70, 0x0D, 0x70, 0x0B, 0x9C, 0x0B, 0xEA,
    0x0B, 0xF0, 0x0D, 0x70, 0x0B, 0x9C, 0x0B, 0xF6, 0x0B, 0xF0, 0x0D, 0x70, 0x0B, 0x9C, 0x0B, 0xEA,
    0x0B, 0xF0, 0x0D, 0x70, 0x0B, 0xFC, 0x0B, 0xEA, 0x0B, 0xF0, 0x0D, 0x70, 0x0B, 0x9C, 0x0B, 0xEA,
    0x0B, 0xF0, 0x0D, 0x70, 0x0C, 0x02, 0x0C, 0x08, 0x0C, 0x0E, 0x0D, 0x70, 0x0C, 0x1A, 0x0C, 0x14,
    0x0D, 0x70, 0x0D, 0x70, 0x0C, 0x26, 0x0C, 0x20, 0x0D, 0x70, 0x0D, 0x70, 0x0C, 0x26, 0x0C, 0x2C,
    0x0D, 0x70, 0x0D, 0x70, 0x0C, 0x26, 0x0C, 0x32, 0x0D, 0x70, 0x0D, 0x70, 0x0C, 0x38, 0x0C, 0x20,
    0x0D, 0x70, 0x0D, 0x70, 0x0C, 0x26, 0x0C, 0x20, 0x0D, 0x70, 0x0D, 0x70, 0x0C, 0x26, 0x0C, 0x3E,
    0x0D, 0x70, 0x0D, 0x70, 0x0C, 0x50, 0x0C, 0x44, 0x0C, 0x4A, 0x0D, 0x70, 0x0C, 0x50, 0x0C, 0x56,
    0x0C, 0x4A, 0x0D, 0x70, 0x0C, 0x50, 0x0C, 0x5C, 0x0C, 0x4A, 0x0D, 0x70, 0x0C, 0x50, 0x0C, 0x62,
    0x0C, 0x4A, 0x0D, 0x70, 0x0C, 0x50, 0x0C, 0x68, 0x0C, 0x4A, 0x0D, 0x70, 0x0C, 0x50, 0x0C, 0x44,
    0x0C, 0x4A, 0x0D, 0x70, 0x0C, 0x50, 0x0C, 0x6E, 0x0C, 0x4A, 0x0D, 0x70, 0x0C, 0x50, 0x0C, 0x44,
    0x0C, 0x4A, 0x0D, 0x70, 0x0C, 0x50, 0x0C, 0x74, 0x0C, 0x4A, 0x0C, 0x80, 0x0C, 0x7A, 0x0C, 0x86,
    0x0C, 0x8C, 0x0D, 0x70, 0x0A, 0xEE, 0x0A, 0xE8, 0x0D, 0x70, 0x0D, 0x70, 0x0A, 0xEE, 0x0A, 0xE8,
    0x0D, 0x70, 0x0D, 0x70, 0x0B, 0x24, 0x0B, 0x18, 0x0D, 0x70, 0x0D, 0x70, 0x0C, 0x98, 0x0C, 0x92,
    0x0D, 0x70, 0x0D, 0x70, 0x0C, 0x98, 0x0C, 0x9E, 0x0D, 0x70, 0x0D, 0x70, 0x0C, 0x98, 0x0C, 0xA4,
    0x0D, 0x70, 0x0D, 0x70, 0x0C, 0xAA, 0x0C, 0x92, 0x0D, 0x70, 0x0D, 0x70, 0x0C, 0xB6, 0x0C, 0xB0,
    0x0D, 0x70, 0x0D, 0x70, 0x0C, 0xB6, 0x0C, 0xBC, 0x0D, 0x70, 0x0D, 0x70, 0x0C, 0xB6, 0x0C, 0xC2,
    0x0D, 0x70, 0x0D, 0x70, 0x0C, 0xC8, 0x0C, 0xB0, 0x0D, 0x70, 0x0D, 0x70, 0x0C, 0xCE, 0x0C, 0xB0,
    0x0D, 0x70, 0x0D, 0x70, 0x0C, 0xE0, 0x0C, 0xD4, 0x0C, 0xDA, 0x0D, 0x70, 0x0C, 0xE0, 0x0C, 0xD4,
    0x0C, 0xDA, 0x0D, 0x70, 0x0C, 0xE0, 0x0C, 0xD4, 0x0C, 0xDA, 0x0D, 0x70, 0x0C, 0xE6, 0x0C, 0xD4,
    0x0C, 0xDA, 0x0D, 0x70, 0x0C, 0xEC, 0x0C, 0xD4, 0x0C, 0xDA, 0x0C, 0xF2, 0x0C, 0x26, 0x0C, 0x20,
    0x0C, 0xF8, 0x0C, 0xF2, 0x0C, 0x26, 0x0C, 0x2C, 0x0C, 0xF8, 0x0C, 0xF2, 0x0C, 0x26, 0x0C, 0x32,
    0x0C, 0xF8, 0x0C, 0xF2, 0x0C, 0x26, 0x0C, 0xFE, 0x0C, 0xF8, 0x0C, 0xF2, 0x0C, 0x26, 0x0D, 0x04,
    0x0C, 0xF8, 0x0C, 0xF2, 0x0C, 0x26, 0x0C, 0x20, 0x0C, 0xF8, 0x0C, 0xF2, 0x0C, 0x26, 0x0D, 0x0A,
    0x0C, 0xF8, 0x0C, 0xF2, 0x0C, 0x26, 0x0C, 0x20, 0x0C, 0xF8, 0x0C, 0xF2, 0x0C, 0x26, 0x0D, 0x10,
    0x0C, 0xF8, 0x0D, 0x70, 0x0D, 0x1C, 0x0D, 0x16, 0x0D, 0x70, 0x0D, 0x70, 0x0D, 0x28, 0x0D, 0x22,
    0x0D, 0x70, 0x0D, 0x70, 0x0D, 0x28, 0x0D, 0x2E, 0x0D, 0x70, 0x0D, 0x70, 0x0D, 0x28, 0x0D, 0x34,
    0x0D, 0x70, 0x0D, 0x70, 0x0D, 0x28, 0x0D, 0x3A, 0x0D, 0x70, 0x0D, 0x70, 0x0D, 0x28, 0x0D, 0x40,
    0x0D, 0x70, 0x0D, 0x70, 0x0D, 0x4C, 0x0D, 0x46, 0x0D, 0x70, 0x0D, 0x70, 0x0A, 0x9A, 0x0A, 0xA0,
    0x0D, 0x70, 0x0D, 0x70, 0x0A, 0x9A, 0x0A, 0xA6, 0x0D, 0x70, 0x0D, 0x70, 0x0A, 0x9A, 0x0A, 0xB2,
    0x0D, 0x70, 0x0D, 0x70, 0x0A, 0x9A, 0x0A, 0xB8, 0x0D, 0x70, 0x0D, 0x70, 0x0A, 0x9A, 0x0A, 0xBE,
    0x0D, 0x70, 0x0D, 0x70, 0x0D, 0x58, 0x0D, 0x52, 0x0D, 0x70, 0x0D, 0x70, 0x0D, 0x58, 0x0D, 0x5E,
    0x0D, 0x70, 0x0D, 0x70, 0x0D, 0x58, 0x0D, 0x64, 0x0D, 0x70, 0x0D, 0x70, 0x0D, 0x58, 0x0D, 0x6A,
    0x0D, 0x70, 0x00, 0x01, 0xFF, 0x28, 0x00, 0x0A, 0x00, 0x01, 0xFE, 0xFF, 0x00, 0x00, 0x00, 0x01,
    0xFF, 0x0A, 0x00, 0x00, 0x00, 0x01, 0xFE, 0x84, 0x03, 0xCE, 0x00, 0x01, 0xFE, 0x9E, 0x03, 0xCE,
    0x00, 0x01, 0xFE, 0x79, 0x03, 0xCE, 0x00, 0x01, 0xFE, 0x76, 0x03, 0xCE, 0x00, 0x01, 0xFF, 0x05,
    0x03, 0xCE, 0x00, 0x01, 0xFE, 0x23, 0x03, 0xCE, 0x00, 0x01, 0xFE, 0xFD, 0x03, 0xCE, 0x00, 0x01,
    0xFF, 0x35, 0x03, 0xCE, 0x00, 0x01, 0xFE, 0x16, 0x03, 0xCE, 0x00, 0x01, 0xFE, 0x57, 0x03, 0xCE,
    0x00, 0x01, 0xFE, 0xEC, 0x03, 0xCE, 0x00, 0x01, 0xFE, 0x7A, 0x03, 0xCE, 0x00, 0x01, 0xFF, 0x3D,
    0x03, 0xCE, 0x00, 0x01, 0x05, 0x10, 0x00, 0x0A, 0x00, 0x01, 0x02, 0xD0, 0x00, 0x00, 0x00, 0x01,
    0x02, 0xD0, 0x05, 0x68, 0x00, 0x01, 0x03, 0x0B, 0x07, 0x7F, 0x00, 0x01, 0x02, 0xD2, 0x07, 0x6F,
    0x00, 0x01, 0x02, 0xD2, 0x07, 0x81, 0x00, 0x01, 0x02, 0xD2, 0x07, 0x4E, 0x00, 0x01, 0x02, 0x32,
    0x07, 0x7F, 0x00, 0x01, 0x02, 0xD2, 0x07, 0x86, 0x00, 0x01, 0x02, 0xD1, 0x07, 0x7F, 0x00, 0x01,
    0x02, 0xD2, 0x07, 0x73, 0x00, 0x01, 0x06, 0xE0, 0x00, 0x0A, 0x00, 0x01, 0x05, 0x5A, 0x00, 0x00,
    0x00, 0x01, 0x05, 0x78, 0x05, 0x68, 0x00, 0x01, 0x02, 0x91, 0x05, 0x9A, 0x00, 0x01, 0x02, 0x91,
    0x00, 0x00, 0x00, 0x01, 0x02, 0xCF, 0x05, 0x68, 0x00, 0x01, 0x02, 0x7F, 0x00, 0x00, 0x00, 0x01,
    0x03, 0x0A, 0x07, 0x7F, 0x00, 0x01, 0x02, 0xD1, 0x07, 0x81, 0x00, 0x01, 0x02, 0xC7, 0xFE, 0x39,
    0x00, 0x01, 0x02, 0xD1, 0x07, 0x4C, 0x00, 0x01, 0x02, 0xF3, 0x00, 0x00, 0x00, 0x01, 0x02, 0xD5,
    0x05, 0x68, 0x00, 0x01, 0x02, 0xD7, 0x07, 0x81, 0x00, 0x01, 0x03, 0xA7, 0x00, 0x0A, 0x00, 0x01,
    0x02, 0x21, 0x00, 0x00, 0x00, 0x01, 0x02, 0x3F, 0x05, 0x68, 0x00, 0x01, 0x02, 0x7A, 0x07, 0x7F,
    0x00, 0x01, 0x02, 0x41, 0x07, 0x81, 0x00, 0x01, 0x02, 0x41, 0x07, 0x4E, 0x00, 0x01, 0x02, 0x41,
    0x07, 0x4C, 0x00, 0x01, 0x01, 0xA1, 0x07, 0x7F, 0x00, 0x01, 0x02, 0x41, 0x07, 0x86, 0x00, 0x01,
    0x02, 0x15, 0x05, 0x9A, 0x00, 0x01, 0x02, 0x15, 0x00, 0x00, 0x00, 0x01, 0x03, 0x1E, 0x05, 0x68,
    0x00, 0x01, 0x02, 0xD8, 0x00, 0x00, 0x00, 0x01, 0x03, 0x20, 0x07, 0x6F, 0x00, 0x01, 0x02, 0x99,
    0xFD, 0x86, 0x00, 0x01, 0x03, 0x20, 0x07, 0x4C, 0x00, 0x01, 0x03, 0x11, 0x00, 0x00, 0x00, 0x01,
    0x03, 0x11, 0x05, 0x68, 0x00, 0x01, 0x01, 0x8E, 0x00, 0x0A, 0x00, 0x01, 0x01, 0x45, 0x00, 0x00,
    0x00, 0x01, 0x01, 0x45, 0x05, 0x68, 0x00, 0x01, 0x04, 0x51, 0x00, 0x00, 0x00, 0x01, 0x04, 0x51,
    0x05, 0x9A, 0x00, 0x01, 0x01, 0x80, 0x07, 0x7F, 0x00, 0x01, 0x01, 0x47, 0x07, 0x81, 0x00, 0x01,
    0x01, 0x47, 0x07, 0x4E, 0x00, 0x01, 0x01, 0x47, 0x07, 0x4C, 0x00, 0x01, 0x00, 0xA7, 0x07, 0x7F,
    0x00, 0x01, 0x01, 0x47, 0x07, 0x86, 0x00, 0x01, 0x01, 0xC8, 0x05, 0x9A, 0x00, 0x01, 0x01, 0xC8,
    0x00, 0x00, 0x00, 0x01, 0x02, 0x99, 0x05, 0x9A, 0x00, 0x01, 0x02, 0x99, 0x00, 0x00, 0x00, 0x01,
    0x02, 0x5A, 0xFD, 0x86, 0x00, 0x01, 0x01, 0x44, 0x05, 0x68, 0x00, 0x01, 0x04, 0x03, 0x05, 0x9A,
    0x00, 0x01, 0x02, 0x0C, 0x00, 0x00, 0x00, 0x01, 0x01, 0x7F, 0x07, 0x7F, 0x00, 0x01, 0x01, 0xCD,
    0xFD, 0x86, 0x00, 0x01, 0x03, 0xD4, 0x05, 0x9A, 0x00, 0x01, 0x03, 0xD4, 0x00, 0x00, 0x00, 0x01,
    0x03, 0x29, 0x05, 0x68, 0x00, 0x01, 0x03, 0x29, 0x00, 0x00, 0x00, 0x01, 0x03, 0x64, 0x07, 0x7F,
    0x00, 0x01, 0x03, 0x2B, 0x07, 0x81, 0x00, 0x01, 0x02, 0xEA, 0xFD, 0x86, 0x00, 0x01, 0x03, 0x2B,
    0x07, 0x73, 0x00, 0x01, 0x03, 0x0B, 0x05, 0x68, 0x00, 0x01, 0x05, 0xFF, 0x05, 0x9A, 0x00, 0x01,
    0x03, 0x0B, 0x00, 0x00, 0x00, 0x01, 0x03, 0x46, 0x07, 0x7F, 0x00, 0x01, 0x03, 0x0D, 0x07, 0x81,
    0x00, 0x01, 0x03, 0x0D, 0x07, 0x4E, 0x00, 0x01, 0x02, 0x6D, 0x07, 0x7F, 0x00, 0x01, 0x03, 0x0D,
    0x07, 0x86, 0x00, 0x01, 0x03, 0x0D, 0x07, 0x73, 0x00, 0x01, 0x06, 0xE2, 0x00, 0x0A, 0x00, 0x01,
    0x05, 0x5C, 0x00, 0x00, 0x00, 0x01, 0x05, 0x7A, 0x05, 0x68, 0x00, 0x01, 0x02, 0x75, 0x05, 0x9A,
    0x00, 0x01, 0x02, 0x75, 0x00, 0x00, 0x00, 0x01, 0x03, 0x09, 0x05, 0x9A, 0x00, 0x01, 0x03, 0x09,
    0x00, 0x00, 0x00, 0x01, 0x02, 0x7F, 0x05, 0x5E, 0x00, 0x01, 0x02, 0x9D, 0x00, 0x00, 0x00, 0x01,
    0x02, 0xBA, 0x07, 0x75, 0x00, 0x01, 0x02, 0x81, 0x07, 0x77, 0x00, 0x01, 0x02, 0x5E, 0xFD, 0x86,
    0x00, 0x01, 0x02, 0x43, 0x05, 0x68, 0x00, 0x01, 0x02, 0x3E, 0x00, 0x00, 0x00, 0x01, 0x02, 0x7E,
    0x07, 0x7F, 0x00, 0x01, 0x02, 0x45, 0x07, 0x81, 0x00, 0x01, 0x02, 0x86, 0xFE, 0x39, 0x00, 0x01,
    0x01, 0xFF, 0xFD, 0x86, 0x00, 0x01, 0x02, 0x5B, 0x00, 0x00, 0x00, 0x01, 0x02, 0x58, 0x05, 0x68,
    0x00, 0x01, 0x02, 0x5A, 0x07, 0x81, 0x00, 0x01, 0x02, 0xA3, 0xFE, 0x39, 0x00, 0x01, 0x02, 0x1C,
    0xFD, 0x86, 0x00, 0x01, 0x03, 0x41, 0x00, 0x0A, 0x00, 0x01, 0x02, 0xE5, 0x05, 0x68, 0x00, 0x01,
    0x05, 0xB5, 0x05, 0x9A, 0x00, 0x01, 0x02, 0xE5, 0x00, 0x00, 0x00, 0x01, 0x03, 0x20, 0x07, 0x7F,
    0x00, 0x01, 0x02, 0xE7, 0x07, 0x81, 0x00, 0x01, 0x02, 0xE7, 0x07, 0x4E, 0x00, 0x01, 0x02, 0x47,
    0x07, 0x7F, 0x00, 0x01, 0x02, 0xE7, 0x07, 0x86, 0x00, 0x01, 0x02, 0xE6, 0x07, 0x7F, 0x00, 0x01,
    0x02, 0xAB, 0x05, 0x68, 0x00, 0x01, 0x02, 0xAB, 0x00, 0x00, 0x00, 0x01, 0x04, 0x19, 0x05, 0x68,
    0x00, 0x01, 0x04, 0x05, 0x00, 0x00, 0x00, 0x01, 0x04, 0x54, 0x07, 0x7F, 0x00, 0x01, 0x04, 0x1B,
    0x07, 0x81, 0x00, 0x01, 0x04, 0x1B, 0x07, 0x4E, 0x00, 0x01, 0x03, 0x7B, 0x07, 0x7F, 0x00, 0x01,
    0x02, 0x9F, 0x05, 0x9A, 0x00, 0x01, 0x02, 0x9F, 0x00, 0x00, 0x00, 0x01, 0x02, 0x6E, 0x05, 0x68,
    0x00, 0x01, 0x02, 0x6E, 0x00, 0x00, 0x00, 0x01, 0x02, 0xA9, 0x07, 0x7F, 0x00, 0x01, 0x02, 0x70,
    0x07, 0x81, 0x00, 0x01, 0x02, 0x70, 0x07, 0x4E, 0x00, 0x01, 0x01, 0xD0, 0x07, 0x7F, 0x00, 0x01,
    0x02, 0x70, 0x07, 0x4C, 0x00, 0x01, 0x03, 0xE0, 0x00, 0x0A, 0x00, 0x01, 0x02, 0x27, 0x00, 0x00,
    0x00, 0x01, 0x02, 0x27, 0x03, 0xCE, 0x00, 0x01, 0x02, 0x62, 0x05, 0xE5, 0x00, 0x01, 0x02, 0x29,
    0x05, 0xD5, 0x00, 0x01, 0x02, 0x29, 0x05, 0xE7, 0x00, 0x01, 0x02, 0x29, 0x05, 0xB4, 0x00, 0x01,
    0x01, 0x89, 0x05, 0xE5, 0x00, 0x01, 0x02, 0x29, 0x05, 0xEC, 0x00, 0x01, 0x02, 0x29, 0x06, 0x56,
    0x00, 0x01, 0x02, 0x29, 0x05, 0xD9, 0x00, 0x01, 0xFF, 0x95, 0x00, 0x0A, 0x00, 0x01, 0x03, 0x5E,
    0x00, 0x00, 0x00, 0x01, 0x03, 0x5E, 0x03, 0xCE, 0x00, 0x01, 0x02, 0x7B, 0x03, 0xCE, 0x00, 0x01,
    0x02, 0x7B, 0x00, 0x00, 0x00, 0x01, 0x02, 0x46, 0x03, 0xCE, 0x00, 0x01, 0x02, 0x1E, 0x00, 0x00,
    0x00, 0x01, 0x02, 0x81, 0x05, 0xE5, 0x00, 0x01, 0x02, 0x48, 0x05, 0xE7, 0x00, 0x01, 0x02, 0x66,
    0xFE, 0x39, 0x00, 0x01, 0x02, 0x48, 0x05, 0xB2, 0x00, 0x01, 0x02, 0x7A, 0x03, 0xCE, 0x00, 0x01,
    0x04, 0xE0, 0x03, 0xCE, 0x00, 0x01, 0x02, 0x7A, 0x00, 0x00, 0x00, 0x01, 0x03, 0xE5, 0x00, 0x0A,
    0x00, 0x01, 0x02, 0x2A, 0x00, 0x00, 0x00, 0x01, 0x02, 0x3E, 0x03, 0xCE, 0x00, 0x01, 0x02, 0x79,
    0x05, 0xE5, 0x00, 0x01, 0x02, 0x40, 0x05, 0xE7, 0x00, 0x01, 0x02, 0x40, 0x05, 0xB4, 0x00, 0x01,
    0x02, 0x40, 0x05, 0xB2, 0x00, 0x01, 0x01, 0xA0, 0x05, 0xE5, 0x00, 0x01, 0x02, 0x40, 0x05, 0xEC,
    0x00, 0x01, 0x01, 0x89, 0x03, 0xCE, 0x00, 0x01, 0x01, 0x89, 0x00, 0x00, 0x00, 0x01, 0x02, 0x7C,
    0x05, 0xD5, 0x00, 0x01, 0x02, 0xAE, 0x06, 0x94, 0x00, 0x01, 0x02, 0x7C, 0x05, 0xB2, 0x00, 0x01,
    0x02, 0x69, 0x00, 0x00, 0x00, 0x01, 0x02, 0x69, 0x03, 0xCE, 0x00, 0x01, 0x02, 0x8A, 0x00, 0x00,
    0x00, 0x01, 0x02, 0x8A, 0x03, 0xCE, 0x00, 0x01, 0x01, 0x68, 0x00, 0x0A, 0x00, 0x01, 0x01, 0x23,
    0x00, 0x00, 0x00, 0x01, 0x01, 0x23, 0x03, 0xCE, 0x00, 0x01, 0x01, 0x5E, 0x05, 0xE5, 0x00, 0x01,
    0x01, 0x25, 0x05, 0xE7, 0x00, 0x01, 0x01, 0x25, 0x05, 0xB4, 0x00, 0x01, 0x01, 0x25, 0x05, 0xB2,
    0x00, 0x01, 0x00, 0x85, 0x05, 0xE5, 0x00, 0x01, 0x03, 0xB0, 0x00, 0x00, 0x00, 0x01, 0x03, 0xB0,
    0x03, 0xCE, 0x00, 0x01, 0x01, 0x25, 0x05, 0xEC, 0x00, 0x01, 0x02, 0x3D, 0x03, 0xCE, 0x00, 0x01,
    0x02, 0x3D, 0x00, 0x00, 0x00, 0x01, 0x01, 0xFE, 0xFD, 0x86, 0x00, 0x01, 0x01, 0x27, 0x05, 0x72,
    0x00, 0x01, 0x02, 0x96, 0x03, 0xFE, 0x00, 0x01, 0x01, 0x62, 0x07, 0x89, 0x00, 0x01, 0x00, 0xE4,
    0xFD, 0x86, 0x00, 0x01, 0x01, 0x40, 0x00, 0x00, 0x00, 0x01, 0x01, 0x44, 0x05, 0x72, 0x00, 0x01,
    0x02, 0xB3, 0x03, 0xFE, 0x00, 0x01, 0x03, 0xAA, 0x03, 0xCE, 0x00, 0x01, 0x03, 0xAA, 0x00, 0x00,
    0x00, 0x01, 0x02, 0x6C, 0x03, 0xCE, 0x00, 0x01, 0x02, 0x6C, 0x00, 0x00, 0x00, 0x01, 0x02, 0xA7,
    0x05, 0xE5, 0x00, 0x01, 0x02, 0x6E, 0x05, 0xE7, 0x00, 0x01, 0x02, 0x2D, 0xFD, 0x86, 0x00, 0x01,
    0x02, 0x6E, 0x05, 0xD9, 0x00, 0x01, 0x02, 0x72, 0x03, 0xCE, 0x00, 0x01, 0x04, 0xD0, 0x03, 0xCE,
    0x00, 0x01, 0x02, 0x72, 0x00, 0x00, 0x00, 0x01, 0x02, 0xAD, 0x05, 0xE5, 0x00, 0x01, 0x02, 0x74,
    0x05, 0xE7, 0x00, 0x01, 0x02, 0x74, 0x05, 0xB4, 0x00, 0x01, 0x01, 0xD4, 0x05, 0xE5, 0x00, 0x01,
    0x02, 0x74, 0x05, 0xEC, 0x00, 0x01, 0x02, 0x74, 0x05, 0xD9, 0x00, 0x01, 0x05, 0x57, 0x00, 0x00,
    0x00, 0x01, 0x07, 0x12, 0x00, 0x0A, 0x00, 0x01, 0x05, 0x6B, 0x03, 0xCE, 0x00, 0x01, 0x04, 0xCB,
    0x03, 0xCE, 0x00, 0x01, 0x01, 0xCA, 0x03, 0xCE, 0x00, 0x01, 0x01, 0x25, 0x00, 0x00, 0x00, 0x01,
    0x02, 0x05, 0x05, 0xE5, 0x00, 0x01, 0x01, 0xCC, 0x05, 0xE7, 0x00, 0x01, 0x00, 0xE6, 0xFD, 0x86,
    0x00, 0x01, 0x01, 0xC3, 0x03, 0xCE, 0x00, 0x01, 0x01, 0x9B, 0x00, 0x00, 0x00, 0x01, 0x01, 0xFE,
    0x05, 0xE5, 0x00, 0x01, 0x01, 0xC5, 0x05, 0xE7, 0x00, 0x01, 0x01, 0xE3, 0xFE, 0x39, 0x00, 0x01,
    0x01, 0x5C, 0xFD, 0x86, 0x00, 0x01, 0x01, 0x71, 0x04, 0xB5, 0x00, 0x01, 0x02, 0xEB, 0x03, 0x74,
    0x00, 0x01, 0x01, 0x8F, 0x00, 0x00, 0x00, 0x01, 0x01, 0xD7, 0xFE, 0x39, 0x00, 0x01, 0x01, 0x50,
    0xFD, 0x86, 0x00, 0x01, 0x04, 0x5B, 0x00, 0x0A, 0x00, 0x01, 0x04, 0xC3, 0x03, 0xCE, 0x00, 0x01,
    0x02, 0x6E, 0x05, 0xB4, 0x00, 0x01, 0x01, 0xCE, 0x05, 0xE5, 0x00, 0x01, 0x02, 0x6E, 0x05, 0xEC,
    0x00, 0x01, 0x02, 0x6E, 0x06, 0x56, 0x00, 0x01, 0x02, 0x2B, 0x03, 0xCE, 0x00, 0x01, 0x02, 0x2B,
    0x00, 0x00, 0x00, 0x01, 0x03, 0x31, 0x03, 0xCE, 0x00, 0x01, 0x03, 0x31, 0x00, 0x00, 0x00, 0x01,
    0x03, 0x6C, 0x05, 0xE5, 0x00, 0x01, 0x03, 0x33, 0x05, 0xE7, 0x00, 0x01, 0x03, 0x33, 0x05, 0xB4,
    0x00, 0x01, 0x02, 0x93, 0x05, 0xE5, 0x00, 0x01, 0x02, 0x36, 0x03, 0xCE, 0x00, 0x01, 0x02, 0x36,
    0x00, 0x00, 0x00, 0x01, 0x01, 0xF5, 0x03, 0xCE, 0x00, 0x01, 0x01, 0xEB, 0x00, 0x00, 0x00, 0x01,
    0x02, 0x30, 0x05, 0xE5, 0x00, 0x01, 0x01, 0xF7, 0x05, 0xE7, 0x00, 0x01, 0x01, 0xF7, 0x05, 0xB2,
    0x00, 0x01, 0x00, 0x00, 0x00, 0x00, 0x00, 0x01, 0x01, 0x40, 0x01, 0x40, 0x00, 0x01, 0x00, 0x0C,
    0x00, 0x16, 0x00, 0x02, 0x00, 0x00, 0x00, 0x10, 0x00, 0x00, 0x00, 0x16, 0x00, 0x02, 0x00, 0x12,
    0x00, 0x18, 0x00, 0x01, 0xFE, 0xFF, 0x00, 0x00, 0x00, 0x01, 0xFF, 0x0A, 0x00, 0x00, 0x00, 0x01,
    0xFF, 0x47, 0xFE, 0x39, 0x00, 0x01, 0xFE, 0xCB, 0xFD, 0x86, 0x00, 0x01, 0x01, 0x14, 0x01, 0x30,
    0x00, 0x01, 0x00, 0x0C, 0x00, 0x3E, 0x00, 0x0C, 0x00, 0x00, 0x00, 0x4A, 0x00, 0x00, 0x00, 0x50,
    0x00, 0x00, 0x00, 0x56, 0x00, 0x00, 0x00, 0x5C, 0x00, 0x00, 0x00, 0x62, 0x00, 0x00, 0x00, 0x68,
    0x00, 0x00, 0x00, 0x6E, 0x00, 0x00, 0x00, 0x74, 0x00, 0x00, 0x00, 0x7A, 0x00, 0x00, 0x00, 0x80,
    0x00, 0x00, 0x00, 0x86, 0x00, 0x00, 0x00, 0x8C, 0x00, 0x0B, 0x00, 0x60, 0x00, 0x66, 0x00, 0x6C,
    0x00, 0x72, 0x00, 0x78, 0x00, 0x7E, 0x00, 0x84, 0x00, 0x8A, 0x00, 0x90, 0x00, 0x96, 0x00, 0x9C,
    0x00, 0x01, 0xFE, 0x84, 0x03, 0xCE, 0x00, 0x01, 0xFE, 0x9E, 0x03, 0xCE, 0x00, 0x01, 0xFE, 0x79,
    0x03, 0xCE, 0x00, 0x01, 0xFE, 0x76, 0x03, 0xCE, 0x00, 0x01, 0xFF, 0x05, 0x03, 0xCE, 0x00, 0x01,
    0xFE, 0x23, 0x03, 0xCE, 0x00, 0x01, 0xFE, 0xFD, 0x03, 0xCE, 0x00, 0x01, 0xFF, 0x35, 0x03, 0xCE,
    0x00, 0x01, 0xFE, 0x16, 0x03, 0xCE, 0x00, 0x01, 0xFE, 0x57, 0x03, 0xCE, 0x00, 0x01, 0xFE, 0xEC,
    0x03, 0xCE, 0x00, 0x01, 0xFE, 0x7A, 0x03, 0xCE, 0x00, 0x01, 0xFE, 0xBF, 0x05, 0xE5, 0x00, 0x01,
    0xFE, 0xA0, 0x05, 0xD5, 0x00, 0x01, 0xFE, 0x7B, 0x05, 0xE7, 0x00, 0x01, 0xFE, 0x78, 0x05, 0xE7,
    0x00, 0x01, 0xFF, 0x39, 0x06, 0x94, 0x00, 0x01, 0xFE, 0x25, 0x05, 0xB4, 0x00, 0x01, 0xFE, 0xFF,
    0x05, 0xB2, 0x00, 0x01, 0xFE, 0x97, 0x05, 0xE5, 0x00, 0x01, 0xFE, 0x59, 0x05, 0xEC, 0x00, 0x01,
    0xFE, 0xEE, 0x06, 0x56, 0x00, 0x01, 0xFE, 0x7C, 0x05, 0xD9, 0x00, 0x02, 0x00, 0x02, 0x01, 0x40,
    0x01, 0x4D, 0x00, 0x00, 0x01, 0x50, 0x01, 0x51, 0x00, 0x0E, 0x00, 0x02, 0x00, 0x04, 0x00, 0x02,
    0x00, 0x3D, 0x00, 0x00, 0x00, 0x3F, 0x00, 0x85, 0x00, 0x3C, 0x00, 0x87, 0x00, 0xC9, 0x00, 0x83,
    0x00, 0xCB, 0x00, 0xE8, 0x00, 0xC6, 0x00, 0x01, 0x00, 0x02, 0x01, 0x43, 0x01, 0x45, 0x00, 0x01,
    0x00, 0x0C, 0x01, 0x40, 0x01, 0x41, 0x01, 0x42, 0x01, 0x44, 0x01, 0x46, 0x01, 0x47, 0x01, 0x48,
    0x01, 0x49, 0x01, 0x4A, 0x01, 0x4B, 0x01, 0x4D, 0x01, 0x50, 0x00, 0x01, 0x00, 0x0B, 0x01, 0x40,
    0x01, 0x41, 0x01, 0x42, 0x01, 0x44, 0x01, 0x46, 0x01, 0x47, 0x01, 0x48, 0x01, 0x49, 0x01, 0x4B,
    0x01, 0x4D, 0x01, 0x50, 0x00, 0x01, 0x00, 0x00, 0x00, 0x0A, 0x00, 0xDA, 0x02, 0xC4, 0x00, 0x02,
    0x44, 0x46, 0x4C, 0x54, 0x00, 0x0E, 0x6C, 0x61, 0x74, 0x6E, 0x00, 0x1E, 0x00, 0x04, 0x00, 0x00,
    0x00, 0x00, 0xFF, 0xFF, 0x00, 0x03, 0x00, 0x00, 0x00, 0x0B, 0x00, 0x1D, 0x00, 0x34, 0x00, 0x08,
    0x41, 0x5A, 0x45, 0x20, 0x00, 0x42, 0x43, 0x41, 0x54, 0x20, 0x00, 0x50, 0x43, 0x52, 0x54, 0x20,
    0x00, 0x5E, 0x4B, 0x41, 0x5A, 0x20, 0x00, 0x6C, 0x4D, 0x4F, 0x4C, 0x20, 0x00, 0x7A, 0x52, 0x4F,
    0x4D, 0x20, 0x00, 0x88, 0x54, 0x41, 0x54, 0x20, 0x00, 0x96, 0x54, 0x52, 0x4B, 0x20, 0x00, 0xA4,
    0x00, 0x00, 0xFF, 0xFF, 0x00, 0x04, 0x00, 0x01, 0x00, 0x0A, 0x00, 0x0C, 0x00, 0x1E, 0x00, 0x00,
    0xFF, 0xFF, 0x00, 0x04, 0x00, 0x02, 0x00, 0x0D, 0x00, 0x15, 0x00, 0x1F, 0x00, 0x00, 0xFF, 0xFF,
    0x00, 0x04, 0x00, 0x03, 0x00, 0x0E, 0x00, 0x16, 0x00, 0x20, 0x00, 0x00, 0xFF, 0xFF, 0x00, 0x04,
    0x00, 0x04, 0x00, 0x0F, 0x00, 0x17, 0x00, 0x21, 0x00, 0x00, 0xFF, 0xFF, 0x00, 0x04, 0x00, 0x05,
    0x00, 0x10, 0x00, 0x18, 0x00, 0x22, 0x00, 0x00, 0xFF, 0xFF, 0x00, 0x04, 0x00, 0x06, 0x00, 0x11,
    0x00, 0x19, 0x00, 0x23, 0x00, 0x00, 0xFF, 0xFF, 0x00, 0x04, 0x00, 0x07, 0x00, 0x12, 0x00, 0x1A,
    0x00, 0x24, 0x00, 0x00, 0xFF, 0xFF, 0x00, 0x04, 0x00, 0x08, 0x00, 0x13, 0x00, 0x1B, 0x00, 0x25,
    0x00, 0x00, 0xFF, 0xFF, 0x00, 0x04, 0x00, 0x09, 0x00, 0x14, 0x00, 0x1C, 0x00, 0x26, 0x00, 0x27,
    0x61, 0x61, 0x6C, 0x74, 0x00, 0xEC, 0x61, 0x61, 0x6C, 0x74, 0x00, 0xF4, 0x61, 0x61, 0x6C, 0x74,
    0x00, 0xFC, 0x61, 0x61, 0x6C, 0x74, 0x01, 0x04, 0x61, 0x61, 0x6C, 0x74, 0x01, 0x0C, 0x61, 0x61,
    0x6C, 0x74, 0x01, 0x14, 0x61, 0x61, 0x6C, 0x74, 0x01, 0x1C, 0x61, 0x61, 0x6C, 0x74, 0x01, 0x24,
    0x61, 0x61, 0x6C, 0x74, 0x01, 0x2C, 0x61, 0x61, 0x6C, 0x74, 0x01, 0x34, 0x63, 0x63, 0x6D, 0x70,
    0x01, 0x3C, 0x66, 0x72, 0x61, 0x63, 0x01, 0x42, 0x66, 0x72, 0x61, 0x63, 0x01, 0x48, 0x66, 0x72,
    0x61, 0x63, 0x01, 0x4E, 0x66, 0x72, 0x61, 0x63, 0x01, 0x54, 0x66, 0x72, 0x61, 0x63, 0x01, 0x5A,
    0x66, 0x72, 0x61, 0x63, 0x01, 0x60, 0x66, 0x72, 0x61, 0x63, 0x01, 0x66, 0x66, 0x72, 0x61, 0x63,
    0x01, 0x6C, 0x66, 0x72, 0x61, 0x63, 0x01, 0x72, 0x66, 0x72, 0x61, 0x63, 0x01, 0x78, 0x6C, 0x6F,
    0x63, 0x6C, 0x01, 0x7E, 0x6C, 0x6F, 0x63, 0x6C, 0x01, 0x84, 0x6C, 0x6F, 0x63, 0x6C, 0x01, 0x8A,
    0x6C, 0x6F, 0x63, 0x6C, 0x01, 0x90, 0x6C, 0x6F, 0x63, 0x6C, 0x01, 0x96, 0x6C, 0x6F, 0x63, 0x6C,
    0x01, 0x9C, 0x6C, 0x6F, 0x63, 0x6C, 0x01, 0xA2, 0x6C, 0x6F, 0x63, 0x6C, 0x01, 0xA8, 0x73, 0x75,
    0x70, 0x73, 0x01, 0xAE, 0x73, 0x75, 0x70, 0x73, 0x01, 0xB4, 0x73, 0x75, 0x70, 0x73, 0x01, 0xBA,
    0x73, 0x75, 0x70, 0x73, 0x01, 0xC0, 0x73, 0x75, 0x70, 0x73, 0x01, 0xC6, 0x73, 0x75, 0x70, 0x73,
    0x01, 0xCC, 0x73, 0x75, 0x70, 0x73, 0x01, 0xD2, 0x73, 0x75, 0x70, 0x73, 0x01, 0xD8, 0x73, 0x75,
    0x70, 0x73, 0x01, 0xDE, 0x73, 0x75, 0x70, 0x73, 0x01, 0xE4, 0x00, 0x00, 0x00, 0x02, 0x00, 0x00,
    0x00, 0x01, 0x00, 0x00, 0x00, 0x02, 0x00, 0x00, 0x00, 0x01, 0x00, 0x00, 0x00, 0x02, 0x00, 0x00,
    0x00, 0x01, 0x00, 0x00, 0x00, 0x02, 0x00, 0x00, 0x00, 0x01, 0x00, 0x00, 0x00, 0x02, 0x00, 0x00,
    0x00, 0x01, 0x00, 0x00, 0x00, 0x02, 0x00, 0x00, 0x00, 0x01, 0x00, 0x00, 0x00, 0x02, 0x00, 0x00,
    0x00, 0x01, 0x00, 0x00, 0x00, 0x02, 0x00, 0x00, 0x00, 0x01, 0x00, 0x00, 0x00, 0x02, 0x00, 0x00,
    0x00, 0x01, 0x00, 0x00, 0x00, 0x02, 0x00, 0x00, 0x00, 0x01, 0x00, 0x00, 0x00, 0x01, 0x00, 0x02,
    0x00, 0x00, 0x00, 0x01, 0x00, 0x0C, 0x00, 0x00, 0x00, 0x01, 0x00, 0x0C, 0x00, 0x00, 0x00, 0x01,
    0x00, 0x0C, 0x00, 0x00, 0x00, 0x01, 0x00, 0x0C, 0x00, 0x00, 0x00, 0x01, 0x00, 0x0C, 0x00, 0x00,
    0x00, 0x01, 0x00, 0x0C, 0x00, 0x00, 0x00, 0x01, 0x00, 0x0C, 0x00, 0x00, 0x00, 0x01, 0x00, 0x0C,
    0x00, 0x00, 0x00, 0x01, 0x00, 0x0C, 0x00, 0x00, 0x00, 0x01, 0x00, 0x0C, 0x00, 0x00, 0x00, 0x01,
    0x00, 0x0A, 0x00, 0x00, 0x00, 0x01, 0x00, 0x03, 0x00, 0x00, 0x00, 0x01, 0x00, 0x09, 0x00, 0x00,
    0x00, 0x01, 0x00, 0x06, 0x00, 0x00, 0x00, 0x01, 0x00, 0x05, 0x00, 0x00, 0x00, 0x01, 0x00, 0x04,
    0x00, 0x00, 0x00, 0x01, 0x00, 0x07, 0x00, 0x00, 0x00, 0x01, 0x00, 0x08, 0x00, 0x00, 0x00, 0x01,
    0x00, 0x0B, 0x00, 0x00, 0x00, 0x01, 0x00, 0x0B, 0x00, 0x00, 0x00, 0x01, 0x00, 0x0B, 0x00, 0x00,
    0x00, 0x01, 0x00, 0x0B, 0x00, 0x00, 0x00, 0x01, 0x00, 0x0B, 0x00, 0x00, 0x00, 0x01, 0x00, 0x0B,
    0x00, 0x00, 0x00, 0x01, 0x00, 0x0B, 0x00, 0x00, 0x00, 0x01, 0x00, 0x0B, 0x00, 0x00, 0x00, 0x01,
    0x00, 0x0B, 0x00, 0x00, 0x00, 0x01, 0x00, 0x0B, 0x00, 0x0F, 0x00, 0x20, 0x00, 0x28, 0x00, 0x30,
    0x00, 0x3A, 0x00, 0x44, 0x00, 0x4C, 0x00, 0x54, 0x00, 0x5C, 0x00, 0x64, 0x00, 0x6C, 0x00, 0x74,
    0x00, 0x7C, 0x00, 0x84, 0x00, 0x8C, 0x00, 0x94, 0x00, 0x01, 0x00, 0x00, 0x00, 0x01, 0x01, 0x26,
    0x00, 0x03, 0x00, 0x00, 0x00, 0x01, 0x01, 0x34, 0x00, 0x06, 0x00, 0x00, 0x00, 0x02, 0x00, 0x6C,
    0x00, 0x7E, 0x00, 0x06, 0x00, 0x00, 0x00, 0x02, 0x00, 0x88, 0x00, 0x9C, 0x00, 0x01, 0x00, 0x00,
    0x00, 0x01, 0x00, 0xA6, 0x00, 0x01, 0x00, 0x00, 0x00, 0x01, 0x00, 0xA4, 0x00, 0x01, 0x00, 0x00,
    0x00, 0x01, 0x00, 0xA2, 0x00, 0x01, 0x00, 0x00, 0x00, 0x01, 0x00, 0xA0, 0x00, 0x01, 0x00, 0x00,
    0x00, 0x01, 0x00, 0x9E, 0x00, 0x01, 0x00, 0x00, 0x00, 0x01, 0x00, 0x9C, 0x00, 0x01, 0x00, 0x00,
    0x00, 0x01, 0x00, 0x9A, 0x00, 0x01, 0x00, 0x00, 0x00, 0x01, 0x00, 0x98, 0x00, 0x04, 0x00, 0x00,
    0x00, 0x01, 0x00, 0x96, 0x00, 0x01, 0x00, 0x00, 0x00, 0x01, 0x00, 0xDE, 0x00, 0x04, 0x00, 0x00,
    0x00, 0x01, 0x00, 0xDC, 0x00, 0x03, 0x00, 0x00, 0x00, 0x01, 0x00, 0xF2, 0x00, 0x01, 0x00, 0xFA,
    0x00, 0x01, 0x00, 0x00, 0x00, 0x0D, 0x00, 0x03, 0x00, 0x00, 0x00, 0x01, 0x00, 0xE0, 0x00, 0x02,
    0x01, 0x04, 0x00, 0xE8, 0x00, 0x01, 0x00, 0x00, 0x00, 0x0D, 0x00, 0x03, 0x00, 0x00, 0x00, 0x02,
    0x00, 0xFC, 0x01, 0x02, 0x00, 0x01, 0x00, 0xFC, 0x00, 0x01, 0x00, 0x00, 0x00, 0x0E, 0x00, 0x03,
    0x00, 0x00, 0x00, 0x02, 0x00, 0xF4, 0x00, 0xEE, 0x00, 0x01, 0x00, 0xF4, 0x00, 0x01, 0x00, 0x00,
    0x00, 0x0E, 0x00, 0x01, 0x00, 0xE6, 0x00, 0x01, 0x00, 0x01, 0x00, 0xE0, 0x00, 0x01, 0x00, 0x01,
    0x00, 0xE6, 0x00, 0x05, 0x00, 0x01, 0x00, 0xE0, 0x00, 0x05, 0x00, 0x01, 0x00, 0xDA, 0x00, 0x05,
    0x00, 0x01, 0x00, 0xD4, 0x00, 0x05, 0x00, 0x01, 0x00, 0xCE, 0x00, 0x05, 0x00, 0x01, 0x00, 0xCE,
    0x00, 0x0C, 0x00, 0x01, 0x00, 0xD2, 0x00, 0x02, 0x00, 0x0A, 0x00, 0x20, 0x00, 0x02, 0x00, 0x06,
    0x00, 0x0E, 0x00, 0xF3, 0x00, 0x03, 0x01, 0x09, 0x00, 0xEB, 0x00, 0xF4, 0x00, 0x03, 0x01, 0x09,
    0x00, 0xED, 0x00, 0x01, 0x00, 0x04, 0x00, 0xF5, 0x00, 0x03, 0x01, 0x09, 0x00, 0xED, 0x00, 0x02,
    0x00, 0xAE, 0x00, 0x08, 0x00, 0x55, 0x00, 0x5A, 0x00, 0xA4, 0x00, 0xC9, 0x00, 0xCF, 0x00, 0xF6,
    0x00, 0xF7, 0x00, 0xF8, 0x00, 0x01, 0x00, 0x80, 0x00, 0x01, 0x00, 0x08, 0x00, 0x02, 0x00, 0x9A,
    0x00, 0x9E, 0x00, 0x01, 0x00, 0x24, 0x00, 0x01, 0x00, 0x01, 0x00, 0x98, 0x00, 0x02, 0x00, 0x0A,
    0x00, 0x14, 0x00, 0x01, 0x00, 0x04, 0x00, 0x37, 0x00, 0x02, 0x00, 0xFB, 0x00, 0x01, 0x00, 0x04,
    0x00, 0xAB, 0x00, 0x02, 0x00, 0xFB, 0x00, 0x01, 0x00, 0x02, 0x00, 0x99, 0x00, 0xA3, 0x00, 0x01,
    0x00, 0x0C, 0x01, 0x40, 0x01, 0x41, 0x01, 0x42, 0x01, 0x44, 0x01, 0x46, 0x01, 0x47, 0x01, 0x48,
    0x01, 0x49, 0x01, 0x4A, 0x01, 0x4B, 0x01, 0x4D, 0x01, 0x50, 0x00, 0x01, 0x00, 0x04, 0x01, 0x43,
    0x01, 0x4C, 0x01, 0x4E, 0x01, 0x4F, 0x00, 0x01, 0x00, 0x01, 0x00, 0xA7, 0x00, 0x01, 0x00, 0x01,
    0x00, 0xFB, 0x00, 0x01, 0x00, 0x01, 0x00, 0x33, 0x00, 0x01, 0x00, 0x04, 0x00, 0x54, 0x00, 0x59,
    0x00, 0xC8, 0x00, 0xCE, 0x00, 0x01, 0x00, 0x01, 0x00, 0x99, 0x00, 0x02, 0x00, 0x01, 0x00, 0xEA,
    0x00, 0xEC, 0x00, 0x00, 0x00, 0x01, 0x00, 0x02, 0x00, 0xEA, 0x00, 0xEC, 0x00, 0x01, 0x00, 0x08,
    0x00, 0x54, 0x00, 0x59, 0x00, 0xA3, 0x00, 0xC8, 0x00, 0xCE, 0x00, 0xEA, 0x00, 0xEB, 0x00, 0xEC,
    0x00, 0x01, 0x00, 0x02, 0x00, 0x33, 0x00, 0xA7, 0x00, 0x00, 0x00, 0x01, 0x00, 0x01, 0x00, 0x01,
    0x00, 0x00, 0x00, 0x01, 0x00, 0x00, 0x1A, 0xC7, 0x00, 0x00, 0x00, 0x14, 0x00, 0x00, 0x00, 0x00,
    0x00, 0x00, 0x1A, 0xBF, 0x30, 0x82, 0x1A, 0xBB, 0x06, 0x09, 0x2A, 0x86, 0x48, 0x86, 0xF7, 0x0D,
    0x01, 0x07, 0x02, 0xA0, 0x82, 0x1A, 0xAC, 0x30, 0x82, 0x1A, 0xA8, 0x02, 0x01, 0x01, 0x31, 0x0B,
    0x30, 0x09, 0x06, 0x05, 0x2B, 0x0E, 0x03, 0x02, 0x1A, 0x05, 0x00, 0x30, 0x61, 0x06, 0x0A, 0x2B,
    0x06, 0x01, 0x04, 0x01, 0x82, 0x37, 0x02, 0x01, 0x04, 0xA0, 0x53, 0x30, 0x51, 0x30, 0x2C, 0x06,
    0x0A, 0x2B, 0x06, 0x01, 0x04, 0x01, 0x82, 0x37, 0x02, 0x01, 0x1C, 0xA2, 0x1E, 0x80, 0x1C, 0x00,
    0x3C, 0x00, 0x3C, 0x00, 0x3C, 0x00, 0x4F, 0x00, 0x62, 0x00, 0x73, 0x00, 0x6F, 0x00, 0x6C, 0x00,
    0x65, 0x00, 0x74, 0x00, 0x65, 0x00, 0x3E, 0x00, 0x3E, 0x00, 0x3E, 0x30, 0x21, 0x30, 0x09, 0x06,
    0x05, 0x2B, 0x0E, 0x03, 0x02, 0x1A, 0x05, 0x00, 0x04, 0x14, 0xFE, 0x9E, 0x30, 0xBF, 0x93, 0xCA,
    0xDA, 0xD2, 0x86, 0x88, 0xEA, 0x60, 0xC7, 0x40, 0x25, 0x4C, 0x66, 0x15, 0x32, 0x6A, 0xA0, 0x82,
    0x15, 0x82, 0x30, 0x82, 0x04, 0xC3, 0x30, 0x82, 0x03, 0xAB, 0xA0, 0x03, 0x02, 0x01, 0x02, 0x02,
    0x13, 0x33, 0x00, 0x00, 0x00, 0x71, 0xB3, 0x2E, 0x8A, 0x6B, 0x82, 0xAA, 0x1F, 0x4E, 0x00, 0x00,
    0x00, 0x00, 0x00, 0x71, 0x30, 0x0D, 0x06, 0x09, 0x2A, 0x86, 0x48, 0x86, 0xF7, 0x0D, 0x01, 0x01,
    0x05, 0x05, 0x00, 0x30, 0x77, 0x31, 0x0B, 0x30, 0x09, 0x06, 0x03, 0x55, 0x04, 0x06, 0x13, 0x02,
    0x55, 0x53, 0x31, 0x13, 0x30, 0x11, 0x06, 0x03, 0x55, 0x04, 0x08, 0x13, 0x0A, 0x57, 0x61, 0x73,
    0x68, 0x69, 0x6E, 0x67, 0x74, 0x6F, 0x6E, 0x31, 0x10, 0x30, 0x0E, 0x06, 0x03, 0x55, 0x04, 0x07,
    0x13, 0x07, 0x52, 0x65, 0x64, 0x6D, 0x6F, 0x6E, 0x64, 0x31, 0x1E, 0x30, 0x1C, 0x06, 0x03, 0x55,
    0x04, 0x0A, 0x13, 0x15, 0x4D, 0x69, 0x63, 0x72, 0x6F, 0x73, 0x6F, 0x66, 0x74, 0x20, 0x43, 0x6F,
    0x72, 0x70, 0x6F, 0x72, 0x61, 0x74, 0x69, 0x6F, 0x6E, 0x31, 0x21, 0x30, 0x1F, 0x06, 0x03, 0x55,
    0x04, 0x03, 0x13, 0x18, 0x4D, 0x69, 0x63, 0x72, 0x6F, 0x73, 0x6F, 0x66, 0x74, 0x20, 0x54, 0x69,
    0x6D, 0x65, 0x2D, 0x53, 0x74, 0x61, 0x6D, 0x70, 0x20, 0x50, 0x43, 0x41, 0x30, 0x1E, 0x17, 0x0D,
    0x31, 0x35, 0x30, 0x33, 0x32, 0x30, 0x31, 0x37, 0x33, 0x32, 0x30, 0x33, 0x5A, 0x17, 0x0D, 0x31,
    0x36, 0x30, 0x36, 0x32, 0x30, 0x31, 0x37, 0x33, 0x32, 0x30, 0x33, 0x5A, 0x30, 0x81, 0xB3, 0x31,
    0x0B, 0x30, 0x09, 0x06, 0x03, 0x55, 0x04, 0x06, 0x13, 0x02, 0x55, 0x53, 0x31, 0x13, 0x30, 0x11,
    0x06, 0x03, 0x55, 0x04, 0x08, 0x13, 0x0A, 0x57, 0x61, 0x73, 0x68, 0x69, 0x6E, 0x67, 0x74, 0x6F,
    0x6E, 0x31, 0x10, 0x30, 0x0E, 0x06, 0x03, 0x55, 0x04, 0x07, 0x13, 0x07, 0x52, 0x65, 0x64, 0x6D,
    0x6F, 0x6E, 0x64, 0x31, 0x1E, 0x30, 0x1C, 0x06, 0x03, 0x55, 0x04, 0x0A, 0x13, 0x15, 0x4D, 0x69,
    0x63, 0x72, 0x6F, 0x73, 0x6F, 0x66, 0x74, 0x20, 0x43, 0x6F, 0x72, 0x70, 0x6F, 0x72, 0x61, 0x74,
    0x69, 0x6F, 0x6E, 0x31, 0x0D, 0x30, 0x0B, 0x06, 0x03, 0x55, 0x04, 0x0B, 0x13, 0x04, 0x4D, 0x4F,
    0x50, 0x52, 0x31, 0x27, 0x30, 0x25, 0x06, 0x03, 0x55, 0x04, 0x0B, 0x13, 0x1E, 0x6E, 0x43, 0x69,
    0x70, 0x68, 0x65, 0x72, 0x20, 0x44, 0x53, 0x45, 0x20, 0x45, 0x53, 0x4E, 0x3A, 0x42, 0x38, 0x45,
    0x43, 0x2D, 0x33, 0x30, 0x41, 0x34, 0x2D, 0x37, 0x31, 0x34, 0x34, 0x31, 0x25, 0x30, 0x23, 0x06,
    0x03, 0x55, 0x04, 0x03, 0x13, 0x1C, 0x4D, 0x69, 0x63, 0x72, 0x6F, 0x73, 0x6F, 0x66, 0x74, 0x20,
    0x54, 0x69, 0x6D, 0x65, 0x2D, 0x53, 0x74, 0x61, 0x6D, 0x70, 0x20, 0x53, 0x65, 0x72, 0x76, 0x69,
    0x63, 0x65, 0x30, 0x82, 0x01, 0x22, 0x30, 0x0D, 0x06, 0x09, 0x2A, 0x86, 0x48, 0x86, 0xF7, 0x0D,
    0x01, 0x01, 0x01, 0x05, 0x00, 0x03, 0x82, 0x01, 0x0F, 0x00, 0x30, 0x82, 0x01, 0x0A, 0x02, 0x82,
    0x01, 0x01, 0x00, 0xEA, 0x91, 0xBD, 0xB2, 0x88, 0xFD, 0x14, 0x6F, 0x21, 0x36, 0x28, 0x03, 0x66,
    0x33, 0x3A, 0x66, 0x08, 0xFB, 0x5B, 0x4B, 0xA4, 0xAB, 0xA0, 0x28, 0x34, 0x4A, 0x43, 0x32, 0x08,
    0xC0, 0x86, 0xE5, 0xC9, 0x3D, 0xD5, 0x25, 0xBC, 0x7B, 0x3E, 0x62, 0x87, 0xD6, 0x7D, 0xEF, 0x0F,
    0x74, 0x53, 0xA3, 0xF1, 0x91, 0x63, 0x88, 0x74, 0x7F, 0xE8, 0x24, 0xCD, 0x03, 0x50, 0xC5, 0xF1,
    0xCA, 0x00, 0x16, 0x7B, 0xA5, 0x39, 0xB0, 0x06, 0x1C, 0x3C, 0x44, 0x7E, 0xF9, 0xEB, 0xC4, 0xB2,
    0x81, 0xBC, 0x17, 0x23, 0xBA, 0xFD, 0x65, 0x38, 0x19, 0x85, 0x7F, 0xCA, 0xA0, 0x29, 0xFD, 0xF6,
    0x3A, 0xC0, 0x0B, 0x2F, 0x68, 0xF4, 0xE0, 0x34, 0x4E, 0x7D, 0x6F, 0x17, 0xC0, 0x6E, 0x99, 0xAA,
    0xFA, 0x7F, 0x61, 0x25, 0xD1, 0x26, 0x70, 0xD2, 0x74, 0x7D, 0xDF, 0x61, 0x73, 0x5C, 0xCE, 0x54,
    0x2A, 0x39, 0x51, 0x03, 0x33, 0x09, 0xF8, 0x50, 0xAD, 0x78, 0xC7, 0x89, 0x08, 0xB6, 0xD4, 0x85,
    0x2A, 0x3F, 0xD7, 0xD8, 0x1F, 0x51, 0xEA, 0xEF, 0xFC, 0x68, 0x5E, 0xB5, 0xC1, 0xE7, 0x07, 0x68,
    0x32, 0x8D, 0x2F, 0x72, 0x51, 0xFE, 0x03, 0x31, 0x47, 0x51, 0xC5, 0xD2, 0xEB, 0x72, 0x07, 0xAF,
    0x20, 0x95, 0xF8, 0xDA, 0x6A, 0xF8, 0x77, 0x67, 0xE4, 0x60, 0x9A, 0x70, 0x4C, 0xAB, 0x45, 0xCB,
    0x7E, 0x08, 0xAF, 0xE5, 0x81, 0xD4, 0x57, 0xCF, 0x3A, 0xCC, 0x13, 0x75, 0x9D, 0x26, 0xCD, 0xA0,
    0xA2, 0x69, 0x50, 0xBC, 0x3A, 0x88, 0x94, 0xDF, 0xB0, 0x54, 0x38, 0xDE, 0x89, 0x39, 0xCD, 0x86,
    0x32, 0xA5, 0x90, 0x0F, 0x7E, 0xBF, 0xED, 0xCC, 0x94, 0x25, 0xA6, 0x41, 0x86, 0x61, 0x26, 0xC7,
    0xDD, 0x37, 0x7E, 0x5C, 0x0D, 0xE8, 0x17, 0xCA, 0x37, 0x7F, 0xE8, 0x24, 0xB6, 0x4E, 0xB4, 0xF8,
    0x1B, 0x23, 0xEB, 0x02, 0x03, 0x01, 0x00, 0x01, 0xA3, 0x82, 0x01, 0x09, 0x30, 0x82, 0x01, 0x05,
    0x30, 0x1D, 0x06, 0x03, 0x55, 0x1D, 0x0E, 0x04, 0x16, 0x04, 0x14, 0xF8, 0xFD, 0x23, 0x87, 0x05,
    0x94, 0x80, 0x56, 0xCD, 0x33, 0xA5, 0x41, 0xC2, 0x6C, 0xCC, 0x08, 0x36, 0xC8, 0xB2, 0xA2, 0x30,
    0x1F, 0x06, 0x03, 0x55, 0x1D, 0x23, 0x04, 0x18, 0x30, 0x16, 0x80, 0x14, 0x23, 0x34, 0xF8, 0xD9,
    0x52, 0x46, 0x70, 0x0A, 0xED, 0x40, 0xFB, 0x76, 0xFB, 0xB3, 0x2B, 0xB0, 0xC3, 0x35, 0xB3, 0x0F,
    0x30, 0x54, 0x06, 0x03, 0x55, 0x1D, 0x1F, 0x04, 0x4D, 0x30, 0x4B, 0x30, 0x49, 0xA0, 0x47, 0xA0,
    0x45, 0x86, 0x43, 0x68, 0x74, 0x74, 0x70, 0x3A, 0x2F, 0x2F, 0x63, 0x72, 0x6C, 0x2E, 0x6D, 0x69,
    0x63, 0x72, 0x6F, 0x73, 0x6F, 0x66, 0x74, 0x2E, 0x63, 0x6F, 0x6D, 0x2F, 0x70, 0x6B, 0x69, 0x2F,
    0x63, 0x72, 0x6C, 0x2F, 0x70, 0x72, 0x6F, 0x64, 0x75, 0x63, 0x74, 0x73, 0x2F, 0x4D, 0x69, 0x63,
    0x72, 0x6F, 0x73, 0x6F, 0x66, 0x74, 0x54, 0x69, 0x6D, 0x65, 0x53, 0x74, 0x61, 0x6D, 0x70, 0x50,
    0x43, 0x41, 0x2E, 0x63, 0x72, 0x6C, 0x30, 0x58, 0x06, 0x08, 0x2B, 0x06, 0x01, 0x05, 0x05, 0x07,
    0x01, 0x01, 0x04, 0x4C, 0x30, 0x4A, 0x30, 0x48, 0x06, 0x08, 0x2B, 0x06, 0x01, 0x05, 0x05, 0x07,
    0x30, 0x02, 0x86, 0x3C, 0x68, 0x74, 0x74, 0x70, 0x3A, 0x2F, 0x2F, 0x77, 0x77, 0x77, 0x2E, 0x6D,
    0x69, 0x63, 0x72, 0x6F, 0x73, 0x6F, 0x66, 0x74, 0x2E, 0x63, 0x6F, 0x6D, 0x2F, 0x70, 0x6B, 0x69,
    0x2F, 0x63, 0x65, 0x72, 0x74, 0x73, 0x2F, 0x4D, 0x69, 0x63, 0x72, 0x6F, 0x73, 0x6F, 0x66, 0x74,
    0x54, 0x69, 0x6D, 0x65, 0x53, 0x74, 0x61, 0x6D, 0x70, 0x50, 0x43, 0x41, 0x2E, 0x63, 0x72, 0x74,
    0x30, 0x13, 0x06, 0x03, 0x55, 0x1D, 0x25, 0x04, 0x0C, 0x30, 0x0A, 0x06, 0x08, 0x2B, 0x06, 0x01,
    0x05, 0x05, 0x07, 0x03, 0x08, 0x30, 0x0D, 0x06, 0x09, 0x2A, 0x86, 0x48, 0x86, 0xF7, 0x0D, 0x01,
    0x01, 0x05, 0x05, 0x00, 0x03, 0x82, 0x01, 0x01, 0x00, 0x2D, 0x04, 0xB4, 0xCA, 0x29, 0x0B, 0x59,
    0xFC, 0x2E, 0xEA, 0xA0, 0xAF, 0x4C, 0x4E, 0x68, 0x04, 0xF8, 0x92, 0xED, 0x29, 0xC2, 0x66, 0xCC,
    0x6B, 0x70, 0xC9, 0x87, 0xE8, 0xBE, 0x87, 0xFC, 0x5D, 0xF4, 0xDD, 0x4F, 0xA5, 0x1A, 0x6F, 0x78,
    0x97, 0xAD, 0x6B, 0x05, 0x38, 0x51, 0x41, 0x72, 0x9D, 0x39, 0xE4, 0x1A, 0x1B, 0xC3, 0x6D, 0x71,
    0xFC, 0x70, 0xB6, 0xD3, 0xCC, 0xB6, 0x90, 0x58, 0x04, 0x28, 0x3F, 0xD6, 0x1E, 0xEF, 0x83, 0xB3,
    0x14, 0x18, 0x0C, 0x95, 0x0B, 0xF7, 0xA5, 0x11, 0x13, 0x98, 0xC6, 0x85, 0x56, 0x5E, 0xEE, 0x33,
    0xB4, 0x0C, 0x37, 0xB5, 0x80, 0xEA, 0xF5, 0x12, 0x68, 0xD9, 0x2E, 0x7B, 0x86, 0x08, 0x72, 0x3B,
    0x14, 0x7B, 0xD4, 0xD9, 0xD0, 0x16, 0x4F, 0xC0, 0x2F, 0x0B, 0x1F, 0x2D, 0xCA, 0xE5, 0x1B, 0xD0,
    0xAE, 0xE9, 0x84, 0xB0, 0x8F, 0x0B, 0x5D, 0x73, 0xB8, 0x16, 0x81, 0x40, 0x23, 0x58, 0x2C, 0xEA,
    0x61, 0xAA, 0xFE, 0xBD, 0x7F, 0xD3, 0x8D, 0x5A, 0x70, 0xFC, 0x79, 0xCD, 0x66, 0x96, 0x65, 0x63,
    0xB5, 0x05, 0x12, 0x76, 0xE2, 0x2A, 0x3B, 0x2B, 0xED, 0x82, 0xAC, 0x9A, 0xEC, 0x27, 0x41, 0xA7,
    0x97, 0x0E, 0x23, 0x16, 0x9F, 0x41, 0xC8, 0x4E, 0x6D, 0x53, 0x11, 0x40, 0x04, 0xCC, 0x60, 0x99,
    0xDA, 0x98, 0xEC, 0x2B, 0xAE, 0x97, 0xFB, 0xE0, 0x7D, 0xF5, 0xBA, 0x8B, 0x00, 0xF4, 0x25, 0x17,
    0x7F, 0x62, 0x7A, 0xBB, 0x51, 0x57, 0xC1, 0xF0, 0xF0, 0xCD, 0x9C, 0x1B, 0x61, 0x73, 0xAD, 0x95,
    0x8C, 0x2B, 0x76, 0x22, 0xA8, 0xAB, 0x70, 0x38, 0xB4, 0x01, 0x28, 0x7D, 0x66, 0x42, 0x53, 0xDE,
    0x9F, 0xF4, 0x07, 0x7C, 0x5A, 0x30, 0x0E, 0x82, 0x03, 0x59, 0xF6, 0x84, 0x86, 0xB9, 0x15, 0x25,
    0x62, 0xB0, 0x0B, 0xD2, 0xCF, 0xF1, 0xDB, 0x96, 0x45, 0x30, 0x82, 0x04, 0xEC, 0x30, 0x82, 0x03,
    0xD4, 0xA0, 0x03, 0x02, 0x01, 0x02, 0x02, 0x13, 0x33, 0x00, 0x00, 0x00, 0xCA, 0x6C, 0xD5, 0x32,
    0x12, 0x35, 0xC4, 0xE1, 0x55, 0x00, 0x01, 0x00, 0x00, 0x00, 0xCA, 0x30, 0x0D, 0x06, 0x09, 0x2A,
    0x86, 0x48, 0x86, 0xF7, 0x0D, 0x01, 0x01, 0x05, 0x05, 0x00, 0x30, 0x79, 0x31, 0x0B, 0x30, 0x09,
    0x06, 0x03, 0x55, 0x04, 0x06, 0x13, 0x02, 0x55, 0x53, 0x31, 0x13, 0x30, 0x11, 0x06, 0x03, 0x55,
    0x04, 0x08, 0x13, 0x0A, 0x57, 0x61, 0x73, 0x68, 0x69, 0x6E, 0x67, 0x74, 0x6F, 0x6E, 0x31, 0x10,
    0x30, 0x0E, 0x06, 0x03, 0x55, 0x04, 0x07, 0x13, 0x07, 0x52, 0x65, 0x64, 0x6D, 0x6F, 0x6E, 0x64,
    0x31, 0x1E, 0x30, 0x1C, 0x06, 0x03, 0x55, 0x04, 0x0A, 0x13, 0x15, 0x4D, 0x69, 0x63, 0x72, 0x6F,
    0x73, 0x6F, 0x66, 0x74, 0x20, 0x43, 0x6F, 0x72, 0x70, 0x6F, 0x72, 0x61, 0x74, 0x69, 0x6F, 0x6E,
    0x31, 0x23, 0x30, 0x21, 0x06, 0x03, 0x55, 0x04, 0x03, 0x13, 0x1A, 0x4D, 0x69, 0x63, 0x72, 0x6F,
    0x73, 0x6F, 0x66, 0x74, 0x20, 0x43, 0x6F, 0x64, 0x65, 0x20, 0x53, 0x69, 0x67, 0x6E, 0x69, 0x6E,
    0x67, 0x20, 0x50, 0x43, 0x41, 0x30, 0x1E, 0x17, 0x0D, 0x31, 0x34, 0x30, 0x34, 0x32, 0x32, 0x31,
    0x37, 0x33, 0x39, 0x30, 0x30, 0x5A, 0x17, 0x0D, 0x31, 0x35, 0x30, 0x37, 0x32, 0x32, 0x31, 0x37,
    0x33, 0x39, 0x30, 0x30, 0x5A, 0x30, 0x81, 0x83, 0x31, 0x0B, 0x30, 0x09, 0x06, 0x03, 0x55, 0x04,
    0x06, 0x13, 0x02, 0x55, 0x53, 0x31, 0x13, 0x30, 0x11, 0x06, 0x03, 0x55, 0x04, 0x08, 0x13, 0x0A,
    0x57, 0x61, 0x73, 0x68, 0x69, 0x6E, 0x67, 0x74, 0x6F, 0x6E, 0x31, 0x10, 0x30, 0x0E, 0x06, 0x03,
    0x55, 0x04, 0x07, 0x13, 0x07, 0x52, 0x65, 0x64, 0x6D, 0x6F, 0x6E, 0x64, 0x31, 0x1E, 0x30, 0x1C,
    0x06, 0x03, 0x55, 0x04, 0x0A, 0x13, 0x15, 0x4D, 0x69, 0x63, 0x72, 0x6F, 0x73, 0x6F, 0x66, 0x74,
    0x20, 0x43, 0x6F, 0x72, 0x70, 0x6F, 0x72, 0x61, 0x74, 0x69, 0x6F, 0x6E, 0x31, 0x0D, 0x30, 0x0B,
    0x06, 0x03, 0x55, 0x04, 0x0B, 0x13, 0x04, 0x4D, 0x4F, 0x50, 0x52, 0x31, 0x1E, 0x30, 0x1C, 0x06,
    0x03, 0x55, 0x04, 0x03, 0x13, 0x15, 0x4D, 0x69, 0x63, 0x72, 0x6F, 0x73, 0x6F, 0x66, 0x74, 0x20,
    0x43, 0x6F, 0x72, 0x70, 0x6F, 0x72, 0x61, 0x74, 0x69, 0x6F, 0x6E, 0x30, 0x82, 0x01, 0x22, 0x30,
    0x0D, 0x06, 0x09, 0x2A, 0x86, 0x48, 0x86, 0xF7, 0x0D, 0x01, 0x01, 0x01, 0x05, 0x00, 0x03, 0x82,
    0x01, 0x0F, 0x00, 0x30, 0x82, 0x01, 0x0A, 0x02, 0x82, 0x01, 0x01, 0x00, 0x96, 0x71, 0x5D, 0xED,
    0x06, 0x46, 0xFA, 0x84, 0xCB, 0x9D, 0x5B, 0xB7, 0x46, 0xC7, 0xB0, 0xE1, 0xB4, 0x11, 0x39, 0x03,
    0xAD, 0xB1, 0x15, 0x73, 0x60, 0x9C, 0xEB, 0xA7, 0xB6, 0x6E, 0x1A, 0x3C, 0x3F, 0xFF, 0x65, 0xE3,
    0x34, 0xF1, 0xA6, 0xA5, 0x21, 0x5E, 0x56, 0x99, 0x6C, 0x58, 0xE4, 0x92, 0xA1, 0x0A, 0x5C, 0xC2,
    0xD3, 0xDC, 0x52, 0x2F, 0x0C, 0x65, 0x9A, 0x20, 0x61, 0x40, 0x53, 0x31, 0x9C, 0x6C, 0x8F, 0x21,
    0x7D, 0xBA, 0xF9, 0xFE, 0x13, 0x50, 0x52, 0x60, 0x95, 0x3A, 0x5B, 0xB9, 0x58, 0xA5, 0x74, 0x61,
    0x41, 0xA9, 0x94, 0xE0, 0xAD, 0x26, 0x4E, 0x4C, 0xA1, 0x97, 0x70, 0x49, 0x27, 0x5E, 0x7C, 0x67,
    0xCA, 0x4F, 0x1E, 0x71, 0x84, 0x46, 0xBC, 0x1D, 0x4B, 0xB6, 0xE2, 0x0F, 0xC5, 0xC6, 0x27, 0xC9,
    0x07, 0xE6, 0x7A, 0x0A, 0xA5, 0x17, 0x00, 0x19, 0x4C, 0x70, 0x45, 0x38, 0x2D, 0x81, 0xB4, 0x50,
    0xAA, 0xC5, 0x67, 0xD1, 0xFA, 0x79, 0xBC, 0xC5, 0xCC, 0xA1, 0x72, 0x9B, 0xF4, 0x25, 0x34, 0x98,
    0xF8, 0x54, 0xDF, 0x12, 0x39, 0x38, 0x12, 0x2F, 0xA4, 0x6B, 0xA5, 0x9A, 0x7E, 0xC7, 0x62, 0xD1,
    0xDC, 0xCF, 0xED, 0x3D, 0x34, 0xF8, 0xB9, 0xDF, 0x35, 0x30, 0xBA, 0xEC, 0x79, 0x32, 0xA9, 0xE1,
    0xA9, 0xAC, 0x55, 0x4D, 0x4C, 0x7F, 0x4C, 0x56, 0xC3, 0x13, 0x0B, 0x76, 0xF1, 0x07, 0xF9, 0xCC,
    0x47, 0xAC, 0xFB, 0x88, 0xD5, 0x52, 0xA5, 0x1E, 0x28, 0xFA, 0x3D, 0x2D, 0xCF, 0xCF, 0x84, 0x98,
    0x86, 0x71, 0x65, 0x11, 0xCF, 0x85, 0xC9, 0x09, 0x44, 0x86, 0xE1, 0x6F, 0xE7, 0xB1, 0xFC, 0xAC,
    0x40, 0x44, 0xA5, 0xA9, 0x8B, 0x23, 0x3F, 0x82, 0x49, 0x9D, 0xD5, 0x96, 0x59, 0x50, 0x13, 0x59,
    0x18, 0x73, 0xFF, 0x43, 0x0C, 0xAD, 0x2B, 0xD4, 0x7F, 0x30, 0x40, 0x67, 0x02, 0x03, 0x01, 0x00,
    0x01, 0xA3, 0x82, 0x01, 0x60, 0x30, 0x82, 0x01, 0x5C, 0x30, 0x13, 0x06, 0x03, 0x55, 0x1D, 0x25,
    0x04, 0x0C, 0x30, 0x0A, 0x06, 0x08, 0x2B, 0x06, 0x01, 0x05, 0x05, 0x07, 0x03, 0x03, 0x30, 0x1D,
    0x06, 0x03, 0x55, 0x1D, 0x0E, 0x04, 0x16, 0x04, 0x14, 0x1F, 0x5E, 0xE2, 0x5D, 0x50, 0x8D, 0x56,
    0x86, 0xBE, 0x4A, 0x3C, 0xCF, 0x04, 0xE8, 0xA7, 0x87, 0xB5, 0xCB, 0xBF, 0x83, 0x30, 0x51, 0x06,
    0x03, 0x55, 0x1D, 0x11, 0x04, 0x4A, 0x30, 0x48, 0xA4, 0x46, 0x30, 0x44, 0x31, 0x0D, 0x30, 0x0B,
    0x06, 0x03, 0x55, 0x04, 0x0B, 0x13, 0x04, 0x4D, 0x4F, 0x50, 0x52, 0x31, 0x33, 0x30, 0x31, 0x06,
    0x03, 0x55, 0x04, 0x05, 0x13, 0x2A, 0x33, 0x31, 0x35, 0x39, 0x35, 0x2B, 0x62, 0x34, 0x32, 0x31,
    0x38, 0x66, 0x31, 0x33, 0x2D, 0x36, 0x66, 0x63, 0x61, 0x2D, 0x34, 0x39, 0x30, 0x66, 0x2D, 0x39,
    0x63, 0x34, 0x37, 0x2D, 0x33, 0x66, 0x63, 0x35, 0x35, 0x37, 0x64, 0x66, 0x63, 0x34, 0x34, 0x30,
    0x30, 0x1F, 0x06, 0x03, 0x55, 0x1D, 0x23, 0x04, 0x18, 0x30, 0x16, 0x80, 0x14, 0xCB, 0x11, 0xE8,
    0xCA, 0xD2, 0xB4, 0x16, 0x58, 0x01, 0xC9, 0x37, 0x2E, 0x33, 0x16, 0x16, 0xB9, 0x4C, 0x9A, 0x0A,
    0x1F, 0x30, 0x56, 0x06, 0x03, 0x55, 0x1D, 0x1F, 0x04, 0x4F, 0x30, 0x4D, 0x30, 0x4B, 0xA0, 0x49,
    0xA0, 0x47, 0x86, 0x45, 0x68, 0x74, 0x74, 0x70, 0x3A, 0x2F, 0x2F, 0x63, 0x72, 0x6C, 0x2E, 0x6D,
    0x69, 0x63, 0x72, 0x6F, 0x73, 0x6F, 0x66, 0x74, 0x2E, 0x63, 0x6F, 0x6D, 0x2F, 0x70, 0x6B, 0x69,
    0x2F, 0x63, 0x72, 0x6C, 0x2F, 0x70, 0x72, 0x6F, 0x64, 0x75, 0x63, 0x74, 0x73, 0x2F, 0x4D, 0x69,
    0x63, 0x43, 0x6F, 0x64, 0x53, 0x69, 0x67, 0x50, 0x43, 0x41, 0x5F, 0x30, 0x38, 0x2D, 0x33, 0x31,
    0x2D, 0x32, 0x30, 0x31, 0x30, 0x2E, 0x63, 0x72, 0x6C, 0x30, 0x5A, 0x06, 0x08, 0x2B, 0x06, 0x01,
    0x05, 0x05, 0x07, 0x01, 0x01, 0x04, 0x4E, 0x30, 0x4C, 0x30, 0x4A, 0x06, 0x08, 0x2B, 0x06, 0x01,
    0x05, 0x05, 0x07, 0x30, 0x02, 0x86, 0x3E, 0x68, 0x74, 0x74, 0x70, 0x3A, 0x2F, 0x2F, 0x77, 0x77,
    0x77, 0x2E, 0x6D, 0x69, 0x63, 0x72, 0x6F, 0x73, 0x6F, 0x66, 0x74, 0x2E, 0x63, 0x6F, 0x6D, 0x2F,
    0x70, 0x6B, 0x69, 0x2F, 0x63, 0x65, 0x72, 0x74, 0x73, 0x2F, 0x4D, 0x69, 0x63, 0x43, 0x6F, 0x64,
    0x53, 0x69, 0x67, 0x50, 0x43, 0x41, 0x5F, 0x30, 0x38, 0x2D, 0x33, 0x31, 0x2D, 0x32, 0x30, 0x31,
    0x30, 0x2E, 0x63, 0x72, 0x74, 0x30, 0x0D, 0x06, 0x09, 0x2A, 0x86, 0x48, 0x86, 0xF7, 0x0D, 0x01,
    0x01, 0x05, 0x05, 0x00, 0x03, 0x82, 0x01, 0x01, 0x00, 0x77, 0x5C, 0xEB, 0xD7, 0x91, 0x3D, 0xCD,
    0xBD, 0x7B, 0x83, 0xD9, 0x85, 0xA9, 0xB0, 0x43, 0x9D, 0x73, 0x7C, 0x17, 0xC9, 0x0F, 0xED, 0x36,
    0xDB, 0xC7, 0xB5, 0x2C, 0x1B, 0x5E, 0xFB, 0x54, 0x05, 0x3A, 0x83, 0x71, 0x40, 0x81, 0x09, 0xA2,
    0xB7, 0x71, 0x26, 0x5E, 0xD6, 0x7D, 0xB6, 0x6C, 0x3B, 0xC9, 0xAA, 0x5F, 0x5D, 0x03, 0x18, 0x2A,
    0x1D, 0x27, 0x7E, 0x07, 0xE9, 0xC5, 0x65, 0x1F, 0xB5, 0xCF, 0x0D, 0xB7, 0x54, 0xC7, 0x28, 0x38,
    0x5A, 0x88, 0xE7, 0x7B, 0xC1, 0x19, 0xB6, 0x56, 0x32, 0xBA, 0xE2, 0xCC, 0xCB, 0x93, 0xDB, 0xAF,
    0x6E, 0x0F, 0x5D, 0x44, 0xF5, 0xD4, 0xB0, 0xEF, 0x1B, 0xD5, 0x4E, 0xC1, 0xAF, 0x0E, 0xEF, 0x20,
    0x9B, 0xF2, 0xE1, 0xFE, 0x27, 0x5D, 0xE8, 0xC5, 0xFF, 0x61, 0xF6, 0x19, 0xD2, 0x28, 0x0A, 0x22,
    0x9D, 0xDF, 0xCD, 0x70, 0x82, 0x9E, 0x18, 0x72, 0xD8, 0x23, 0xCC, 0x7A, 0x2C, 0x43, 0xEE, 0xFF,
    0xEA, 0xC0, 0xE0, 0xE6, 0x1D, 0xAA, 0x9E, 0x97, 0x33, 0x00, 0x52, 0x6F, 0x07, 0xB8, 0xD3, 0x88,
    0x6C, 0xDE, 0xA4, 0x06, 0x35, 0xA7, 0xC2, 0x53, 0x86, 0x65, 0x11, 0x77, 0x09, 0x8F, 0x35, 0x59,
    0xB9, 0xD8, 0x86, 0xA8, 0x00, 0xFE, 0xF8, 0x31, 0x7D, 0x2C, 0xF4, 0x8C, 0x05, 0x9D, 0xC0, 0xC1,
    0xD5, 0x77, 0x72, 0x6C, 0xE9, 0x4D, 0x59, 0x26, 0x83, 0xF1, 0xC2, 0xB2, 0x88, 0x57, 0x93, 0x35,
    0x00, 0x7C, 0x50, 0x2B, 0xBC, 0x59, 0xFC, 0xFE, 0x1C, 0x29, 0x38, 0x82, 0xD3, 0xDE, 0x52, 0x97,
    0x45, 0x29, 0x18, 0x4E, 0x96, 0x5B, 0x9D, 0xBA, 0x5F, 0x1B, 0xA3, 0xF1, 0x27, 0x50, 0xEA, 0x07,
    0x95, 0xE8, 0x6D, 0x34, 0x0D, 0x38, 0x57, 0xDC, 0x37, 0x28, 0x35, 0x95, 0x3A, 0x38, 0x9C, 0xD4,
    0xED, 0x6A, 0x85, 0x5D, 0x0E, 0x22, 0x11, 0x5E, 0x7B, 0x30, 0x82, 0x05, 0xBC, 0x30, 0x82, 0x03,
    0xA4, 0xA0, 0x03, 0x02, 0x01, 0x02, 0x02, 0x0A, 0x61, 0x33, 0x26, 0x1A, 0x00, 0x00, 0x00, 0x00,
    0x00, 0x31, 0x30, 0x0D, 0x06, 0x09, 0x2A, 0x86, 0x48, 0x86, 0xF7, 0x0D, 0x01, 0x01, 0x05, 0x05,
    0x00, 0x30, 0x5F, 0x31, 0x13, 0x30, 0x11, 0x06, 0x0A, 0x09, 0x92, 0x26, 0x89, 0x93, 0xF2, 0x2C,
    0x64, 0x01, 0x19, 0x16, 0x03, 0x63, 0x6F, 0x6D, 0x31, 0x19, 0x30, 0x17, 0x06, 0x0A, 0x09, 0x92,
    0x26, 0x89, 0x93, 0xF2, 0x2C, 0x64, 0x01, 0x19, 0x16, 0x09, 0x6D, 0x69, 0x63, 0x72, 0x6F, 0x73,
    0x6F, 0x66, 0x74, 0x31, 0x2D, 0x30, 0x2B, 0x06, 0x03, 0x55, 0x04, 0x03, 0x13, 0x24, 0x4D, 0x69,
    0x63, 0x72, 0x6F, 0x73, 0x6F, 0x66, 0x74, 0x20, 0x52, 0x6F, 0x6F, 0x74, 0x20, 0x43, 0x65, 0x72,
    0x74, 0x69, 0x66, 0x69, 0x63, 0x61, 0x74, 0x65, 0x20, 0x41, 0x75, 0x74, 0x68, 0x6F, 0x72, 0x69,
    0x74, 0x79, 0x30, 0x1E, 0x17, 0x0D, 0x31, 0x30, 0x30, 0x38, 0x33, 0x31, 0x32, 0x32, 0x31, 0x39,
    0x33, 0x32, 0x5A, 0x17, 0x0D, 0x32, 0x30, 0x30, 0x38, 0x33, 0x31, 0x32, 0x32, 0x32, 0x39, 0x33,
    0x32, 0x5A, 0x30, 0x79, 0x31, 0x0B, 0x30, 0x09, 0x06, 0x03, 0x55, 0x04, 0x06, 0x13, 0x02, 0x55,
    0x53, 0x31, 0x13, 0x30, 0x11, 0x06, 0x03, 0x55, 0x04, 0x08, 0x13, 0x0A, 0x57, 0x61, 0x73, 0x68,
    0x69, 0x6E, 0x67, 0x74, 0x6F, 0x6E, 0x31, 0x10, 0x30, 0x0E, 0x06, 0x03, 0x55, 0x04, 0x07, 0x13,
    0x07, 0x52, 0x65, 0x64, 0x6D, 0x6F, 0x6E, 0x64, 0x31, 0x1E, 0x30, 0x1C, 0x06, 0x03, 0x55, 0x04,
    0x0A, 0x13, 0x15, 0x4D, 0x69, 0x63, 0x72, 0x6F, 0x73, 0x6F, 0x66, 0x74, 0x20, 0x43, 0x6F, 0x72,
    0x70, 0x6F, 0x72, 0x61, 0x74, 0x69, 0x6F, 0x6E, 0x31, 0x23, 0x30, 0x21, 0x06, 0x03, 0x55, 0x04,
    0x03, 0x13, 0x1A, 0x4D, 0x69, 0x63, 0x72, 0x6F, 0x73, 0x6F, 0x66, 0x74, 0x20, 0x43, 0x6F, 0x64,
    0x65, 0x20, 0x53, 0x69, 0x67, 0x6E, 0x69, 0x6E, 0x67, 0x20, 0x50, 0x43, 0x41, 0x30, 0x82, 0x01,
    0x22, 0x30, 0x0D, 0x06, 0x09, 0x2A, 0x86, 0x48, 0x86, 0xF7, 0x0D, 0x01, 0x01, 0x01, 0x05, 0x00,
    0x03, 0x82, 0x01, 0x0F, 0x00, 0x30, 0x82, 0x01, 0x0A, 0x02, 0x82, 0x01, 0x01, 0x00, 0xB2, 0x72,
    0x59, 0x5C, 0x19, 0x30, 0x64, 0xBF, 0x1D, 0x9A, 0x60, 0x20, 0x20, 0x42, 0x99, 0x76, 0x53, 0x6C,
    0x3E, 0x1B, 0xD6, 0x6F, 0xCC, 0xCB, 0xF1, 0xEA, 0x6B, 0xFE, 0x97, 0x16, 0x10, 0xE0, 0xDF, 0x3A,
    0x74, 0x83, 0x1A, 0xB7, 0x2F, 0xA0, 0x32, 0xEC, 0xFF, 0xDE, 0xC2, 0x42, 0x4E, 0x23, 0xD5, 0x72,
    0x00, 0xDB, 0x35, 0x57, 0x0A, 0x89, 0xCA, 0xAE, 0x20, 0x49, 0xF4, 0xF0, 0x68, 0xAC, 0x4D, 0x4B,
    0x8D, 0xA5, 0xBD, 0x79, 0x4B, 0x71, 0x9B, 0x47, 0x07, 0xDA, 0xFD, 0x25, 0xDF, 0x9D, 0x75, 0x88,
    0xCF, 0xAA, 0x73, 0x44, 0x7F, 0xD7, 0x81, 0xDB, 0xF3, 0xBD, 0xF2, 0x36, 0xA4, 0xC9, 0x5C, 0x45,
    0xDC, 0xAF, 0xAD, 0x3D, 0xE0, 0x28, 0x68, 0x97, 0x1A, 0xA7, 0xA5, 0x72, 0x73, 0x56, 0xF1, 0x17,
    0x94, 0xE4, 0xFD, 0x35, 0x94, 0x72, 0xA0, 0xD6, 0x76, 0x5F, 0x1E, 0x77, 0x45, 0x83, 0x85, 0x38,
    0x16, 0xD0, 0x73, 0x5B, 0x05, 0xBA, 0x67, 0x52, 0x8D, 0xA5, 0xB2, 0x69, 0x2F, 0xDA, 0x19, 0x0B,
    0xFE, 0x92, 0x74, 0x29, 0xE2, 0x76, 0x2F, 0x54, 0xDD, 0x14, 0x30, 0x59, 0xF8, 0xD2, 0x8D, 0x62,
    0xFD, 0xCB, 0xC9, 0x5F, 0x46, 0x31, 0x50, 0xB9, 0x27, 0x13, 0xE4, 0x40, 0x30, 0xCF, 0x72, 0x29,
    0x10, 0x28, 0x22, 0xC7, 0x37, 0x4E, 0x3D, 0xA0, 0x32, 0x3D, 0x90, 0xCD, 0xA1, 0x38, 0x06, 0x85,
    0x5C, 0x4E, 0x56, 0x82, 0x28, 0x2A, 0x05, 0x32, 0xB7, 0x4B, 0xD7, 0x4F, 0x63, 0xE7, 0xD2, 0x2D,
    0x62, 0xF1, 0x45, 0x3D, 0xE7, 0xAC, 0x08, 0x00, 0xF6, 0x46, 0xA1, 0x9E, 0xD1, 0x5B, 0x8C, 0x26,
    0x53, 0xE8, 0x7A, 0xAA, 0x4A, 0xF2, 0x46, 0xCF, 0x37, 0x3C, 0x38, 0x9E, 0xB4, 0x77, 0x5C, 0xA5,
    0x17, 0x9E, 0x8D, 0xCB, 0x11, 0x8F, 0x56, 0x3C, 0xC1, 0xAC, 0x09, 0x5F, 0x03, 0xD3, 0x02, 0x03,
    0x01, 0x00, 0x01, 0xA3, 0x82, 0x01, 0x5E, 0x30, 0x82, 0x01, 0x5A, 0x30, 0x0F, 0x06, 0x03, 0x55,
    0x1D, 0x13, 0x01, 0x01, 0xFF, 0x04, 0x05, 0x30, 0x03, 0x01, 0x01, 0xFF, 0x30, 0x1D, 0x06, 0x03,
    0x55, 0x1D, 0x0E, 0x04, 0x16, 0x04, 0x14, 0xCB, 0x11, 0xE8, 0xCA, 0xD2, 0xB4, 0x16, 0x58, 0x01,
    0xC9, 0x37, 0x2E, 0x33, 0x16, 0x16, 0xB9, 0x4C, 0x9A, 0x0A, 0x1F, 0x30, 0x0B, 0x06, 0x03, 0x55,
    0x1D, 0x0F, 0x04, 0x04, 0x03, 0x02, 0x01, 0x86, 0x30, 0x12, 0x06, 0x09, 0x2B, 0x06, 0x01, 0x04,
    0x01, 0x82, 0x37, 0x15, 0x01, 0x04, 0x05, 0x02, 0x03, 0x01, 0x00, 0x01, 0x30, 0x23, 0x06, 0x09,
    0x2B, 0x06, 0x01, 0x04, 0x01, 0x82, 0x37, 0x15, 0x02, 0x04, 0x16, 0x04, 0x14, 0xFD, 0xD1, 0x31,
    0x4E, 0xD3, 0x26, 0x8A, 0x95, 0xE1, 0x98, 0x60, 0x3B, 0xA8, 0x31, 0x6F, 0xA6, 0x3C, 0xBC, 0xD8,
    0x2D, 0x30, 0x19, 0x06, 0x09, 0x2B, 0x06, 0x01, 0x04, 0x01, 0x82, 0x37, 0x14, 0x02, 0x04, 0x0C,
    0x1E, 0x0A, 0x00, 0x53, 0x00, 0x75, 0x00, 0x62, 0x00, 0x43, 0x00, 0x41, 0x30, 0x1F, 0x06, 0x03,
    0x55, 0x1D, 0x23, 0x04, 0x18, 0x30, 0x16, 0x80, 0x14, 0x0E, 0xAC, 0x82, 0x60, 0x40, 0x56, 0x27,
    0x97, 0xE5, 0x25, 0x13, 0xFC, 0x2A, 0xE1, 0x0A, 0x53, 0x95, 0x59, 0xE4, 0xA4, 0x30, 0x50, 0x06,
    0x03, 0x55, 0x1D, 0x1F, 0x04, 0x49, 0x30, 0x47, 0x30, 0x45, 0xA0, 0x43, 0xA0, 0x41, 0x86, 0x3F,
    0x68, 0x74, 0x74, 0x70, 0x3A, 0x2F, 0x2F, 0x63, 0x72, 0x6C, 0x2E, 0x6D, 0x69, 0x63, 0x72, 0x6F,
    0x73, 0x6F, 0x66, 0x74, 0x2E, 0x63, 0x6F, 0x6D, 0x2F, 0x70, 0x6B, 0x69, 0x2F, 0x63, 0x72, 0x6C,
    0x2F, 0x70, 0x72, 0x6F, 0x64, 0x75, 0x63, 0x74, 0x73, 0x2F, 0x6D, 0x69, 0x63, 0x72, 0x6F, 0x73,
    0x6F, 0x66, 0x74, 0x72, 0x6F, 0x6F, 0x74, 0x63, 0x65, 0x72, 0x74, 0x2E, 0x63, 0x72, 0x6C, 0x30,
    0x54, 0x06, 0x08, 0x2B, 0x06, 0x01, 0x05, 0x05, 0x07, 0x01, 0x01, 0x04, 0x48, 0x30, 0x46, 0x30,
    0x44, 0x06, 0x08, 0x2B, 0x06, 0x01, 0x05, 0x05, 0x07, 0x30, 0x02, 0x86, 0x38, 0x68, 0x74, 0x74,
    0x70, 0x3A, 0x2F, 0x2F, 0x77, 0x77, 0x77, 0x2E, 0x6D, 0x69, 0x63, 0x72, 0x6F, 0x73, 0x6F, 0x66,
    0x74, 0x2E, 0x63, 0x6F, 0x6D, 0x2F, 0x70, 0x6B, 0x69, 0x2F, 0x63, 0x65, 0x72, 0x74, 0x73, 0x2F,
    0x4D, 0x69, 0x63, 0x72, 0x6F, 0x73, 0x6F, 0x66, 0x74, 0x52, 0x6F, 0x6F, 0x74, 0x43, 0x65, 0x72,
    0x74, 0x2E, 0x63, 0x72, 0x74, 0x30, 0x0D, 0x06, 0x09, 0x2A, 0x86, 0x48, 0x86, 0xF7, 0x0D, 0x01,
    0x01, 0x05, 0x05, 0x00, 0x03, 0x82, 0x02, 0x01, 0x00, 0x59, 0x39, 0x3E, 0x7F, 0x26, 0x46, 0xAF,
    0xEB, 0x6F, 0x40, 0xB1, 0x32, 0xB5, 0x6A, 0xEB, 0x0E, 0x2F, 0x6E, 0xA8, 0x49, 0xF7, 0xEB, 0x5F,
    0x75, 0xED, 0x4C, 0x3B, 0x2D, 0xD7, 0x43, 0xAD, 0x0B, 0xFE, 0xCB, 0xE9, 0x2D, 0x31, 0xA3, 0x23,
    0xCC, 0x7C, 0x50, 0x98, 0x80, 0x21, 0x5D, 0xAC, 0x3D, 0x2F, 0x4C, 0xBA, 0xA2, 0xA8, 0x56, 0x9C,
    0xE3, 0x70, 0xBB, 0xB8, 0xB4, 0xF8, 0x79, 0xB5, 0x49, 0x72, 0xF7, 0x3E, 0xEA, 0x41, 0x7F, 0xCA,
    0xE1, 0x0C, 0x17, 0x69, 0xCB, 0xA5, 0x9C, 0x20, 0x2D, 0xFA, 0x0B, 0x50, 0xC4, 0x56, 0xCD, 0x2D,
    0xE3, 0x4A, 0xD2, 0xBC, 0x70, 0xE7, 0xA8, 0x0D, 0xA2, 0x03, 0xA5, 0x56, 0xE0, 0xB8, 0x8A, 0x4B,
    0x57, 0xF2, 0x95, 0x42, 0x9C, 0xF1, 0xF3, 0xEF, 0xEE, 0xE3, 0x86, 0x1F, 0x34, 0x3C, 0xB8, 0x56,
    0x9A, 0xF0, 0x53, 0x23, 0x85, 0x2A, 0xA4, 0x82, 0x1C, 0x93, 0xE2, 0x94, 0x07, 0x1D, 0xF2, 0xE2,
    0x4E, 0xF8, 0x8C, 0xA1, 0xCA, 0xE8, 0x13, 0xA5, 0x91, 0x4E, 0xC8, 0x1B, 0xD2, 0x8F, 0x72, 0x95,
    0x2A, 0x71, 0x6D, 0x9B, 0x1A, 0xF8, 0x1C, 0xF0, 0x53, 0xD6, 0x67, 0xCC, 0x22, 0xFF, 0x5C, 0x1D,
    0xCD, 0xA2, 0x8C, 0xBD, 0x27, 0xB2, 0x79, 0x63, 0x56, 0x44, 0xA2, 0x51, 0xCD, 0xF9, 0xE9, 0xA3,
    0x58, 0x56, 0xDD, 0x9B, 0x02, 0x45, 0x44, 0x2F, 0x5F, 0xF4, 0xDA, 0xAE, 0xD4, 0x82, 0x32, 0x6E,
    0xFC, 0xA4, 0x95, 0x13, 0xE4, 0xEB, 0x69, 0xE7, 0xA9, 0xA2, 0x2C, 0xBE, 0xC8, 0x2B, 0x10, 0x0E,
    0x65, 0x8E, 0x99, 0xDB, 0xF5, 0xA2, 0xFA, 0x12, 0x26, 0x09, 0x65, 0x38, 0x94, 0xF1, 0x7A, 0x1F,
    0x4A, 0xBB, 0xD1, 0xE1, 0x56, 0xE8, 0xD0, 0x78, 0x96, 0x18, 0x5C, 0xC9, 0x35, 0x16, 0x5F, 0xDD,
    0x93, 0x1D, 0x49, 0x8E, 0x2D, 0xBE, 0xAD, 0x34, 0x44, 0x1C, 0xEE, 0x10, 0x15, 0x1A, 0x00, 0x5D,
    0xDD, 0x35, 0x5B, 0x21, 0xCE, 0x98, 0xC7, 0x09, 0xEE, 0x85, 0x0E, 0x8C, 0x4F, 0x6D, 0x0E, 0x13,
    0x4E, 0x3D, 0x7C, 0x29, 0x48, 0x9C, 0x72, 0xD1, 0xF3, 0x6C, 0xCA, 0xC1, 0xEC, 0x70, 0xA3, 0x57,
    0x92, 0x57, 0x7D, 0x94, 0x8D, 0xA0, 0x1B, 0x48, 0x03, 0x5A, 0xF7, 0xCF, 0xA3, 0x67, 0x0A, 0x74,
    0xA5, 0x36, 0xED, 0x2D, 0x2F, 0x17, 0xC8, 0xE6, 0x72, 0x37, 0x12, 0xF4, 0x6F, 0xB1, 0x3C, 0x67,
    0x82, 0xF9, 0x52, 0xB2, 0x8D, 0x33, 0x16, 0x65, 0x1E, 0x0E, 0x8A, 0xDD, 0x10, 0xDE, 0x64, 0xF4,
    0x6F, 0xCE, 0x46, 0xD4, 0xD3, 0x17, 0xE9, 0x79, 0xC4, 0x04, 0xB4, 0xD3, 0xFB, 0x2C, 0xDF, 0x1F,
    0x8A, 0x9E, 0xAC, 0x0A, 0xFB, 0x13, 0x27, 0x40, 0xAD, 0xE4, 0xF9, 0xE1, 0xA9, 0x7F, 0x46, 0xBB,
    0x07, 0x60, 0x47, 0x65, 0x60, 0x40, 0x4E, 0xB0, 0x42, 0xEC, 0x4E, 0xED, 0xB3, 0x76, 0x79, 0xD8,
    0x0A, 0x34, 0x09, 0x6D, 0x1C, 0x80, 0x31, 0x1F, 0xE2, 0x0E, 0x54, 0xDD, 0xE5, 0xA1, 0xFB, 0xE5,
    0x47, 0x10, 0xAD, 0x64, 0x98, 0xFF, 0x50, 0x16, 0x2E, 0x7C, 0xBF, 0x05, 0x21, 0x7A, 0xE2, 0x95,
    0x41, 0x27, 0x69, 0xC3, 0x93, 0x8F, 0x95, 0xC9, 0x8D, 0xD8, 0x9B, 0x21, 0xAE, 0x0D, 0x5C, 0x9C,
    0xF0, 0xA2, 0xAE, 0x86, 0x68, 0x83, 0x0C, 0x6A, 0x2D, 0xBB, 0x76, 0x6B, 0x00, 0x1D, 0x96, 0xAD,
    0xF2, 0x16, 0x7B, 0xF6, 0x16, 0x83, 0x24, 0xB9, 0x88, 0xCF, 0x6A, 0xA8, 0x47, 0x31, 0x2F, 0x9A,
    0xDC, 0xE3, 0x71, 0x3D, 0xD7, 0x00, 0x7E, 0x62, 0x47, 0xD1, 0xCE, 0x88, 0xC9, 0xB8, 0x18, 0xFA,
    0x0E, 0x72, 0x8D, 0xC1, 0xA3, 0x3D, 0xAF, 0x02, 0x40, 0x6A, 0xFF, 0x69, 0x9B, 0x96, 0xE2, 0x10,
    0xA8, 0x10, 0xB4, 0x37, 0x50, 0x08, 0xD6, 0xC3, 0x3D, 0x30, 0x82, 0x06, 0x07, 0x30, 0x82, 0x03,
    0xEF, 0xA0, 0x03, 0x02, 0x01, 0x02, 0x02, 0x0A, 0x61, 0x16, 0x68, 0x34, 0x00, 0x00, 0x00, 0x00,
    0x00, 0x1C, 0x30, 0x0D, 0x06, 0x09, 0x2A, 0x86, 0x48, 0x86, 0xF7, 0x0D, 0x01, 0x01, 0x05, 0x05,
    0x00, 0x30, 0x5F, 0x31, 0x13, 0x30, 0x11, 0x06, 0x0A, 0x09, 0x92, 0x26, 0x89, 0x93, 0xF2, 0x2C,
    0x64, 0x01, 0x19, 0x16, 0x03, 0x63, 0x6F, 0x6D, 0x31, 0x19, 0x30, 0x17, 0x06, 0x0A, 0x09, 0x92,
    0x26, 0x89, 0x93, 0xF2, 0x2C, 0x64, 0x01, 0x19, 0x16, 0x09, 0x6D, 0x69, 0x63, 0x72, 0x6F, 0x73,
    0x6F, 0x66, 0x74, 0x31, 0x2D, 0x30, 0x2B, 0x06, 0x03, 0x55, 0x04, 0x03, 0x13, 0x24, 0x4D, 0x69,
    0x63, 0x72, 0x6F, 0x73, 0x6F, 0x66, 0x74, 0x20, 0x52, 0x6F, 0x6F, 0x74, 0x20, 0x43, 0x65, 0x72,
    0x74, 0x69, 0x66, 0x69, 0x63, 0x61, 0x74, 0x65, 0x20, 0x41, 0x75, 0x74, 0x68, 0x6F, 0x72, 0x69,
    0x74, 0x79, 0x30, 0x1E, 0x17, 0x0D, 0x30, 0x37, 0x30, 0x34, 0x30, 0x33, 0x31, 0x32, 0x35, 0x33,
    0x30, 0x39, 0x5A, 0x17, 0x0D, 0x32, 0x31, 0x30, 0x34, 0x30, 0x33, 0x31, 0x33, 0x30, 0x33, 0x30,
    0x39, 0x5A, 0x30, 0x77, 0x31, 0x0B, 0x30, 0x09, 0x06, 0x03, 0x55, 0x04, 0x06, 0x13, 0x02, 0x55,
    0x53, 0x31, 0x13, 0x30, 0x11, 0x06, 0x03, 0x55, 0x04, 0x08, 0x13, 0x0A, 0x57, 0x61, 0x73, 0x68,
    0x69, 0x6E, 0x67, 0x74, 0x6F, 0x6E, 0x31, 0x10, 0x30, 0x0E, 0x06, 0x03, 0x55, 0x04, 0x07, 0x13,
    0x07, 0x52, 0x65, 0x64, 0x6D, 0x6F, 0x6E, 0x64, 0x31, 0x1E, 0x30, 0x1C, 0x06, 0x03, 0x55, 0x04,
    0x0A, 0x13, 0x15, 0x4D, 0x69, 0x63, 0x72, 0x6F, 0x73, 0x6F, 0x66, 0x74, 0x20, 0x43, 0x6F, 0x72,
    0x70, 0x6F, 0x72, 0x61, 0x74, 0x69, 0x6F, 0x6E, 0x31, 0x21, 0x30, 0x1F, 0x06, 0x03, 0x55, 0x04,
    0x03, 0x13, 0x18, 0x4D, 0x69, 0x63, 0x72, 0x6F, 0x73, 0x6F, 0x66, 0x74, 0x20, 0x54, 0x69, 0x6D,
    0x65, 0x2D, 0x53, 0x74, 0x61, 0x6D, 0x70, 0x20, 0x50, 0x43, 0x41, 0x30, 0x82, 0x01, 0x22, 0x30,
    0x0D, 0x06, 0x09, 0x2A, 0x86, 0x48, 0x86, 0xF7, 0x0D, 0x01, 0x01, 0x01, 0x05, 0x00, 0x03, 0x82,
    0x01, 0x0F, 0x00, 0x30, 0x82, 0x01, 0x0A, 0x02, 0x82, 0x01, 0x01, 0x00, 0x9F, 0xA1, 0x6C, 0xB1,
    0xDF, 0xDB, 0x48, 0x92, 0x2A, 0x7C, 0x6B, 0x2E, 0x19, 0xE1, 0xBD, 0xE2, 0xE3, 0xC5, 0x99, 0x51,
    0x23, 0x50, 0xAD, 0xCE, 0xDD, 0x18, 0x4E, 0x24, 0x0F, 0xEE, 0xD1, 0xA7, 0xD1, 0x4C, 0xAD, 0x74,
    0x30, 0x20, 0x11, 0xEB, 0x07, 0xD5, 0x54, 0x95, 0x15, 0x49, 0x94, 0x1B, 0x42, 0x92, 0xAE, 0x98,
    0x5C, 0x30, 0x26, 0xDA, 0x00, 0x6B, 0xE8, 0x7B, 0xBD, 0xEC, 0x89, 0x07, 0x0F, 0xF7, 0x0E, 0x04,
    0x98, 0xF0, 0x89, 0xCC, 0x1F, 0xCB, 0x33, 0x24, 0x87, 0x9D, 0xF2, 0xF4, 0x67, 0x1C, 0x2C, 0xFC,
    0x7B, 0xE7, 0x88, 0x1D, 0xEA, 0xE7, 0x4E, 0xA3, 0xA1, 0xC1, 0x23, 0x53, 0xCA, 0x8D, 0xFA, 0x45,
    0xCF, 0x09, 0xD0, 0x5E, 0xAF, 0xD0, 0xB0, 0x42, 0x04, 0xA2, 0xF9, 0xA6, 0x6C, 0x93, 0x67, 0xD7,
    0x28, 0xDC, 0x46, 0x53, 0xB0, 0x86, 0xD0, 0xE5, 0x28, 0x46, 0x2E, 0x27, 0xAC, 0x86, 0x4F, 0x55,
    0x52, 0x0C, 0xE4, 0x03, 0x2C, 0xFB, 0x6A, 0x90, 0x90, 0x30, 0x6E, 0x87, 0xF3, 0x59, 0x30, 0x9D,
    0xFA, 0x7E, 0xD6, 0x97, 0xB3, 0xE8, 0x21, 0x97, 0x7E, 0xF8, 0xD2, 0x13, 0xF3, 0x08, 0xB7, 0x53,
    0x6D, 0x52, 0xB4, 0x45, 0x90, 0x9F, 0x48, 0x00, 0x4A, 0x47, 0x66, 0x11, 0x27, 0x29, 0x66, 0xA8,
    0x97, 0xE4, 0xD3, 0x06, 0x81, 0x4A, 0xA2, 0xF9, 0x84, 0xA7, 0x11, 0x47, 0x14, 0x09, 0x82, 0x9F,
    0x84, 0xED, 0x55, 0x78, 0xFE, 0x01, 0x9A, 0x1D, 0x50, 0x08, 0x85, 0x00, 0x10, 0x30, 0x46, 0xED,
    0xB7, 0xDE, 0x23, 0x46, 0xBB, 0xC4, 0x2D, 0x54, 0x9F, 0xAF, 0x1E, 0x78, 0x41, 0x31, 0x77, 0xCC,
    0x9B, 0xDF, 0x3B, 0x83, 0x93, 0xA1, 0x61, 0x02, 0xB5, 0x1D, 0x0D, 0xB1, 0xFC, 0xF7, 0x9B, 0xB2,
    0x01, 0xCE, 0x22, 0x4B, 0x54, 0xFF, 0xF9, 0x05, 0xC3, 0xC2, 0x20, 0x0B, 0x02, 0x03, 0x01, 0x00,
    0x01, 0xA3, 0x82, 0x01, 0xAB, 0x30, 0x82, 0x01, 0xA7, 0x30, 0x0F, 0x06, 0x03, 0x55, 0x1D, 0x13,
    0x01, 0x01, 0xFF, 0x04, 0x05, 0x30, 0x03, 0x01, 0x01, 0xFF, 0x30, 0x1D, 0x06, 0x03, 0x55, 0x1D,
    0x0E, 0x04, 0x16, 0x04, 0x14, 0x23, 0x34, 0xF8, 0xD9, 0x52, 0x46, 0x70, 0x0A, 0xED, 0x40, 0xFB,
    0x76, 0xFB, 0xB3, 0x2B, 0xB0, 0xC3, 0x35, 0xB3, 0x0F, 0x30, 0x0B, 0x06, 0x03, 0x55, 0x1D, 0x0F,
    0x04, 0x04, 0x03, 0x02, 0x01, 0x86, 0x30, 0x10, 0x06, 0x09, 0x2B, 0x06, 0x01, 0x04, 0x01, 0x82,
    0x37, 0x15, 0x01, 0x04, 0x03, 0x02, 0x01, 0x00, 0x30, 0x81, 0x98, 0x06, 0x03, 0x55, 0x1D, 0x23,
    0x04, 0x81, 0x90, 0x30, 0x81, 0x8D, 0x80, 0x14, 0x0E, 0xAC, 0x82, 0x60, 0x40, 0x56, 0x27, 0x97,
    0xE5, 0x25, 0x13, 0xFC, 0x2A, 0xE1, 0x0A, 0x53, 0x95, 0x59, 0xE4, 0xA4, 0xA1, 0x63, 0xA4, 0x61,
    0x30, 0x5F, 0x31, 0x13, 0x30, 0x11, 0x06, 0x0A, 0x09, 0x92, 0x26, 0x89, 0x93, 0xF2, 0x2C, 0x64,
    0x01, 0x19, 0x16, 0x03, 0x63, 0x6F, 0x6D, 0x31, 0x19, 0x30, 0x17, 0x06, 0x0A, 0x09, 0x92, 0x26,
    0x89, 0x93, 0xF2, 0x2C, 0x64, 0x01, 0x19, 0x16, 0x09, 0x6D, 0x69, 0x63, 0x72, 0x6F, 0x73, 0x6F,
    0x66, 0x74, 0x31, 0x2D, 0x30, 0x2B, 0x06, 0x03, 0x55, 0x04, 0x03, 0x13, 0x24, 0x4D, 0x69, 0x63,
    0x72, 0x6F, 0x73, 0x6F, 0x66, 0x74, 0x20, 0x52, 0x6F, 0x6F, 0x74, 0x20, 0x43, 0x65, 0x72, 0x74,
    0x69, 0x66, 0x69, 0x63, 0x61, 0x74, 0x65, 0x20, 0x41, 0x75, 0x74, 0x68, 0x6F, 0x72, 0x69, 0x74,
    0x79, 0x82, 0x10, 0x79, 0xAD, 0x16, 0xA1, 0x4A, 0xA0, 0xA5, 0xAD, 0x4C, 0x73, 0x58, 0xF4, 0x07,
    0x13, 0x2E, 0x65, 0x30, 0x50, 0x06, 0x03, 0x55, 0x1D, 0x1F, 0x04, 0x49, 0x30, 0x47, 0x30, 0x45,
    0xA0, 0x43, 0xA0, 0x41, 0x86, 0x3F, 0x68, 0x74, 0x74, 0x70, 0x3A, 0x2F, 0x2F, 0x63, 0x72, 0x6C,
    0x2E, 0x6D, 0x69, 0x63, 0x72, 0x6F, 0x73, 0x6F, 0x66, 0x74, 0x2E, 0x63, 0x6F, 0x6D, 0x2F, 0x70,
    0x6B, 0x69, 0x2F, 0x63, 0x72, 0x6C, 0x2F, 0x70, 0x72, 0x6F, 0x64, 0x75, 0x63, 0x74, 0x73, 0x2F,
    0x6D, 0x69, 0x63, 0x72, 0x6F, 0x73, 0x6F, 0x66, 0x74, 0x72, 0x6F, 0x6F, 0x74, 0x63, 0x65, 0x72,
    0x74, 0x2E, 0x63, 0x72, 0x6C, 0x30, 0x54, 0x06, 0x08, 0x2B, 0x06, 0x01, 0x05, 0x05, 0x07, 0x01,
    0x01, 0x04, 0x48, 0x30, 0x46, 0x30, 0x44, 0x06, 0x08, 0x2B, 0x06, 0x01, 0x05, 0x05, 0x07, 0x30,
    0x02, 0x86, 0x38, 0x68, 0x74, 0x74, 0x70, 0x3A, 0x2F, 0x2F, 0x77, 0x77, 0x77, 0x2E, 0x6D, 0x69,
    0x63, 0x72, 0x6F, 0x73, 0x6F, 0x66, 0x74, 0x2E, 0x63, 0x6F, 0x6D, 0x2F, 0x70, 0x6B, 0x69, 0x2F,
    0x63, 0x65, 0x72, 0x74, 0x73, 0x2F, 0x4D, 0x69, 0x63, 0x72, 0x6F, 0x73, 0x6F, 0x66, 0x74, 0x52,
    0x6F, 0x6F, 0x74, 0x43, 0x65, 0x72, 0x74, 0x2E, 0x63, 0x72, 0x74, 0x30, 0x13, 0x06, 0x03, 0x55,
    0x1D, 0x25, 0x04, 0x0C, 0x30, 0x0A, 0x06, 0x08, 0x2B, 0x06, 0x01, 0x05, 0x05, 0x07, 0x03, 0x08,
    0x30, 0x0D, 0x06, 0x09, 0x2A, 0x86, 0x48, 0x86, 0xF7, 0x0D, 0x01, 0x01, 0x05, 0x05, 0x00, 0x03,
    0x82, 0x02, 0x01, 0x00, 0x10, 0x97, 0x8A, 0xC3, 0x5C, 0x03, 0x44, 0x36, 0xDD, 0xE9, 0xB4, 0xAD,
    0x77, 0xDB, 0xCE, 0x79, 0x51, 0x4D, 0x01, 0xB1, 0x2E, 0x74, 0x71, 0x5B, 0x6D, 0x0C, 0x13, 0xAB,
    0xCE, 0xBE, 0x7B, 0x8F, 0xB8, 0x2E, 0xD4, 0x12, 0xA2, 0x8C, 0x6D, 0x62, 0xB8, 0x57, 0x02, 0xCB,
    0x4E, 0x20, 0x13, 0x50, 0x99, 0xDD, 0x7A, 0x40, 0xE2, 0x57, 0xBB, 0xAF, 0x58, 0x9A, 0x1C, 0xE1,
    0x1D, 0x01, 0x86, 0xAC, 0xBB, 0x78, 0xF2, 0x8B, 0xD0, 0xEC, 0x3B, 0x01, 0xEE, 0xE2, 0xBE, 0x8F,
    0x0A, 0x05, 0xC8, 0x8D, 0x48, 0xE2, 0xF0, 0x53, 0x15, 0xDD, 0x4F, 0xAB, 0x92, 0xE4, 0xE7, 0x8D,
    0x6A, 0xD5, 0x80, 0xC1, 0xE6, 0x94, 0xF2, 0x06, 0x2F, 0x85, 0x03, 0xE9, 0x91, 0x2A, 0x24, 0x22,
    0x70, 0xFB, 0xF6, 0xFC, 0xE4, 0x78, 0x99, 0x2E, 0x0D, 0xF7, 0x07, 0xE2, 0x70, 0xBC, 0x18, 0x4E,
    0x9D, 0x8E, 0x6B, 0x0A, 0x72, 0x95, 0xB8, 0xA1, 0x39, 0x9C, 0x67, 0x2D, 0xC5, 0x51, 0x0E, 0xEA,
    0x62, 0x5C, 0x3F, 0x16, 0x98, 0x8B, 0x20, 0x3F, 0xE2, 0x07, 0x1A, 0x32, 0xF9, 0xCC, 0x31, 0x4A,
    0x76, 0x31, 0x3D, 0x2B, 0x72, 0x0B, 0xC8, 0xEA, 0x70, 0x3D, 0xFF, 0x85, 0x0A, 0x13, 0xDF, 0xC2,
    0x0A, 0x61, 0x8E, 0xF0, 0xD7, 0xB8, 0x17, 0xEB, 0x4E, 0x8B, 0x7F, 0xC5, 0x35, 0x2B, 0x5E, 0xA3,
    0xBF, 0xEB, 0xBC, 0x7D, 0x0B, 0x42, 0x7B, 0xD4, 0x53, 0x72, 0x21, 0xEE, 0x30, 0xCA, 0xBB, 0x78,
    0x65, 0x5C, 0x5B, 0x01, 0x17, 0x0A, 0x14, 0x0E, 0xD2, 0xDA, 0x14, 0x98, 0xF5, 0x3C, 0xB9, 0x66,
    0x58, 0xB3, 0x2D, 0x2F, 0xE7, 0xF9, 0x85, 0x86, 0xCC, 0x51, 0x56, 0xE8, 0x9D, 0x70, 0x94, 0x6C,
    0xAC, 0x39, 0x4C, 0xD4, 0xF6, 0x79, 0xBF, 0xAA, 0x18, 0x7A, 0x62, 0x29, 0xEF, 0xA2, 0x9B, 0x29,
    0x34, 0x06, 0x77, 0x1A, 0x62, 0xC9, 0x3D, 0x1E, 0x6D, 0x1F, 0x82, 0xF0, 0x0B, 0xC7, 0x2C, 0xBB,
    0xCF, 0x43, 0xB3, 0xE5, 0xF9, 0xEC, 0x7D, 0xB5, 0xE3, 0xA4, 0xA8, 0x74, 0x35, 0xB8, 0x4E, 0xC5,
    0x71, 0x23, 0x12, 0x26, 0x76, 0x0B, 0x3C, 0x52, 0x8C, 0x71, 0x5A, 0x46, 0x43, 0x14, 0xBC, 0xB3,
    0xB3, 0xB0, 0x4D, 0x67, 0xC8, 0x9F, 0x42, 0xFF, 0x80, 0x79, 0x21, 0x80, 0x9E, 0x15, 0x30, 0x66,
    0xE8, 0x42, 0x12, 0x5E, 0x1A, 0xC8, 0x9E, 0x22, 0x21, 0xD0, 0x43, 0xE9, 0x2B, 0xE9, 0xBB, 0xF4,
    0x48, 0xCC, 0x2C, 0xD4, 0xD8, 0x32, 0x80, 0x4C, 0x26, 0x2A, 0x48, 0x24, 0x5F, 0x5A, 0xEA, 0x56,
    0xEF, 0xA6, 0xDE, 0x99, 0x9D, 0xCA, 0x3A, 0x6F, 0xBD, 0x81, 0x27, 0x74, 0x06, 0x11, 0xEE, 0x76,
    0x21, 0xBF, 0x9B, 0x82, 0xC1, 0x27, 0x54, 0xB6, 0xB1, 0x6A, 0x3D, 0x89, 0xA1, 0x76, 0x61, 0xB4,
    0x6E, 0xA1, 0x13, 0xA6, 0xBF, 0xAA, 0x47, 0xF0, 0x12, 0x6F, 0xFD, 0x8A, 0x32, 0x6C, 0xB2, 0xFE,
    0xDF, 0x51, 0xC8, 0x8C, 0x23, 0xC9, 0x66, 0xBD, 0x9D, 0x1D, 0x87, 0x12, 0x64, 0x02, 0x3D, 0x2D,
    0xAF, 0x59, 0x8F, 0xB8, 0xE4, 0x21, 0xE5, 0xB5, 0xB0, 0xCA, 0x63, 0xB4, 0x78, 0x54, 0x05, 0xD4,
    0x41, 0x2E, 0x50, 0xAC, 0x94, 0xB0, 0xA5, 0x78, 0xAB, 0xB3, 0xA0, 0x96, 0x75, 0x1A, 0xD9, 0x92,
    0x87, 0x13, 0x75, 0x22, 0x2F, 0x32, 0xA8, 0x08, 0x6E, 0xA0, 0x5B, 0x8C, 0x25, 0xBF, 0xA0, 0xEF,
    0x84, 0xCA, 0x21, 0xD6, 0xEB, 0x1E, 0x4F, 0xC9, 0x9A, 0xEE, 0x49, 0xE0, 0xF7, 0x01, 0x65, 0x6F,
    0x89, 0x0B, 0x7D, 0xC8, 0x69, 0xC8, 0xE6, 0x6E, 0xEA, 0xA7, 0x97, 0xCE, 0x31, 0x29, 0xFF, 0x0E,
    0xC5, 0x5B, 0x5C, 0xD8, 0x4D, 0x1B, 0xA1, 0xD8, 0xFA, 0x2F, 0x9E, 0x3F, 0x2E, 0x55, 0x16, 0x6B,
    0xC9, 0x13, 0xA3, 0xFD, 0x31, 0x82, 0x04, 0xAB, 0x30, 0x82, 0x04, 0xA7, 0x02, 0x01, 0x01, 0x30,
    0x81, 0x90, 0x30, 0x79, 0x31, 0x0B, 0x30, 0x09, 0x06, 0x03, 0x55, 0x04, 0x06, 0x13, 0x02, 0x55,
    0x53, 0x31, 0x13, 0x30, 0x11, 0x06, 0x03, 0x55, 0x04, 0x08, 0x13, 0x0A, 0x57, 0x61, 0x73, 0x68,
    0x69, 0x6E, 0x67, 0x74, 0x6F, 0x6E, 0x31, 0x10, 0x30, 0x0E, 0x06, 0x03, 0x55, 0x04, 0x07, 0x13,
    0x07, 0x52, 0x65, 0x64, 0x6D, 0x6F, 0x6E, 0x64, 0x31, 0x1E, 0x30, 0x1C, 0x06, 0x03, 0x55, 0x04,
    0x0A, 0x13, 0x15, 0x4D, 0x69, 0x63, 0x72, 0x6F, 0x73, 0x6F, 0x66, 0x74, 0x20, 0x43, 0x6F, 0x72,
    0x70, 0x6F, 0x72, 0x61, 0x74, 0x69, 0x6F, 0x6E, 0x31, 0x23, 0x30, 0x21, 0x06, 0x03, 0x55, 0x04,
    0x03, 0x13, 0x1A, 0x4D, 0x69, 0x63, 0x72, 0x6F, 0x73, 0x6F, 0x66, 0x74, 0x20, 0x43, 0x6F, 0x64,
    0x65, 0x20, 0x53, 0x69, 0x67, 0x6E, 0x69, 0x6E, 0x67, 0x20, 0x50, 0x43, 0x41, 0x02, 0x13, 0x33,
    0x00, 0x00, 0x00, 0xCA, 0x6C, 0xD5, 0x32, 0x12, 0x35, 0xC4, 0xE1, 0x55, 0x00, 0x01, 0x00, 0x00,
    0x00, 0xCA, 0x30, 0x09, 0x06, 0x05, 0x2B, 0x0E, 0x03, 0x02, 0x1A, 0x05, 0x00, 0xA0, 0x81, 0xC4,
    0x30, 0x19, 0x06, 0x09, 0x2A, 0x86, 0x48, 0x86, 0xF7, 0x0D, 0x01, 0x09, 0x03, 0x31, 0x0C, 0x06,
    0x0A, 0x2B, 0x06, 0x01, 0x04, 0x01, 0x82, 0x37, 0x02, 0x01, 0x04, 0x30, 0x1C, 0x06, 0x0A, 0x2B,
    0x06, 0x01, 0x04, 0x01, 0x82, 0x37, 0x02, 0x01, 0x0B, 0x31, 0x0E, 0x30, 0x0C, 0x06, 0x0A, 0x2B,
    0x06, 0x01, 0x04, 0x01, 0x82, 0x37, 0x02, 0x01, 0x15, 0x30, 0x23, 0x06, 0x09, 0x2A, 0x86, 0x48,
    0x86, 0xF7, 0x0D, 0x01, 0x09, 0x04, 0x31, 0x16, 0x04, 0x14, 0xDD, 0x3C, 0xC4, 0x30, 0x22, 0xF5,
    0x65, 0xE4, 0xAC, 0x0D, 0x22, 0x9F, 0x04, 0x44, 0x99, 0x21, 0xB3, 0x95, 0x62, 0xF1, 0x30, 0x64,
    0x06, 0x0A, 0x2B, 0x06, 0x01, 0x04, 0x01, 0x82, 0x37, 0x02, 0x01, 0x0C, 0x31, 0x56, 0x30, 0x54,
    0xA0, 0x2A, 0x80, 0x28, 0x00, 0x4D, 0x00, 0x69, 0x00, 0x63, 0x00, 0x72, 0x00, 0x6F, 0x00, 0x73,
    0x00, 0x6F, 0x00, 0x66, 0x00, 0x74, 0x00, 0x20, 0x00, 0x54, 0x00, 0x79, 0x00, 0x70, 0x00, 0x6F,
    0x00, 0x67, 0x00, 0x72, 0x00, 0x61, 0x00, 0x70, 0x00, 0x68, 0x00, 0x79, 0xA1, 0x26, 0x80, 0x24,
    0x68, 0x74, 0x74, 0x70, 0x3A, 0x2F, 0x2F, 0x77, 0x77, 0x77, 0x2E, 0x6D, 0x69, 0x63, 0x72, 0x6F,
    0x73, 0x6F, 0x66, 0x74, 0x2E, 0x63, 0x6F, 0x6D, 0x2F, 0x74, 0x79, 0x70, 0x6F, 0x67, 0x72, 0x61,
    0x70, 0x68, 0x79, 0x20, 0x30, 0x0D, 0x06, 0x09, 0x2A, 0x86, 0x48, 0x86, 0xF7, 0x0D, 0x01, 0x01,
    0x01, 0x05, 0x00, 0x04, 0x82, 0x01, 0x00, 0x58, 0x0D, 0xFC, 0x32, 0x75, 0x07, 0x99, 0xF0, 0xD8,
    0xB2, 0x7A, 0xA9, 0x25, 0x2B, 0x4B, 0x87, 0xB3, 0x64, 0xC2, 0xA3, 0x57, 0x38, 0x4E, 0x58, 0x6E,
    0x22, 0xD9, 0x92, 0xBB, 0x90, 0x70, 0xF8, 0x5A, 0x78, 0xFB, 0x57, 0xBC, 0x84, 0x1E, 0x89, 0x8C,
    0x70, 0x93, 0xAA, 0xC8, 0x07, 0xC0, 0xEA, 0xE5, 0xCA, 0x5F, 0x94, 0xAE, 0xD4, 0xCF, 0xBE, 0x5F,
    0x5A, 0x06, 0xD6, 0xD0, 0x40, 0x44, 0xCD, 0x20, 0x61, 0xFA, 0xC5, 0xF1, 0xBE, 0xBE, 0x32, 0xCA,
    0x01, 0x84, 0x75, 0x02, 0xDD, 0x8F, 0xC8, 0x89, 0xD6, 0xA1, 0x42, 0x68, 0xBE, 0x24, 0xAA, 0x3E,
    0xA0, 0x74, 0x8B, 0x12, 0x43, 0x7F, 0x5B, 0x26, 0x1D, 0xA7, 0xD4, 0x5B, 0x97, 0x51, 0x85, 0xFE,
    0x41, 0xD3, 0x9A, 0xD1, 0x2A, 0xD8, 0x33, 0xDB, 0xC1, 0x66, 0x86, 0x2E, 0x7A, 0x8E, 0x16, 0xDA,
    0xCA, 0x57, 0x62, 0x47, 0x15, 0x19, 0xFD, 0xC1, 0xA3, 0x42, 0x6D, 0x80, 0xF0, 0xFD, 0x81, 0x68,
    0xDB, 0x56, 0x95, 0x76, 0x6F, 0xDA, 0x8F, 0xE8, 0x9F, 0x33, 0x3B, 0x56, 0xDA, 0xA9, 0xF6, 0x14,
    0x55, 0x0B, 0x35, 0x7F, 0x61, 0x7B, 0x17, 0x71, 0xE7, 0x88, 0x1D, 0x44, 0xD5, 0x89, 0x31, 0x7F,
    0x61, 0x1D, 0xB5, 0x9E, 0x18, 0xDD, 0xF6, 0xB1, 0x95, 0x12, 0x96, 0x44, 0xF4, 0x1E, 0xB1, 0x2A,
    0x4B, 0x53, 0x22, 0x84, 0x42, 0x38, 0xD2, 0xFF, 0x0B, 0x22, 0xC5, 0x30, 0x5A, 0x9B, 0xA5, 0xDD,
    0xFC, 0x44, 0x8F, 0x89, 0x06, 0x51, 0x5E, 0x22, 0x80, 0x4F, 0xB3, 0xA7, 0xA7, 0x32, 0xC8, 0x48,
    0x58, 0x1D, 0x2C, 0x7F, 0x0F, 0xF7, 0x7C, 0xD5, 0x5C, 0x61, 0xAB, 0x86, 0xB4, 0x02, 0xAC, 0x1F,
    0xC0, 0xEC, 0xAF, 0x12, 0x42, 0xAA, 0x80, 0xC2, 0xD1, 0x8F, 0xFC, 0x24, 0x9E, 0xE6, 0x0E, 0x48,
    0xC9, 0x51, 0x49, 0x50, 0xD8, 0x4B, 0xCF, 0xA1, 0x82, 0x02, 0x28, 0x30, 0x82, 0x02, 0x24, 0x06,
    0x09, 0x2A, 0x86, 0x48, 0x86, 0xF7, 0x0D, 0x01, 0x09, 0x06, 0x31, 0x82, 0x02, 0x15, 0x30, 0x82,
    0x02, 0x11, 0x02, 0x01, 0x01, 0x30, 0x81, 0x8E, 0x30, 0x77, 0x31, 0x0B, 0x30, 0x09, 0x06, 0x03,
    0x55, 0x04, 0x06, 0x13, 0x02, 0x55, 0x53, 0x31, 0x13, 0x30, 0x11, 0x06, 0x03, 0x55, 0x04, 0x08,
    0x13, 0x0A, 0x57, 0x61, 0x73, 0x68, 0x69, 0x6E, 0x67, 0x74, 0x6F, 0x6E, 0x31, 0x10, 0x30, 0x0E,
    0x06, 0x03, 0x55, 0x04, 0x07, 0x13, 0x07, 0x52, 0x65, 0x64, 0x6D, 0x6F, 0x6E, 0x64, 0x31, 0x1E,
    0x30, 0x1C, 0x06, 0x03, 0x55, 0x04, 0x0A, 0x13, 0x15, 0x4D, 0x69, 0x63, 0x72, 0x6F, 0x73, 0x6F,
    0x66, 0x74, 0x20, 0x43, 0x6F, 0x72, 0x70, 0x6F, 0x72, 0x61, 0x74, 0x69, 0x6F, 0x6E, 0x31, 0x21,
    0x30, 0x1F, 0x06, 0x03, 0x55, 0x04, 0x03, 0x13, 0x18, 0x4D, 0x69, 0x63, 0x72, 0x6F, 0x73, 0x6F,
    0x66, 0x74, 0x20, 0x54, 0x69, 0x6D, 0x65, 0x2D, 0x53, 0x74, 0x61, 0x6D, 0x70, 0x20, 0x50, 0x43,
    0x41, 0x02, 0x13, 0x33, 0x00, 0x00, 0x00, 0x71, 0xB3, 0x2E, 0x8A, 0x6B, 0x82, 0xAA, 0x1F, 0x4E,
    0x00, 0x00, 0x00, 0x00, 0x00, 0x71, 0x30, 0x09, 0x06, 0x05, 0x2B, 0x0E, 0x03, 0x02, 0x1A, 0x05,
    0x00, 0xA0, 0x5D, 0x30, 0x18, 0x06, 0x09, 0x2A, 0x86, 0x48, 0x86, 0xF7, 0x0D, 0x01, 0x09, 0x03,
    0x31, 0x0B, 0x06, 0x09, 0x2A, 0x86, 0x48, 0x86, 0xF7, 0x0D, 0x01, 0x07, 0x01, 0x30, 0x1C, 0x06,
    0x09, 0x2A, 0x86, 0x48, 0x86, 0xF7, 0x0D, 0x01, 0x09, 0x05, 0x31, 0x0F, 0x17, 0x0D, 0x31, 0x35,
    0x30, 0x34, 0x31, 0x34, 0x32, 0x31, 0x33, 0x36, 0x34, 0x37, 0x5A, 0x30, 0x23, 0x06, 0x09, 0x2A,
    0x86, 0x48, 0x86, 0xF7, 0x0D, 0x01, 0x09, 0x04, 0x31, 0x16, 0x04, 0x14, 0xA7, 0x93, 0x49, 0x63,
    0xA7, 0x08, 0x28, 0x50, 0xF0, 0x22, 0x3F, 0x2E, 0xC8, 0x76, 0x85, 0x25, 0xC5, 0x69, 0xAD, 0x4B,
    0x30, 0x0D, 0x06, 0x09, 0x2A, 0x86, 0x48, 0x86, 0xF7, 0x0D, 0x01, 0x01, 0x05, 0x05, 0x00, 0x04,
    0x82, 0x01, 0x00, 0x5C, 0xD6, 0x17, 0x8B, 0x0E, 0xB9, 0x96, 0xDE, 0x34, 0x90, 0x7D, 0x8F, 0x6C,
    0xD0, 0xFE, 0x72, 0xEE, 0x9D, 0xA9, 0xF0, 0x7D, 0xAC, 0x9A, 0x75, 0x21, 0x9B, 0xF4, 0x71, 0x9E,
    0xE7, 0xF2, 0xB5, 0xE1, 0x52, 0x45, 0x19, 0x5C, 0xFA, 0x80, 0x40, 0x8E, 0x47, 0x71, 0x72, 0x83,
    0xDC, 0x3C, 0x01, 0x79, 0xAB, 0x83, 0xF9, 0x03, 0xA0, 0xF3, 0x37, 0x6D, 0x72, 0x8D, 0x97, 0x9D,
    0x03, 0x53, 0x9A, 0xE3, 0x55, 0xFF, 0x9D, 0xDF, 0xFD, 0xFA, 0xF7, 0x2D, 0x8C, 0x18, 0xFC, 0xF4,
    0xE2, 0x31, 0x5A, 0x04, 0xC5, 0x7E, 0x0C, 0xFC, 0x63, 0xE5, 0x67, 0x3D, 0x63, 0xB7, 0x27, 0xB1,
    0x9F, 0x57, 0x08, 0x6D, 0x2B, 0xD8, 0x0D, 0xC6, 0xB8, 0xF6, 0x06, 0x49, 0xD4, 0x46, 0x23, 0x74,
    0x86, 0x08, 0x5B, 0x24, 0x94, 0xFB, 0xF8, 0x09, 0xEA, 0x04, 0x65, 0x56, 0x65, 0xA7, 0xE5, 0x19,
    0x7A, 0xF1, 0x40, 0x8D, 0x21, 0xEC, 0xCE, 0x3E, 0x3D, 0xDD, 0x98, 0x98, 0xA7, 0xE5, 0x25, 0x71,
    0x4E, 0x77, 0x1A, 0xDA, 0xA2, 0x72, 0xD4, 0x39, 0xC5, 0xDA, 0x3E, 0x99, 0xE0, 0x17, 0xE8, 0x9D,
    0xB3, 0xA3, 0xE0, 0xCE, 0x8F, 0xE6, 0x77, 0xD0, 0x16, 0xB4, 0xDC, 0x24, 0x9C, 0x04, 0x2A, 0x7F,
    0x63, 0xA2, 0x0C, 0x44, 0x9C, 0xEF, 0x8F, 0x3E, 0xA8, 0x5B, 0x9A, 0x78, 0x60, 0x26, 0xE2, 0xC8,
    0xCE, 0x43, 0xEE, 0x71, 0x1B, 0xD9, 0x1E, 0x1C, 0x6C, 0x04, 0x4E, 0x84, 0x5D, 0x09, 0xAD, 0x04,
    0xFB, 0x2A, 0xFC, 0xFA, 0x25, 0x35, 0xEF, 0x4E, 0x9D, 0x18, 0x85, 0xC1, 0x49, 0xF1, 0x55, 0xE4,
    0x25, 0x6B, 0xB5, 0xE7, 0xC6, 0xC1, 0xCB, 0x90, 0x3C, 0x77, 0x6C, 0x1D, 0x80, 0xB4, 0x59, 0xEB,
    0xF0, 0x97, 0xBE, 0xD9, 0xDC, 0x7E, 0xFD, 0x05, 0xC8, 0xA3, 0x15, 0xD1, 0x24, 0xE7, 0x83, 0x1A,
    0x39, 0xCB, 0x1D, 0x00,
};

#endif
